gauge_id,dwood_perc_1990,ewood_perc_1990,grass_perc_1990,shrub_perc_1990,crop_perc_1990,urban_perc_1990,inwater_perc_1990,bares_perc_1990,dwood_perc_2015,ewood_perc_2015,grass_perc_2015,shrub_perc_2015,crop_perc_2015,urban_perc_2015,inwater_perc_2015,bares_perc_2015,dwood_perc_2017,ewood_perc_2017,grass_perc_2017,shrub_perc_2017,crop_perc_2017,urban_perc_2017,inwater_perc_2017,bares_perc_2017,dwood_perc_2018,ewood_perc_2018,grass_perc_2018,shrub_perc_2018,crop_perc_2018,urban_perc_2018,inwater_perc_2018,bares_perc_2018,dwood_perc_2019,ewood_perc_2019,grass_perc_2019,shrub_perc_2019,crop_perc_2019,urban_perc_2019,inwater_perc_2019,bares_perc_2019,dwood_perc_2020,ewood_perc_2020,grass_perc_2020,shrub_perc_2020,crop_perc_2020,urban_perc_2020,inwater_perc_2020,bares_perc_2020,dwood_perc_2021,ewood_perc_2021,grass_perc_2021,shrub_perc_2021,crop_perc_2021,urban_perc_2021,inwater_perc_2021,bares_perc_2021,dwood_perc_2022,ewood_perc_2022,grass_perc_2022,shrub_perc_2022,crop_perc_2022,urban_perc_2022,inwater_perc_2022,bares_perc_2022
10002,2.68,2.03,43.88,9.02,41.31,0.97,0.09,0.02,3.93,5.34,42.51,6.10,40.31,1.68,0.13,0.00,5.76,4.11,42.78,5.66,39.55,2.02,0.13,0.00,5.64,4.11,45.20,5.32,37.71,1.88,0.14,0.00,6.73,4.20,43.17,4.65,39.16,2.00,0.09,0.00,6.68,3.68,44.11,4.82,38.65,1.98,0.02,0.00,6.51,3.41,40.29,6.52,40.79,2.37,0.10,0.01,5.23,3.97,41.33,5.65,41.69,1.99,0.11,0.01
10003,2.99,1.99,39.68,0.51,54.31,0.46,0.05,0.01,4.71,2.91,36.92,0.35,54.05,0.96,0.06,0.03,6.31,1.88,38.38,0.10,51.93,1.33,0.07,0.00,6.32,1.90,39.12,0.03,51.30,1.26,0.06,0.00,6.54,2.01,37.94,0.09,52.02,1.35,0.05,0.00,6.85,1.67,37.99,0.08,51.99,1.43,0.00,0.00,6.94,1.35,36.36,0.12,53.55,1.62,0.06,0.00,5.35,1.96,36.47,0.08,54.69,1.35,0.06,0.03
1001,0.01,2.80,36.12,52.30,5.29,0.09,3.32,0.07,0.46,12.22,39.95,41.71,1.80,0.20,3.35,0.31,0.27,12.26,41.93,41.49,0.33,0.31,3.32,0.10,0.24,12.07,40.78,42.76,0.45,0.24,3.31,0.15,0.37,12.15,41.67,41.79,0.30,0.27,3.32,0.13,0.40,11.39,41.49,43.00,0.00,0.40,3.31,0.00,0.39,12.24,39.33,44.00,0.00,0.71,3.31,0.02,0.79,11.23,34.44,38.81,10.55,0.62,3.31,0.24
101002,5.88,0.04,38.34,0.56,51.43,3.31,0.16,0.29,5.92,0.23,41.99,0.39,46.65,3.47,0.53,0.82,8.33,0.11,39.45,0.56,46.45,4.52,0.43,0.15,6.55,0.00,41.46,0.07,47.46,3.90,0.42,0.15,8.85,0.16,48.53,0.53,35.79,5.57,0.42,0.15,7.21,0.04,54.70,4.19,28.42,4.76,0.67,0.00,6.97,0.20,43.25,0.37,43.34,5.34,0.55,0.00,6.80,0.24,46.36,0.00,41.72,4.14,0.47,0.28
101005,3.67,0.00,53.30,0.64,38.34,3.75,0.00,0.30,3.34,0.08,57.75,0.12,33.99,4.68,0.03,0.00,4.69,0.00,60.09,0.00,29.87,5.29,0.06,0.00,3.74,0.00,60.20,0.00,30.51,5.41,0.13,0.00,4.20,0.00,63.37,0.01,27.00,5.33,0.10,0.00,3.85,0.00,68.99,0.42,20.40,6.16,0.17,0.00,3.41,0.00,62.36,0.03,28.12,5.93,0.14,0.00,3.76,0.00,64.22,0.00,27.41,4.50,0.10,0.00
102001,0.58,0.02,96.57,0.00,2.32,0.43,0.07,0.00,0.46,0.00,96.51,0.00,1.99,0.77,0.08,0.18,0.57,0.00,98.29,0.00,0.04,1.07,0.00,0.04,0.61,0.00,98.58,0.00,0.00,0.77,0.00,0.04,0.62,0.00,98.32,0.00,0.00,1.02,0.00,0.04,0.27,0.00,98.72,0.00,0.00,0.98,0.00,0.04,0.64,0.00,97.95,0.00,0.00,1.40,0.00,0.00,0.50,0.00,93.09,0.00,5.14,1.27,0.00,0.00
106001,0.00,0.00,0.13,94.07,0.00,0.00,5.80,0.00,0.07,2.49,0.13,91.48,0.00,0.00,5.84,0.00,0.14,1.42,0.41,92.19,0.00,0.00,5.84,0.00,0.14,1.34,0.24,92.43,0.00,0.00,5.85,0.00,0.13,1.47,0.01,92.56,0.00,0.00,5.83,0.00,0.00,0.56,0.48,93.11,0.00,0.00,5.85,0.00,0.52,2.60,0.17,90.86,0.00,0.00,5.84,0.00,0.68,1.39,0.96,91.11,0.00,0.00,5.86,0.00
107001,0.00,0.00,23.77,76.23,0.00,0.00,0.00,0.00,0.00,0.00,21.95,77.44,0.57,0.04,0.00,0.00,0.00,0.00,22.41,77.50,0.05,0.04,0.00,0.00,0.00,0.00,19.78,80.18,0.00,0.04,0.00,0.00,0.00,0.00,19.16,80.81,0.00,0.04,0.00,0.00,0.00,0.00,20.37,79.59,0.00,0.04,0.00,0.00,0.00,0.00,24.44,75.53,0.00,0.04,0.00,0.00,0.00,0.00,25.46,73.00,1.50,0.04,0.00,0.00
11001,3.18,11.55,34.54,25.15,24.68,0.73,0.07,0.09,3.88,15.45,35.00,22.48,21.54,1.52,0.10,0.04,5.25,14.89,36.07,21.39,20.37,1.82,0.14,0.07,5.46,14.28,37.34,21.82,19.18,1.78,0.14,0.00,5.49,14.17,37.52,21.83,19.02,1.85,0.10,0.00,6.22,13.97,37.84,21.34,18.70,1.92,0.00,0.00,6.34,13.71,36.72,21.17,20.01,1.99,0.05,0.01,5.51,13.15,35.17,21.11,22.96,1.89,0.15,0.06
11003,0.75,12.64,28.54,51.65,6.38,0.02,0.01,0.00,0.68,17.02,29.07,48.29,4.78,0.15,0.01,0.00,0.76,17.70,31.64,45.97,3.51,0.26,0.01,0.16,0.92,16.46,32.11,47.19,3.10,0.20,0.02,0.00,0.83,16.12,32.86,47.30,2.67,0.20,0.02,0.01,1.08,15.96,33.24,46.65,2.82,0.24,0.00,0.00,0.98,16.52,32.89,46.14,3.22,0.22,0.02,0.00,1.42,15.25,30.37,46.14,6.54,0.24,0.05,0.00
11004,1.95,9.67,45.51,7.81,34.60,0.47,0.00,0.00,2.63,15.20,45.26,5.41,30.47,1.03,0.01,0.00,4.33,15.01,44.10,5.46,29.60,1.49,0.01,0.00,4.11,15.18,48.21,5.41,25.71,1.36,0.01,0.00,4.34,15.12,46.35,5.15,27.55,1.48,0.02,0.00,5.17,15.08,49.88,4.45,23.84,1.58,0.00,0.00,4.94,14.63,46.38,4.45,27.90,1.67,0.03,0.00,4.38,14.36,41.81,4.32,33.73,1.36,0.04,0.00
12001,1.47,10.00,11.70,68.68,2.21,0.13,0.41,5.40,2.23,13.26,11.98,60.33,1.57,0.29,0.55,9.80,1.79,13.77,13.94,56.12,1.16,0.31,0.27,12.65,2.15,13.73,13.41,57.69,0.78,0.31,0.51,11.42,1.85,13.05,12.49,58.72,0.67,0.29,0.46,12.47,2.09,13.60,12.47,57.21,0.99,0.38,0.27,12.99,2.37,14.23,11.57,57.29,1.57,0.41,0.67,11.89,2.89,13.93,13.43,61.29,2.27,0.39,0.68,5.11
12002,2.44,11.83,14.18,63.03,3.85,0.24,0.36,4.07,3.21,16.28,14.72,54.55,2.90,0.48,0.49,7.38,3.27,16.33,16.66,51.34,2.12,0.53,0.23,9.52,3.50,16.34,16.64,52.38,1.57,0.54,0.43,8.60,3.25,15.89,16.04,53.06,1.41,0.55,0.42,9.38,4.46,15.46,15.36,51.78,2.29,0.66,0.20,9.78,4.55,15.87,14.71,51.78,2.82,0.75,0.58,8.95,4.37,15.66,16.84,54.67,3.36,0.65,0.59,3.86
12005,0.21,8.55,2.90,81.84,0.00,0.00,2.29,4.22,0.49,11.08,4.00,70.56,0.00,0.01,2.30,11.56,0.00,11.38,27.39,48.82,0.00,0.03,0.00,12.37,0.67,10.98,5.43,68.14,0.00,0.01,2.26,12.51,0.38,10.79,4.77,70.16,0.00,0.00,2.07,11.83,0.04,10.84,7.54,67.58,0.00,0.02,2.07,11.92,0.04,12.13,5.77,68.34,0.00,0.02,2.29,11.41,0.68,11.62,8.14,74.67,0.11,0.02,2.29,2.45
12006,0.07,0.15,5.88,88.36,0.00,0.00,0.01,5.54,1.48,1.01,6.28,84.92,0.00,0.02,0.01,6.29,0.07,2.79,6.57,82.78,0.00,0.01,0.00,7.79,1.02,1.47,7.58,82.26,0.00,0.02,0.01,7.64,1.08,1.11,6.30,83.86,0.00,0.02,0.01,7.63,0.12,1.66,6.69,83.30,0.00,0.02,0.00,8.21,0.01,2.71,5.65,83.60,0.00,0.04,0.01,7.98,0.85,1.75,5.83,87.33,0.00,0.04,0.01,4.19
12007,0.00,1.02,3.69,82.68,0.00,0.00,0.14,12.48,0.06,2.29,3.02,72.36,0.00,0.00,0.00,22.27,0.00,1.85,2.07,66.77,0.00,0.00,0.00,29.31,0.04,2.50,1.95,69.42,0.00,0.00,0.00,26.09,0.02,1.98,1.79,65.58,0.00,0.00,0.00,30.63,0.00,1.97,1.65,68.18,0.00,0.00,0.00,28.19,0.00,2.88,1.20,68.30,0.00,0.00,0.10,27.53,0.01,2.90,3.62,77.66,0.03,0.00,0.18,15.61
12008,1.35,9.53,10.30,76.09,2.69,0.04,0.01,0.00,2.52,17.77,11.95,65.44,2.17,0.12,0.04,0.00,2.43,17.89,13.58,65.50,0.43,0.14,0.02,0.00,2.45,18.00,14.25,64.89,0.25,0.14,0.02,0.00,2.38,18.38,14.75,64.08,0.22,0.16,0.03,0.00,4.56,16.66,14.15,63.48,0.88,0.27,0.00,0.00,3.97,17.06,13.85,63.07,1.60,0.43,0.03,0.00,2.91,16.77,16.29,62.05,1.66,0.30,0.03,0.00
12009,0.00,0.00,0.10,99.90,0.00,0.00,0.00,0.00,0.00,0.00,4.42,95.56,0.00,0.00,0.01,0.00,0.00,0.00,3.72,96.27,0.00,0.00,0.01,0.00,0.00,0.00,2.28,97.71,0.00,0.00,0.01,0.00,0.00,0.01,3.76,96.22,0.00,0.00,0.00,0.00,0.00,0.01,3.89,96.10,0.00,0.00,0.00,0.00,0.00,0.00,4.15,95.84,0.00,0.00,0.01,0.00,0.00,0.01,6.11,93.87,0.00,0.00,0.01,0.00
13001,2.69,14.52,22.19,5.30,54.86,0.42,0.00,0.02,3.58,16.51,23.69,3.90,51.37,0.96,0.00,0.00,5.97,15.50,27.70,3.51,46.20,1.10,0.02,0.00,5.35,15.77,29.93,2.95,44.90,1.11,0.00,0.00,5.33,15.87,29.85,2.87,44.86,1.19,0.02,0.01,6.75,15.20,29.66,2.95,44.00,1.37,0.00,0.06,6.83,14.73,29.35,3.04,44.45,1.56,0.02,0.02,4.46,15.27,31.27,2.93,44.80,1.25,0.02,0.00
13004,1.57,12.14,16.19,68.62,1.47,0.01,0.00,0.00,1.16,13.66,28.28,55.62,0.89,0.00,0.00,0.39,1.98,12.37,37.86,46.81,0.67,0.01,0.02,0.28,2.51,10.65,38.36,46.57,0.68,0.01,0.00,1.23,2.48,10.84,44.37,41.62,0.48,0.01,0.00,0.21,2.15,8.48,34.07,52.75,0.29,0.02,0.00,2.24,2.55,11.39,34.89,50.26,0.64,0.05,0.02,0.19,2.85,8.13,39.77,48.22,0.98,0.03,0.02,0.00
13005,6.59,2.01,12.21,0.22,76.68,1.25,0.73,0.31,7.52,1.55,13.06,0.04,74.82,2.16,0.84,0.00,8.76,1.01,10.84,0.00,76.21,2.49,0.69,0.00,8.56,0.81,9.58,0.00,77.58,2.71,0.75,0.00,8.50,0.73,9.85,0.00,77.57,2.63,0.71,0.00,8.77,0.74,13.37,0.00,73.75,2.77,0.61,0.00,9.05,0.39,13.77,0.06,72.71,3.26,0.76,0.00,7.85,0.66,16.65,0.00,71.27,2.42,0.72,0.44
13007,2.57,3.79,17.78,50.49,24.99,0.36,0.02,0.00,3.47,4.68,21.42,45.54,23.99,0.64,0.16,0.10,4.74,4.03,22.06,45.04,22.88,0.84,0.16,0.25,4.43,3.90,22.67,44.84,22.83,0.87,0.17,0.30,4.55,4.07,22.18,44.38,22.83,0.90,0.16,0.94,5.44,3.46,25.09,40.76,21.96,0.96,0.13,2.19,5.35,3.39,24.36,43.43,22.11,1.14,0.17,0.05,4.21,3.41,26.41,42.92,21.96,0.87,0.19,0.03
13008,2.99,6.25,22.95,43.93,23.40,0.35,0.04,0.08,3.59,7.20,31.05,30.44,22.13,0.53,0.13,4.92,4.42,6.23,35.19,27.54,21.58,0.73,0.14,4.15,4.67,5.60,33.38,27.72,22.53,0.71,0.11,5.28,4.52,6.03,37.20,24.56,21.40,0.72,0.10,5.48,4.69,5.32,35.51,27.22,20.41,0.79,0.11,5.95,4.77,6.03,35.38,28.67,20.86,0.88,0.16,3.25,4.43,4.96,38.70,29.83,21.12,0.69,0.16,0.10
14001,7.58,3.85,24.62,1.59,59.21,2.99,0.09,0.06,7.92,5.05,28.74,0.60,53.13,4.21,0.33,0.01,9.83,3.51,29.49,0.55,52.18,4.17,0.27,0.00,10.25,3.48,28.45,0.54,52.84,4.18,0.26,0.00,10.41,3.48,30.12,0.48,51.20,4.04,0.27,0.00,11.49,2.86,30.93,0.55,49.74,4.35,0.09,0.00,10.42,2.81,32.25,0.70,48.97,4.56,0.29,0.00,8.76,3.20,33.45,0.84,49.61,3.83,0.25,0.06
14002,4.31,1.79,23.15,4.91,53.72,11.72,0.39,0.01,6.82,2.71,29.32,1.89,44.35,14.52,0.41,0.00,7.14,1.92,29.70,2.24,43.78,14.82,0.41,0.00,7.45,1.89,31.14,1.70,42.69,14.73,0.40,0.00,7.53,2.00,31.24,1.48,42.57,14.78,0.40,0.00,8.02,2.12,31.55,1.93,41.46,14.57,0.35,0.00,7.07,2.32,30.97,2.21,41.89,15.15,0.40,0.00,6.55,1.70,32.24,2.11,43.54,13.41,0.40,0.05
14005,8.67,0.87,21.34,0.28,67.30,1.48,0.04,0.03,9.32,1.29,23.48,0.00,63.27,2.34,0.22,0.08,11.93,0.35,23.66,0.00,61.30,2.62,0.12,0.03,13.24,0.39,21.82,0.00,61.73,2.60,0.21,0.01,12.82,0.42,22.05,0.00,62.09,2.41,0.21,0.01,13.76,0.15,23.52,0.00,60.11,2.40,0.06,0.01,12.03,0.15,25.24,0.74,59.03,2.63,0.19,0.00,9.27,0.42,30.16,0.03,57.91,1.96,0.21,0.03
15006,3.87,7.23,29.77,46.78,8.32,0.45,2.80,0.78,4.29,11.84,35.86,31.28,7.62,0.55,2.79,5.77,5.29,11.79,34.46,30.87,7.32,0.62,2.51,7.12,5.11,11.74,34.94,31.41,7.35,0.63,2.72,6.12,5.52,11.64,33.03,33.40,7.08,0.64,2.72,5.97,5.55,11.32,35.35,29.73,7.06,0.72,2.59,7.67,5.08,11.79,32.63,33.63,7.14,0.79,2.80,6.14,4.38,10.97,41.13,32.19,7.42,0.66,2.80,0.44
15007,3.87,6.58,55.04,29.14,0.90,0.15,3.47,0.85,3.88,11.64,57.52,16.83,0.57,0.22,3.47,5.87,5.14,11.34,49.94,20.06,0.47,0.31,3.39,9.35,5.13,11.14,51.37,18.53,0.42,0.30,3.37,9.73,5.87,11.11,51.07,19.69,0.35,0.32,3.35,8.23,6.14,10.52,50.48,17.53,0.33,0.40,3.30,11.29,5.06,11.39,47.84,20.09,0.44,0.46,3.48,11.24,4.15,10.63,61.89,18.60,0.66,0.35,3.48,0.25
15010,2.74,8.66,35.06,38.06,12.38,0.34,1.13,1.65,3.64,13.45,41.89,23.18,10.77,0.48,1.11,5.48,4.55,12.71,45.61,20.53,9.76,0.40,1.07,5.37,4.25,12.95,48.48,17.60,9.68,0.43,1.07,5.54,4.36,13.10,48.47,17.73,9.04,0.46,1.08,5.76,4.25,12.57,45.86,20.16,9.44,0.59,1.02,6.11,3.87,13.41,47.14,19.08,9.51,0.57,1.09,5.33,3.44,12.96,46.07,24.93,10.88,0.49,1.08,0.17
15011,1.89,4.30,57.51,32.99,0.37,0.02,2.11,0.81,2.03,5.16,58.63,21.20,0.09,0.04,2.23,10.62,3.49,5.44,47.44,24.38,0.06,0.05,2.07,17.08,3.53,5.23,49.72,23.55,0.01,0.05,2.03,15.88,3.76,5.52,46.06,27.19,0.03,0.07,2.04,15.32,4.09,5.04,45.47,23.46,0.03,0.12,1.98,19.82,3.52,5.80,39.82,28.44,0.04,0.12,2.13,20.13,2.69,5.08,66.65,22.94,0.14,0.09,2.13,0.29
15012,2.31,7.90,15.11,69.10,0.22,0.18,4.17,1.01,2.93,11.69,24.37,46.49,0.07,0.15,4.20,10.11,3.41,12.94,24.53,44.81,0.04,0.17,3.62,10.47,3.32,12.80,23.30,48.48,0.03,0.17,4.11,7.78,3.69,12.53,17.46,53.52,0.03,0.19,4.08,8.50,3.57,12.46,25.58,43.72,0.01,0.21,4.05,10.39,3.46,12.97,19.64,52.48,0.07,0.25,4.15,6.97,2.93,11.34,33.66,46.53,0.18,0.23,4.15,0.98
15013,4.69,3.71,43.49,43.10,4.58,0.30,0.07,0.07,4.33,5.24,49.19,37.47,3.21,0.28,0.10,0.17,7.54,3.66,42.47,42.39,2.14,0.34,0.06,1.41,7.57,4.10,42.95,40.97,2.06,0.33,0.09,1.92,7.35,3.74,52.66,31.89,1.41,0.32,0.08,2.54,7.20,2.70,41.56,42.34,2.06,0.44,0.04,3.67,6.56,3.46,36.28,48.84,1.57,0.54,0.10,2.65,5.49,3.71,44.63,43.04,2.58,0.36,0.12,0.08
15014,0.24,5.18,26.24,68.23,0.00,0.00,0.11,0.01,0.49,8.14,39.60,51.04,0.00,0.01,0.12,0.60,0.34,8.33,39.51,50.78,0.00,0.00,0.11,0.92,0.13,8.21,41.47,48.84,0.00,0.00,0.12,1.23,0.14,8.43,41.89,48.93,0.00,0.01,0.12,0.48,0.09,8.25,37.21,52.73,0.00,0.03,0.07,1.62,0.09,8.37,38.73,51.11,0.00,0.01,0.12,1.57,0.17,7.94,39.94,51.75,0.06,0.01,0.12,0.01
15016,4.04,6.82,62.02,20.65,0.25,0.16,4.95,1.11,3.97,10.43,66.34,9.36,0.34,0.20,4.99,4.38,5.23,9.94,59.24,13.34,0.19,0.26,4.93,6.88,5.13,9.65,60.25,11.22,0.18,0.26,4.92,8.38,6.17,9.50,62.28,10.96,0.03,0.27,4.93,5.87,6.54,8.59,61.61,9.21,0.00,0.33,4.91,8.81,5.25,9.66,60.54,10.46,0.18,0.42,4.96,8.53,4.23,8.97,69.43,11.48,0.35,0.30,4.96,0.29
15021,13.30,6.25,27.79,23.58,23.87,1.42,3.73,0.06,14.76,7.06,28.51,21.76,22.36,1.78,3.76,0.00,17.82,6.00,30.79,18.56,20.74,2.45,3.64,0.00,15.75,7.13,33.14,17.61,20.32,2.38,3.67,0.00,16.58,6.19,34.42,17.39,19.34,2.38,3.70,0.00,17.03,5.98,31.83,17.96,20.90,2.78,3.52,0.00,16.18,5.69,36.80,14.05,20.73,2.80,3.76,0.00,14.16,7.06,32.87,19.13,20.51,2.38,3.76,0.12
15023,1.76,3.59,25.62,67.10,0.61,0.01,1.30,0.02,1.61,20.03,31.87,44.56,0.33,0.03,1.31,0.26,2.53,16.70,30.76,46.67,0.03,0.07,1.30,1.93,2.69,16.79,30.32,46.30,0.03,0.06,1.30,2.51,3.01,17.67,30.47,45.59,0.00,0.05,1.30,1.90,2.01,16.30,31.61,46.11,0.02,0.15,1.24,2.54,2.36,16.46,23.85,53.96,0.00,0.17,1.30,1.90,1.69,16.38,30.21,50.22,0.13,0.07,1.30,0.00
15024,2.37,10.80,66.94,16.69,0.39,0.15,0.56,2.10,2.28,17.33,67.18,6.33,0.59,0.15,0.62,5.53,3.28,16.83,62.64,8.62,0.47,0.19,0.56,7.41,3.23,16.16,63.87,6.38,0.45,0.26,0.54,9.10,4.66,16.10,64.29,7.17,0.06,0.23,0.56,6.94,5.55,14.48,67.24,4.06,0.00,0.26,0.50,7.91,3.96,16.00,66.25,4.02,0.36,0.36,0.58,8.48,3.08,14.87,71.93,7.97,0.69,0.25,0.58,0.62
15025,1.95,8.02,34.16,54.15,1.11,0.03,0.18,0.40,3.05,10.15,44.70,39.64,0.29,0.10,0.19,1.89,3.23,10.20,44.87,36.61,0.11,0.01,0.13,4.84,2.75,10.26,48.74,34.89,0.04,0.05,0.14,3.13,2.87,9.96,48.94,35.06,0.04,0.08,0.13,2.91,2.25,10.18,46.08,36.37,0.04,0.13,0.08,4.87,1.85,11.08,47.92,35.85,0.02,0.17,0.21,2.91,2.03,10.43,44.04,42.60,0.44,0.17,0.22,0.07
15030,5.67,3.76,18.14,8.93,60.52,2.49,0.24,0.25,5.59,5.18,19.47,6.40,59.70,3.40,0.25,0.02,6.72,3.97,19.46,6.12,59.78,3.59,0.35,0.00,6.94,3.91,18.07,6.37,60.81,3.64,0.25,0.00,6.90,4.41,21.03,5.44,58.29,3.62,0.32,0.00,7.24,4.04,22.20,5.65,57.02,3.69,0.15,0.00,6.97,3.82,21.84,5.81,57.32,3.98,0.25,0.00,6.44,3.41,23.36,5.60,57.63,3.30,0.25,0.02
15039,0.00,0.30,5.89,89.72,0.00,0.00,0.23,3.87,0.03,0.35,7.66,76.73,0.00,0.00,0.23,15.01,0.05,0.38,7.81,61.33,0.00,0.00,0.00,30.43,0.18,0.09,5.97,76.74,0.00,0.01,0.19,16.83,0.10,0.32,7.02,61.71,0.00,0.00,0.00,30.85,0.14,0.48,5.79,63.23,0.00,0.01,0.00,30.34,0.11,0.32,7.09,78.76,0.00,0.03,0.23,13.44,0.02,0.48,12.28,85.71,0.01,0.05,0.23,1.21
16001,7.62,3.47,42.86,29.97,12.92,0.71,2.44,0.01,7.30,7.46,46.60,23.99,10.94,0.95,2.51,0.25,9.91,6.30,43.05,26.72,9.72,1.12,2.42,0.76,9.69,6.64,43.16,26.48,9.75,1.09,2.41,0.77,10.12,6.03,49.94,20.28,9.63,1.05,2.41,0.54,10.21,5.51,45.43,24.55,9.54,1.24,2.41,1.10,9.81,5.72,47.52,22.67,9.55,1.33,2.47,0.93,8.59,5.51,49.10,23.30,9.92,1.08,2.49,0.01
16003,3.25,0.31,69.94,26.35,0.09,0.06,0.00,0.01,2.39,1.60,80.23,15.23,0.12,0.10,0.00,0.31,4.03,1.25,80.43,12.93,0.00,0.14,0.00,1.22,4.22,1.41,76.93,15.86,0.07,0.15,0.00,1.35,4.25,0.92,83.12,11.01,0.03,0.12,0.00,0.56,3.83,0.95,82.91,10.39,0.00,0.18,0.00,1.74,3.69,0.82,84.41,9.33,0.01,0.13,0.00,1.61,3.07,0.99,84.29,11.46,0.06,0.08,0.00,0.04
16004,7.60,4.12,41.76,24.81,18.93,0.88,1.88,0.02,7.30,7.85,46.27,18.70,16.53,1.20,1.96,0.19,10.25,6.71,43.40,20.84,14.99,1.42,1.83,0.57,9.88,7.42,43.01,21.00,14.89,1.40,1.82,0.58,10.20,6.44,48.88,16.06,14.79,1.39,1.83,0.41,10.63,5.72,45.80,19.13,14.56,1.54,1.80,0.82,10.15,5.78,47.11,18.12,14.62,1.65,1.88,0.69,8.70,5.88,48.77,18.29,14.94,1.43,1.95,0.03
17001,4.24,17.85,35.42,29.30,5.55,2.92,4.61,0.11,5.17,28.88,37.97,16.92,2.52,3.42,4.78,0.36,7.16,28.52,42.71,8.42,5.15,3.41,4.60,0.04,6.84,29.06,35.97,16.67,3.70,3.38,4.36,0.02,7.42,28.21,47.03,5.56,3.41,3.74,4.60,0.02,7.20,28.48,38.68,14.37,2.69,3.89,4.61,0.08,6.39,28.37,45.85,7.04,3.22,3.91,4.62,0.60,5.38,27.47,41.64,13.89,3.37,3.12,4.62,0.50
17003,11.41,1.47,41.43,9.31,17.63,18.17,0.11,0.48,15.22,10.27,35.99,11.40,5.45,21.37,0.29,0.00,24.35,7.11,30.95,10.17,6.82,20.60,0.00,0.00,24.07,8.37,35.78,8.45,3.66,19.59,0.08,0.00,23.91,7.45,34.46,9.52,3.73,20.81,0.07,0.04,23.57,7.46,34.40,10.55,2.86,21.04,0.07,0.05,23.88,6.72,32.76,10.88,4.68,21.01,0.08,0.00,16.87,8.04,35.78,11.60,8.68,18.77,0.08,0.18
17004,9.09,5.56,31.92,2.54,36.64,12.20,1.54,0.51,11.19,7.97,35.96,0.51,29.36,12.08,2.71,0.23,15.40,5.03,32.29,0.43,30.38,13.63,2.76,0.08,15.91,5.00,33.38,0.52,29.03,13.32,2.76,0.07,14.92,5.85,38.01,0.64,24.57,13.14,2.86,0.01,17.31,4.16,28.00,1.28,32.66,13.79,2.81,0.00,15.45,5.52,31.02,2.03,29.25,13.92,2.80,0.00,13.62,6.33,35.95,1.10,28.18,12.03,2.77,0.04
17005,5.36,2.38,53.11,11.88,18.18,7.64,0.89,0.56,9.04,6.53,50.03,11.10,12.12,9.85,1.09,0.24,12.21,6.64,46.69,11.95,11.25,10.25,0.78,0.23,12.87,6.52,49.57,10.80,9.60,9.16,1.00,0.48,14.02,6.13,49.18,10.21,9.07,9.81,0.81,0.77,15.78,5.37,48.18,10.92,7.67,10.13,0.73,1.22,12.11,6.57,48.76,11.34,8.58,9.92,0.99,1.72,10.22,6.37,48.12,10.46,13.54,9.24,1.00,1.06
17015,3.01,12.67,59.87,4.68,19.04,0.68,0.01,0.04,4.06,20.24,59.34,1.14,14.03,1.16,0.05,0.00,5.07,21.82,57.18,0.50,14.55,0.86,0.01,0.00,5.14,20.35,60.25,0.29,13.03,0.88,0.05,0.00,5.58,20.32,60.39,0.13,12.69,0.83,0.05,0.00,5.00,26.11,55.91,0.06,11.88,1.03,0.01,0.00,4.74,27.01,54.46,0.00,12.58,1.16,0.05,0.00,4.49,31.34,48.87,0.18,13.64,1.42,0.05,0.00
17018,1.50,0.00,26.85,0.02,70.18,1.45,0.00,0.00,1.38,0.24,32.30,0.10,63.98,2.00,0.00,0.00,1.35,0.24,33.75,0.00,62.60,2.05,0.00,0.00,1.45,0.24,30.81,0.00,65.52,1.98,0.00,0.00,1.98,0.24,33.34,0.00,62.68,1.76,0.00,0.00,2.32,0.24,29.09,0.00,66.39,1.96,0.00,0.00,1.86,0.24,31.41,0.00,64.46,2.03,0.00,0.00,1.52,0.24,28.20,0.00,68.16,1.88,0.00,0.00
18001,2.99,3.91,44.19,34.84,12.71,0.87,0.41,0.09,2.83,10.82,57.91,21.37,5.88,0.75,0.44,0.00,4.00,9.75,61.15,20.74,3.27,0.73,0.36,0.00,4.27,10.17,58.31,23.45,2.68,0.73,0.38,0.00,4.72,9.43,63.88,18.19,2.68,0.73,0.37,0.00,5.37,8.70,65.72,17.14,1.89,0.86,0.32,0.00,5.30,8.59,63.24,19.01,2.58,0.88,0.40,0.00,4.24,7.45,61.65,21.99,3.45,0.79,0.42,0.00
18002,5.54,4.94,71.53,4.57,9.36,3.20,0.79,0.08,6.82,7.99,73.21,2.32,5.14,3.65,0.87,0.00,9.75,6.68,68.06,2.57,8.24,4.19,0.50,0.00,9.21,8.97,67.25,1.83,7.94,3.98,0.68,0.14,10.25,7.36,68.54,2.42,6.72,3.93,0.78,0.01,10.11,7.43,66.69,3.79,6.92,4.26,0.78,0.01,8.84,7.80,69.99,1.67,6.63,4.25,0.81,0.02,7.66,7.54,73.06,2.49,4.55,3.86,0.80,0.03
18003,7.50,12.72,58.98,13.88,1.35,0.30,5.02,0.24,7.10,19.36,54.58,11.41,0.96,0.38,5.18,1.03,8.85,19.36,54.00,10.06,0.78,0.44,5.09,1.42,7.97,20.33,55.51,7.80,0.96,0.47,5.05,1.92,9.40,18.45,57.36,7.02,1.10,0.39,5.08,1.20,10.57,18.64,54.97,7.70,0.45,0.55,5.05,2.08,9.78,18.61,56.89,5.87,0.75,0.61,5.24,2.25,9.02,16.59,55.86,11.65,1.08,0.51,5.13,0.16
18008,4.04,14.04,68.95,8.98,0.64,0.09,2.78,0.49,4.54,26.43,54.79,8.36,0.41,0.06,2.82,2.60,6.31,25.81,53.08,8.65,0.02,0.15,2.77,3.22,5.69,26.51,54.10,6.13,0.16,0.16,2.76,4.49,6.19,25.68,57.80,4.38,0.00,0.07,2.77,3.11,7.27,25.11,53.49,6.44,0.01,0.29,2.77,4.61,5.88,26.10,56.33,3.14,0.26,0.40,2.79,5.10,4.41,25.40,58.11,7.92,0.88,0.27,2.79,0.22
18010,12.12,21.06,33.28,17.90,13.24,0.55,1.73,0.12,8.01,28.50,35.50,15.83,9.57,0.74,1.72,0.13,12.00,26.81,30.16,14.73,13.67,0.92,1.70,0.01,10.47,27.19,30.55,15.62,13.54,0.92,1.71,0.01,12.07,25.66,35.85,11.34,12.60,0.73,1.68,0.07,13.55,23.03,30.90,15.91,13.71,0.96,1.70,0.24,15.33,20.63,29.71,15.44,16.08,1.03,1.71,0.07,12.58,20.30,37.80,21.20,5.75,0.65,1.72,0.00
18011,9.70,14.89,46.55,16.08,8.69,0.65,3.24,0.20,7.75,21.70,45.32,13.42,7.03,0.88,3.32,0.58,10.65,20.81,41.97,12.05,9.59,0.96,3.25,0.73,9.56,21.44,42.88,11.42,9.50,0.97,3.25,0.98,10.92,19.85,46.38,9.00,9.12,0.84,3.25,0.65,12.16,18.89,42.61,11.71,9.22,1.02,3.25,1.15,12.43,17.91,43.56,10.23,10.28,1.07,3.35,1.17,10.71,16.82,47.86,15.57,4.81,0.85,3.30,0.08
18014,9.12,9.33,31.21,31.47,12.75,4.13,1.94,0.04,10.35,22.81,36.47,13.10,9.99,5.07,2.21,0.00,13.00,21.83,34.54,11.04,12.50,5.24,1.85,0.00,12.54,21.90,35.34,12.11,11.60,4.65,1.85,0.00,12.74,21.14,42.67,6.08,10.36,5.16,1.85,0.00,13.21,20.47,36.70,15.90,7.01,4.85,1.85,0.00,13.00,20.77,45.29,7.28,6.61,5.02,1.85,0.19,11.62,19.36,42.16,13.51,6.81,4.69,1.85,0.00
18017,0.00,0.00,64.31,35.69,0.00,0.00,0.00,0.00,0.00,6.68,26.88,66.44,0.00,0.00,0.00,0.00,0.00,7.70,45.23,46.28,0.00,0.00,0.00,0.79,0.00,6.72,74.64,17.85,0.00,0.00,0.00,0.79,0.00,6.68,76.63,15.90,0.00,0.00,0.00,0.79,0.00,8.53,61.20,30.20,0.00,0.00,0.00,0.07,0.00,7.88,90.90,0.43,0.00,0.00,0.00,0.79,0.07,6.68,62.54,30.71,0.00,0.00,0.00,0.00
18018,0.00,17.50,60.50,21.50,0.00,0.00,0.50,0.00,0.00,38.54,60.78,0.29,0.00,0.00,0.36,0.04,0.00,39.89,58.57,0.71,0.00,0.00,0.36,0.46,0.00,39.68,58.75,0.53,0.00,0.00,0.00,1.03,0.00,39.47,59.50,0.53,0.00,0.00,0.18,0.32,0.00,39.89,51.98,0.43,0.00,0.00,0.36,7.34,0.00,39.89,58.40,0.14,0.00,0.00,0.50,1.07,0.00,39.89,59.47,0.14,0.00,0.00,0.50,0.00
19001,6.28,8.66,32.18,14.31,25.48,11.53,0.50,1.06,9.35,11.72,28.31,12.13,21.40,15.88,0.59,0.62,11.91,10.29,28.42,12.38,18.49,16.38,0.49,1.64,11.46,10.47,29.48,12.43,18.81,15.88,0.55,0.93,11.94,10.52,31.23,12.48,16.42,15.91,0.52,0.98,13.23,9.27,26.08,13.99,19.45,16.25,0.42,1.31,10.91,10.64,28.23,13.64,17.86,16.86,0.58,1.27,9.53,9.32,30.75,13.87,19.50,15.54,0.57,0.91
19006,5.28,3.39,26.10,33.72,11.70,17.94,1.79,0.08,4.71,3.82,23.63,32.94,11.85,21.16,1.89,0.01,6.40,3.31,20.08,37.50,9.11,21.78,1.82,0.00,6.23,3.06,21.82,35.02,10.17,21.90,1.80,0.00,5.56,3.68,22.63,36.51,8.59,21.21,1.82,0.00,6.13,3.23,20.01,36.65,10.44,21.85,1.70,0.00,5.44,3.58,20.32,36.72,9.84,22.31,1.80,0.00,4.68,3.74,26.11,33.15,10.00,20.23,1.79,0.30
19010,12.31,1.75,38.36,10.96,8.69,26.59,1.35,0.00,10.99,3.20,35.52,7.47,7.06,34.71,1.06,0.00,17.99,2.87,29.55,10.70,3.69,34.19,1.02,0.00,15.94,2.50,31.85,10.60,4.53,33.56,1.02,0.00,15.68,2.69,31.04,12.56,3.28,33.72,1.02,0.00,20.00,2.21,26.98,11.30,4.92,33.57,1.02,0.00,15.49,2.21,26.15,16.41,4.53,34.19,1.02,0.00,9.45,2.22,42.97,8.02,5.00,31.28,1.06,0.00
19017,8.80,1.27,27.74,0.81,44.47,16.73,0.06,0.11,9.08,0.70,31.01,0.19,34.65,24.26,0.11,0.00,12.75,0.08,29.11,0.31,33.01,24.73,0.00,0.00,12.06,0.07,27.88,0.33,34.89,24.70,0.06,0.00,11.77,0.19,34.95,0.71,28.52,23.87,0.00,0.00,13.53,0.07,25.72,0.95,35.24,24.49,0.00,0.00,11.59,0.10,28.19,0.79,33.05,26.17,0.11,0.00,9.89,0.25,34.43,0.17,32.67,22.38,0.04,0.17
19020,2.69,4.58,47.69,25.65,9.01,8.29,0.41,1.69,6.15,20.50,41.79,16.34,5.22,8.09,0.03,1.87,13.36,17.70,38.90,15.34,2.36,9.16,0.00,3.18,13.18,18.92,42.24,14.51,0.48,8.26,0.00,2.41,14.14,18.35,40.11,14.00,0.64,9.10,0.00,3.66,14.43,17.58,38.35,15.53,0.39,8.97,0.00,4.75,11.22,19.58,38.08,16.70,0.03,8.19,0.00,6.21,9.12,20.41,34.56,18.16,6.61,9.09,0.00,2.03
20002,2.31,0.04,5.60,0.05,89.24,2.68,0.09,0.00,1.89,0.09,6.31,0.00,87.38,4.01,0.09,0.24,2.81,0.04,4.52,0.00,89.28,3.35,0.00,0.00,2.79,0.00,2.77,0.00,90.06,4.30,0.07,0.00,2.70,0.00,1.98,0.00,91.28,4.04,0.00,0.00,3.03,0.00,4.07,0.00,87.95,4.93,0.03,0.00,2.66,0.00,5.15,0.00,86.87,5.22,0.11,0.00,2.45,0.00,9.53,0.00,84.60,3.27,0.15,0.00
20003,8.93,2.11,24.25,9.02,54.10,1.49,0.04,0.05,9.09,3.64,29.38,6.42,48.69,2.56,0.04,0.18,10.47,2.94,28.07,6.99,49.13,2.37,0.04,0.00,10.84,3.02,27.88,8.87,46.42,2.93,0.04,0.00,11.37,3.18,29.58,6.89,46.20,2.75,0.03,0.00,11.96,2.90,28.87,8.51,44.77,2.98,0.03,0.00,10.77,2.98,27.71,9.68,45.67,3.15,0.04,0.00,9.79,3.23,30.69,6.01,47.74,2.47,0.04,0.02
20007,10.56,2.95,27.10,21.01,37.32,0.78,0.26,0.01,10.91,3.10,29.36,19.66,35.43,1.12,0.40,0.03,13.65,0.76,30.71,18.36,35.17,1.04,0.31,0.00,13.53,0.82,28.36,17.15,38.12,1.69,0.32,0.00,13.88,0.80,29.03,17.71,36.91,1.36,0.31,0.00,14.76,0.80,28.67,19.68,34.49,1.34,0.24,0.00,13.78,0.79,26.57,21.86,35.15,1.51,0.34,0.00,13.13,1.09,28.90,19.49,35.84,1.10,0.38,0.06
2001,0.00,4.08,4.34,88.40,0.00,0.00,3.17,0.00,0.15,5.91,3.13,87.63,0.00,0.00,3.19,0.00,0.22,5.93,3.29,87.32,0.00,0.00,3.22,0.00,0.19,5.91,4.06,86.63,0.00,0.00,3.19,0.00,0.31,5.82,3.40,87.25,0.00,0.00,3.20,0.00,0.41,5.65,4.11,86.68,0.00,0.00,3.15,0.00,0.41,5.78,4.45,86.16,0.00,0.00,3.19,0.00,0.34,5.45,10.24,80.82,0.00,0.01,3.15,0.01
2002,0.06,2.34,5.53,90.72,0.01,0.00,1.32,0.01,0.52,5.67,2.81,89.55,0.00,0.04,1.41,0.00,0.52,6.66,3.40,86.95,0.00,0.01,0.92,0.00,0.47,6.05,3.56,87.76,0.00,0.00,0.90,0.00,0.62,6.19,3.87,87.18,0.00,0.00,0.92,0.00,1.17,5.19,4.55,87.73,0.00,0.02,1.32,0.02,1.26,6.59,4.64,86.18,0.00,0.00,1.33,0.00,1.16,4.77,9.89,82.85,0.00,0.01,1.33,0.00
21003,1.99,10.34,62.93,21.06,2.61,0.46,0.47,0.14,2.17,15.49,67.22,12.57,0.88,0.92,0.50,0.25,2.53,15.82,68.18,12.00,0.09,0.92,0.46,0.00,2.16,15.60,68.20,12.77,0.08,0.73,0.46,0.00,2.02,15.89,70.21,10.56,0.00,0.84,0.46,0.02,1.93,16.05,68.52,12.01,0.14,0.91,0.44,0.00,1.93,16.14,68.33,11.73,0.33,1.06,0.48,0.01,1.96,15.55,61.05,18.22,1.84,0.82,0.48,0.07
21006,2.56,15.17,60.97,18.14,1.98,0.46,0.63,0.08,2.67,20.22,62.49,12.15,0.80,0.84,0.70,0.12,3.32,20.39,64.47,10.01,0.31,0.86,0.63,0.00,3.23,20.10,64.12,11.05,0.16,0.72,0.63,0.00,3.22,20.27,66.47,8.49,0.11,0.81,0.63,0.01,3.31,20.20,63.99,10.81,0.24,0.85,0.60,0.00,3.04,20.30,63.89,10.71,0.44,0.97,0.65,0.00,2.84,20.44,54.79,19.11,1.30,0.80,0.68,0.03
21008,3.95,16.70,59.50,3.81,15.16,0.58,0.21,0.09,3.83,23.50,56.08,2.07,13.25,1.01,0.24,0.02,5.50,22.22,57.55,1.16,12.40,0.97,0.19,0.00,5.44,22.56,58.33,1.09,11.41,0.95,0.21,0.00,6.09,22.28,58.40,1.02,11.02,1.01,0.19,0.00,6.27,21.71,58.45,0.98,11.34,1.11,0.15,0.00,5.81,21.93,58.21,0.75,11.88,1.21,0.21,0.00,5.16,21.76,53.40,5.10,13.30,1.06,0.23,0.00
21009,3.40,10.68,55.86,11.07,17.96,0.58,0.40,0.06,3.92,14.62,54.82,8.27,16.65,1.13,0.46,0.13,5.24,13.99,55.99,7.12,16.18,1.11,0.36,0.00,5.15,14.07,55.94,7.66,15.73,1.04,0.41,0.00,5.58,13.98,57.01,6.56,15.46,1.11,0.30,0.00,5.77,13.75,55.56,8.07,15.33,1.23,0.28,0.00,5.27,13.82,55.00,8.32,15.81,1.35,0.42,0.00,4.80,13.68,51.13,11.99,16.79,1.16,0.43,0.03
21011,1.46,6.40,74.11,15.46,0.13,0.02,2.37,0.05,1.55,12.21,70.23,13.37,0.17,0.07,2.42,0.00,1.82,12.06,75.13,8.32,0.17,0.08,2.41,0.00,1.82,12.05,75.00,8.65,0.07,0.03,2.39,0.00,1.97,12.10,74.99,8.47,0.00,0.09,2.39,0.00,2.11,12.08,74.75,8.59,0.03,0.09,2.36,0.00,1.86,12.09,74.28,9.08,0.16,0.16,2.37,0.00,1.97,11.60,57.87,25.82,0.26,0.10,2.37,0.00
21012,2.32,24.47,66.77,3.51,1.66,1.01,0.12,0.15,1.88,33.18,59.51,2.10,1.77,1.42,0.14,0.00,3.38,31.78,61.36,0.81,1.21,1.36,0.11,0.00,3.87,31.98,61.12,1.01,0.57,1.33,0.11,0.00,3.78,32.03,61.79,0.55,0.33,1.40,0.11,0.00,3.75,31.92,61.54,0.62,0.64,1.46,0.07,0.00,3.27,32.20,61.60,0.43,0.80,1.58,0.12,0.00,2.90,31.94,59.50,2.67,1.45,1.43,0.12,0.00
21013,2.12,4.40,76.24,13.68,3.27,0.17,0.01,0.11,2.33,7.34,71.15,17.07,1.44,0.46,0.02,0.20,2.40,7.21,74.09,14.73,1.13,0.43,0.01,0.00,2.46,7.63,71.54,17.75,0.28,0.33,0.01,0.00,2.83,7.30,67.45,21.63,0.25,0.53,0.01,0.00,2.84,7.54,65.51,23.03,0.56,0.52,0.00,0.00,2.34,7.84,60.55,27.87,0.79,0.59,0.01,0.00,2.05,7.68,63.01,24.05,2.74,0.46,0.01,0.00
21015,2.60,1.98,57.21,25.22,12.77,0.19,0.01,0.02,3.01,5.20,51.53,27.01,11.45,0.63,0.02,1.16,3.89,4.55,55.24,24.83,10.93,0.55,0.01,0.00,3.40,5.27,56.77,25.68,8.29,0.58,0.02,0.00,4.03,4.81,59.47,21.93,9.16,0.59,0.01,0.00,3.92,4.99,56.39,26.30,7.61,0.79,0.00,0.00,3.64,5.16,53.91,27.21,9.28,0.77,0.02,0.00,3.23,4.58,50.73,27.36,13.44,0.63,0.02,0.00
21016,4.72,3.17,34.59,5.96,51.04,0.52,0.00,0.00,5.62,7.25,33.67,2.68,48.91,1.67,0.00,0.19,9.37,3.76,33.06,2.80,49.85,1.15,0.00,0.00,9.76,3.41,31.60,2.04,51.63,1.56,0.00,0.00,10.41,4.25,33.22,1.60,49.13,1.40,0.00,0.00,13.61,2.64,30.37,3.09,48.53,1.76,0.00,0.00,11.72,2.85,29.91,4.97,48.31,2.24,0.00,0.00,8.26,3.05,33.94,3.92,49.62,1.21,0.00,0.00
21017,0.05,28.13,58.15,13.66,0.00,0.00,0.01,0.00,0.09,29.43,67.11,3.36,0.00,0.01,0.00,0.00,0.10,30.13,69.55,0.21,0.00,0.01,0.00,0.00,0.08,30.12,69.24,0.56,0.00,0.00,0.00,0.00,0.09,30.15,67.74,2.01,0.00,0.01,0.00,0.00,0.00,29.42,70.09,0.47,0.00,0.01,0.00,0.00,0.00,29.47,68.06,2.46,0.00,0.01,0.00,0.00,0.08,29.31,67.47,3.12,0.00,0.01,0.00,0.00
21018,2.60,9.65,65.25,18.23,3.50,0.30,0.40,0.08,3.08,13.70,66.54,13.55,1.30,0.98,0.42,0.43,3.81,14.36,66.31,14.03,0.09,1.01,0.39,0.00,2.98,14.27,66.56,14.98,0.10,0.72,0.39,0.00,2.96,14.43,67.00,14.31,0.00,0.89,0.41,0.00,2.63,14.80,65.08,15.87,0.15,1.11,0.36,0.00,2.58,15.08,61.43,18.98,0.34,1.18,0.41,0.00,2.69,14.20,62.16,16.50,3.29,0.77,0.39,0.00
21022,3.88,3.12,38.78,28.42,25.10,0.42,0.25,0.02,4.07,6.29,39.06,27.37,21.89,0.94,0.27,0.12,5.80,5.09,40.11,26.50,21.41,0.86,0.24,0.00,5.90,5.04,39.88,26.55,21.52,0.88,0.25,0.00,6.14,5.12,40.73,25.84,21.09,0.86,0.22,0.00,7.14,4.52,32.70,33.55,20.76,1.12,0.22,0.00,6.16,4.82,30.84,36.04,20.79,1.12,0.24,0.00,4.88,5.37,40.01,27.25,21.36,0.84,0.26,0.03
21023,3.05,0.73,18.10,0.02,77.46,0.64,0.00,0.00,4.04,0.49,12.83,0.01,80.92,1.70,0.01,0.00,5.50,0.17,13.97,0.00,78.70,1.66,0.00,0.00,5.33,0.16,10.72,0.00,82.17,1.60,0.01,0.00,5.84,0.04,12.50,0.00,79.93,1.70,0.00,0.00,6.11,0.00,13.73,0.00,78.02,2.14,0.00,0.00,5.36,0.00,14.33,0.00,78.12,2.18,0.01,0.00,4.98,0.00,16.46,0.00,76.73,1.80,0.01,0.02
21024,4.83,30.37,47.31,7.51,9.17,0.73,0.06,0.02,5.49,40.19,43.95,5.28,3.79,1.16,0.05,0.11,7.58,38.72,44.68,4.75,3.12,1.12,0.02,0.00,6.67,39.49,46.07,4.62,2.04,1.09,0.02,0.00,7.31,38.79,46.85,4.40,1.41,1.22,0.01,0.00,7.39,38.61,46.76,4.36,1.49,1.36,0.02,0.00,6.90,39.03,45.82,4.42,2.31,1.50,0.02,0.00,6.26,38.26,43.21,6.26,4.67,1.31,0.02,0.00
21026,1.41,85.54,11.55,1.30,0.00,0.02,0.18,0.00,0.08,87.49,8.91,3.32,0.00,0.02,0.18,0.00,0.07,87.21,12.41,0.02,0.00,0.11,0.18,0.00,0.09,86.86,12.67,0.13,0.00,0.07,0.18,0.00,0.04,87.04,12.52,0.15,0.00,0.07,0.18,0.00,0.02,87.37,12.50,0.02,0.00,0.09,0.00,0.00,0.02,87.19,12.26,0.27,0.00,0.09,0.18,0.00,0.23,87.04,10.07,2.34,0.14,0.00,0.18,0.00
21027,4.50,1.88,48.26,13.62,30.93,0.74,0.06,0.01,4.19,5.43,46.69,13.77,27.96,1.63,0.07,0.28,5.90,4.53,45.91,15.00,27.18,1.44,0.05,0.00,5.71,4.54,44.99,14.68,28.58,1.45,0.05,0.00,6.29,4.52,47.53,13.78,26.43,1.45,0.00,0.00,7.14,3.72,38.43,22.36,26.57,1.79,0.00,0.00,6.16,4.22,36.89,24.20,26.64,1.84,0.05,0.00,4.96,4.43,45.47,14.63,28.89,1.47,0.05,0.09
22001,3.59,8.58,51.49,21.51,14.66,0.14,0.02,0.00,5.87,9.66,59.47,11.36,12.57,0.93,0.14,0.00,7.31,8.64,59.14,10.95,12.91,0.93,0.11,0.00,7.70,8.39,59.25,10.34,13.23,0.88,0.11,0.09,7.65,8.71,59.05,11.21,12.31,0.95,0.11,0.00,7.98,8.38,58.91,10.68,12.86,1.08,0.10,0.00,8.32,7.64,59.63,10.90,12.16,1.24,0.11,0.00,7.39,7.66,59.14,12.72,11.97,0.96,0.14,0.02
22006,3.53,0.99,46.30,0.17,45.60,2.94,0.21,0.26,5.29,0.73,44.90,0.12,44.11,3.84,0.30,0.72,6.28,0.42,44.72,0.04,43.62,4.02,0.24,0.64,6.49,0.25,43.88,0.04,44.44,4.09,0.23,0.58,6.59,0.28,44.52,0.12,43.64,3.89,0.22,0.75,7.32,0.39,44.59,0.34,42.64,4.44,0.07,0.22,5.96,0.30,44.12,0.10,44.43,4.55,0.23,0.32,5.34,0.38,47.72,0.52,41.17,4.09,0.23,0.55
22007,5.36,11.91,55.69,6.44,19.72,0.26,0.38,0.25,6.43,14.02,56.87,5.05,16.66,0.57,0.40,0.00,7.54,13.16,55.60,5.79,16.84,0.65,0.40,0.00,7.52,13.02,56.38,5.71,16.21,0.62,0.40,0.13,7.51,13.09,55.44,6.86,16.09,0.61,0.40,0.01,7.80,12.97,56.76,4.24,17.21,0.79,0.21,0.01,7.38,12.93,56.38,5.21,16.93,0.77,0.40,0.00,6.93,12.46,53.78,9.40,16.43,0.59,0.40,0.03
22009,1.69,10.30,53.84,27.15,6.87,0.13,0.01,0.00,3.34,11.69,65.06,13.36,5.86,0.56,0.13,0.00,4.43,10.79,65.44,12.55,6.13,0.56,0.11,0.00,4.41,10.86,65.65,11.63,6.69,0.50,0.10,0.15,4.64,11.07,65.35,12.72,5.54,0.57,0.10,0.00,5.36,10.62,66.04,11.76,5.44,0.69,0.09,0.00,5.17,10.32,66.83,11.25,5.57,0.76,0.11,0.00,4.45,10.22,64.39,13.85,6.35,0.60,0.11,0.03
23001,3.21,19.24,48.35,23.38,3.99,0.62,0.95,0.26,3.90,21.01,48.66,21.26,3.38,0.77,0.96,0.07,4.70,20.60,47.18,22.20,3.37,0.94,0.91,0.10,4.59,20.70,47.23,22.31,3.21,0.88,0.92,0.16,4.81,20.76,47.57,21.84,3.11,0.90,0.92,0.10,5.12,20.19,46.41,23.65,2.65,1.06,0.86,0.07,4.13,20.50,42.58,27.26,3.42,1.11,0.95,0.06,4.14,19.54,47.07,23.11,4.20,0.94,0.92,0.09
23004,3.14,4.36,62.15,28.38,1.06,0.49,0.31,0.12,3.59,4.98,55.78,34.31,0.30,0.60,0.34,0.11,3.95,4.60,55.03,34.94,0.35,0.76,0.28,0.09,4.24,4.73,54.22,35.57,0.25,0.67,0.25,0.07,4.30,4.68,56.09,33.71,0.16,0.70,0.28,0.08,4.25,4.21,56.74,33.52,0.15,0.85,0.22,0.06,3.32,4.73,48.98,41.13,0.45,1.02,0.33,0.05,3.19,4.29,52.51,37.94,0.95,0.80,0.29,0.03
23006,1.54,2.42,56.55,38.81,0.22,0.22,0.12,0.12,1.88,2.85,45.43,49.14,0.03,0.28,0.17,0.22,1.95,2.67,46.50,48.21,0.04,0.34,0.10,0.18,2.29,2.83,45.88,48.46,0.01,0.30,0.08,0.14,2.16,2.86,47.94,46.44,0.00,0.33,0.10,0.15,2.07,2.18,49.48,45.69,0.01,0.38,0.09,0.10,1.52,2.74,42.95,51.81,0.17,0.56,0.14,0.11,1.48,2.38,43.36,51.85,0.41,0.37,0.09,0.06
23007,8.53,6.28,35.99,31.62,10.90,4.03,1.70,0.95,9.23,5.89,36.26,32.49,9.63,4.42,1.80,0.28,12.04,4.20,38.16,30.83,8.55,4.45,1.56,0.22,11.92,4.17,39.50,29.83,8.41,4.33,1.71,0.13,12.79,3.78,37.20,30.78,8.86,4.69,1.70,0.19,11.20,6.08,36.91,31.96,8.76,5.00,0.09,0.00,9.85,4.93,36.65,32.06,9.85,4.83,1.78,0.05,9.39,4.35,37.52,33.32,9.12,4.33,1.71,0.26
23008,1.38,18.56,48.80,30.39,0.20,0.15,0.36,0.15,1.79,21.60,59.89,15.94,0.05,0.33,0.35,0.05,2.35,21.51,57.67,17.64,0.01,0.42,0.31,0.07,2.10,21.64,57.84,17.17,0.06,0.39,0.32,0.48,2.28,21.58,56.74,18.59,0.01,0.37,0.31,0.11,2.23,21.14,50.87,24.75,0.01,0.46,0.30,0.24,2.11,21.28,53.75,21.98,0.01,0.48,0.32,0.07,2.09,20.38,57.97,17.99,0.78,0.41,0.31,0.07
23011,0.18,31.10,8.18,60.53,0.00,0.00,0.00,0.01,0.23,35.02,5.67,59.03,0.00,0.01,0.03,0.00,0.33,35.20,6.18,58.27,0.00,0.00,0.02,0.00,0.05,35.41,6.54,57.99,0.00,0.00,0.02,0.00,0.01,35.53,5.19,59.25,0.00,0.00,0.02,0.00,0.24,35.72,4.60,59.42,0.00,0.01,0.00,0.00,0.00,35.36,4.79,59.83,0.00,0.00,0.02,0.01,0.26,33.85,8.23,57.54,0.12,0.00,0.00,0.00
23016,3.09,0.00,16.14,0.06,36.26,43.00,0.17,1.29,5.71,0.13,17.47,0.00,28.97,47.05,0.38,0.30,7.82,0.00,6.08,0.00,33.42,52.30,0.19,0.18,7.32,0.00,5.43,0.00,35.94,51.13,0.19,0.00,8.68,0.00,4.86,0.00,33.59,52.39,0.16,0.31,7.98,0.00,8.46,0.00,33.20,50.17,0.19,0.00,7.16,0.00,10.79,0.00,30.62,51.10,0.33,0.00,6.19,0.00,24.67,0.00,18.58,50.38,0.18,0.00
24001,4.95,4.60,47.89,24.85,12.58,3.55,0.26,1.32,4.57,5.29,51.08,24.95,9.26,4.08,0.31,0.46,5.29,5.02,50.94,24.77,9.29,4.33,0.28,0.09,4.93,4.99,50.14,26.44,8.80,4.09,0.25,0.37,5.46,4.72,52.29,24.64,8.02,4.24,0.26,0.37,5.00,4.99,51.14,25.55,8.64,4.47,0.11,0.10,4.84,5.14,45.73,30.26,8.70,4.69,0.27,0.37,3.95,5.11,48.26,29.27,8.69,4.12,0.32,0.28
24003,1.29,3.06,62.49,30.94,0.03,0.35,0.30,1.53,1.25,1.90,60.49,34.44,0.00,0.33,0.34,1.25,1.30,1.69,59.02,37.03,0.00,0.39,0.29,0.29,1.10,1.70,52.04,43.36,0.00,0.27,0.28,1.25,1.44,1.84,58.07,36.80,0.00,0.33,0.29,1.23,1.47,1.18,53.88,42.34,0.00,0.50,0.28,0.34,1.06,1.76,37.16,57.74,0.00,0.70,0.30,1.27,0.82,1.63,44.11,51.91,0.13,0.49,0.28,0.62
24004,6.01,24.08,16.70,52.14,0.79,0.01,0.00,0.26,4.36,28.37,17.37,49.41,0.43,0.06,0.00,0.00,5.13,27.45,18.60,48.32,0.41,0.09,0.00,0.00,4.62,27.81,21.46,45.84,0.20,0.08,0.00,0.00,5.47,26.96,21.88,45.56,0.09,0.04,0.00,0.00,4.08,27.84,23.82,43.74,0.43,0.10,0.00,0.00,4.06,28.34,23.57,43.64,0.22,0.16,0.00,0.00,3.75,27.94,23.90,43.83,0.49,0.09,0.00,0.00
24005,9.08,3.63,52.47,2.82,23.86,6.74,0.01,1.39,8.61,4.62,60.09,2.18,16.95,7.42,0.05,0.07,10.41,4.58,60.04,0.76,16.16,7.99,0.04,0.01,9.55,3.91,65.33,0.19,13.35,7.61,0.03,0.03,10.06,4.04,63.95,0.47,13.50,7.90,0.05,0.03,10.50,3.57,61.77,2.23,13.35,8.56,0.01,0.02,8.99,4.45,60.37,1.66,16.27,8.23,0.02,0.00,7.72,4.31,63.29,1.82,15.43,7.38,0.03,0.01
25001,2.54,1.05,41.41,39.99,13.14,0.74,0.99,0.15,2.30,1.51,34.86,46.76,12.36,0.99,1.08,0.14,2.87,1.37,33.67,47.48,12.41,1.04,1.03,0.12,2.69,1.45,32.16,49.43,12.18,0.96,1.03,0.10,2.94,1.39,33.06,48.59,11.99,0.98,0.97,0.08,2.77,1.61,30.76,50.69,12.08,1.14,0.87,0.09,2.64,1.48,29.55,51.77,12.12,1.28,1.01,0.15,2.39,1.58,34.79,46.77,12.19,1.14,1.03,0.12
25003,0.00,0.09,11.15,88.72,0.00,0.00,0.04,0.00,0.00,0.00,0.72,99.23,0.00,0.00,0.04,0.00,0.00,0.00,0.68,99.28,0.00,0.00,0.04,0.00,0.00,0.00,0.57,99.39,0.00,0.00,0.04,0.00,0.00,0.09,0.09,99.78,0.00,0.00,0.04,0.00,0.00,0.00,0.00,99.96,0.00,0.00,0.04,0.00,0.00,0.09,0.00,99.87,0.00,0.00,0.04,0.00,0.00,0.00,1.16,98.79,0.00,0.00,0.04,0.00
25006,0.36,0.02,25.76,72.92,0.81,0.07,0.00,0.06,0.26,0.09,23.75,75.69,0.00,0.14,0.00,0.09,0.54,0.09,20.96,77.73,0.01,0.28,0.00,0.39,0.43,0.51,21.16,77.63,0.00,0.16,0.00,0.11,0.49,0.08,20.52,78.49,0.00,0.18,0.00,0.24,0.53,0.94,21.37,76.63,0.01,0.37,0.00,0.15,0.56,0.05,21.56,77.15,0.01,0.52,0.00,0.14,0.47,0.19,23.92,74.73,0.02,0.58,0.00,0.09
25012,0.00,0.21,65.08,34.71,0.00,0.00,0.00,0.00,0.00,0.23,38.52,61.24,0.00,0.00,0.00,0.00,0.00,0.23,29.44,70.32,0.00,0.00,0.00,0.00,0.00,0.23,24.21,75.55,0.00,0.00,0.00,0.00,0.00,0.23,30.49,69.28,0.00,0.00,0.00,0.00,0.00,0.23,16.85,82.91,0.00,0.00,0.00,0.00,0.00,0.23,12.17,87.59,0.00,0.00,0.00,0.00,0.00,0.21,35.45,64.30,0.00,0.03,0.00,0.00
25020,4.34,0.07,25.47,0.10,59.95,9.04,0.05,0.98,5.44,0.32,29.31,0.04,52.78,10.43,0.43,1.26,5.85,0.13,26.91,0.00,54.40,11.07,0.33,1.31,5.58,0.00,26.37,0.00,55.56,10.80,0.36,1.33,6.41,0.02,26.66,0.01,54.06,11.41,0.30,1.13,6.54,0.02,30.70,0.00,50.67,10.98,0.22,0.86,6.25,0.02,30.88,0.00,49.94,11.72,0.32,0.87,5.74,0.02,35.64,0.00,46.44,10.44,0.35,1.36
25021,4.68,0.11,24.55,0.20,61.56,7.30,0.11,1.50,6.08,0.54,31.27,0.08,50.72,8.01,0.81,2.50,6.46,0.23,30.41,0.00,51.25,8.46,0.56,2.63,6.42,0.00,29.32,0.00,52.82,8.16,0.61,2.67,7.44,0.00,30.24,0.00,50.67,8.85,0.51,2.28,7.67,0.00,33.10,0.00,48.50,8.57,0.41,1.74,7.15,0.00,33.04,0.01,48.22,9.26,0.58,1.75,6.49,0.00,36.65,0.00,45.55,7.98,0.64,2.70
25029,6.31,4.69,39.24,10.34,36.80,2.58,0.01,0.02,5.95,6.51,36.96,9.94,37.02,3.57,0.04,0.00,6.39,6.42,37.49,11.11,34.84,3.74,0.02,0.00,6.11,6.42,34.82,11.35,37.05,4.22,0.02,0.00,6.87,6.01,34.92,10.90,37.16,4.11,0.02,0.00,8.02,5.18,34.92,10.92,36.38,4.58,0.01,0.00,7.06,5.62,33.37,11.05,37.67,5.20,0.03,0.00,7.13,4.92,40.76,9.12,34.39,3.63,0.04,0.00
26003,1.16,0.00,11.99,0.00,85.78,1.06,0.00,0.01,1.65,0.00,9.75,0.00,86.92,1.66,0.02,0.00,1.93,0.00,7.40,0.00,88.79,1.88,0.00,0.00,1.94,0.00,8.97,0.00,87.21,1.82,0.02,0.04,2.01,0.00,9.60,0.00,86.68,1.70,0.00,0.00,2.16,0.00,8.92,0.00,86.89,2.00,0.02,0.02,2.21,0.00,9.35,0.00,86.18,2.25,0.02,0.00,2.03,0.00,11.33,0.00,85.06,1.54,0.02,0.03
26005,1.80,0.00,10.34,0.00,87.24,0.60,0.00,0.01,2.18,0.06,8.11,0.01,88.65,0.99,0.00,0.00,2.70,0.05,8.11,0.08,88.03,1.02,0.00,0.00,2.57,0.02,8.10,0.01,88.17,1.13,0.00,0.00,2.69,0.02,8.79,0.01,87.43,1.06,0.00,0.00,2.89,0.01,7.73,0.00,88.02,1.34,0.00,0.00,2.85,0.02,7.99,0.08,87.61,1.43,0.01,0.01,2.85,0.01,9.11,0.01,87.04,0.98,0.01,0.00
26006,2.75,0.00,11.11,0.00,84.58,1.56,0.00,0.00,2.84,0.00,9.78,0.00,84.24,3.01,0.14,0.00,3.83,0.00,8.39,0.00,83.67,4.03,0.09,0.00,3.71,0.00,8.56,0.00,83.22,4.00,0.51,0.00,3.57,0.00,9.70,0.00,83.19,3.03,0.51,0.00,4.00,0.00,9.70,0.00,83.07,3.23,0.00,0.00,4.03,0.00,14.94,0.00,77.77,3.26,0.00,0.00,3.60,0.00,16.70,0.00,77.71,1.98,0.00,0.00
26008,6.94,0.29,9.59,0.00,80.31,2.62,0.06,0.18,8.46,0.61,12.23,0.00,75.11,3.47,0.12,0.00,9.51,0.34,9.39,0.00,76.52,3.95,0.23,0.07,9.57,0.41,11.93,0.00,73.97,3.74,0.25,0.12,9.41,0.48,10.76,0.00,74.69,4.28,0.26,0.12,9.70,0.32,10.67,0.00,74.78,4.29,0.12,0.12,9.09,0.48,12.71,0.02,73.34,4.18,0.12,0.05,8.60,0.57,14.51,0.00,72.67,2.94,0.12,0.59
26009,2.60,0.10,16.31,0.01,79.33,1.62,0.02,0.03,3.66,0.35,13.30,0.19,80.20,2.26,0.04,0.00,3.90,0.00,12.04,0.00,81.31,2.66,0.08,0.00,4.39,0.08,12.45,0.01,80.27,2.71,0.10,0.00,4.30,0.13,12.99,0.06,79.82,2.61,0.10,0.00,4.41,0.11,13.05,0.03,79.74,2.66,0.01,0.00,4.13,0.35,13.21,0.10,79.50,2.69,0.01,0.00,4.06,0.22,14.44,0.02,79.06,2.15,0.00,0.04
27001,5.17,0.61,47.97,21.57,18.64,5.35,0.64,0.05,5.88,0.90,46.42,21.72,17.66,6.53,0.76,0.12,6.22,0.68,50.40,20.18,14.78,6.95,0.79,0.01,6.25,0.65,48.83,20.23,16.42,6.74,0.56,0.32,6.57,0.82,46.87,22.30,15.84,6.93,0.57,0.10,6.46,0.72,47.67,20.96,16.14,7.19,0.74,0.11,6.17,0.75,46.96,21.94,15.77,7.54,0.77,0.10,5.32,0.97,50.27,20.45,15.67,6.44,0.76,0.13
27002,5.20,1.82,55.74,27.59,5.70,2.67,0.88,0.39,4.81,2.37,57.75,25.63,4.50,3.52,1.04,0.37,5.47,2.04,56.13,28.32,2.86,3.86,1.08,0.23,4.99,2.04,55.92,27.26,4.76,3.59,1.16,0.27,5.21,2.12,55.66,27.71,4.42,3.54,1.09,0.25,4.64,2.17,55.85,27.57,4.45,3.92,1.14,0.26,4.38,2.40,55.43,27.76,4.44,4.15,1.18,0.25,3.98,2.37,59.43,24.74,4.71,3.36,1.16,0.25
27003,8.66,0.44,46.91,11.36,10.55,20.28,1.06,0.74,7.94,0.75,42.51,14.46,7.46,25.44,1.20,0.22,9.37,0.54,41.60,15.72,5.36,25.91,1.39,0.10,7.89,0.62,42.58,15.44,7.03,25.05,1.30,0.11,8.84,0.67,41.47,15.34,6.50,25.69,1.38,0.11,7.68,0.65,42.39,15.18,6.95,25.77,1.21,0.17,7.11,0.76,42.66,14.64,6.79,26.65,1.28,0.12,6.49,0.75,48.38,11.52,7.19,24.14,1.23,0.29
27006,11.22,2.81,36.41,25.39,3.51,18.39,1.68,0.59,10.80,3.31,38.56,21.79,2.40,21.15,1.74,0.24,10.85,3.37,41.41,20.84,0.16,21.06,1.48,0.83,10.06,2.89,42.26,21.39,0.40,20.93,1.58,0.50,10.36,3.31,39.76,22.18,0.66,21.52,1.58,0.62,9.58,3.38,41.61,20.58,0.75,21.62,1.62,0.86,8.63,3.82,39.90,21.45,1.62,22.61,1.62,0.35,9.48,2.64,39.26,22.91,3.26,20.59,1.64,0.21
27007,4.63,1.83,50.91,25.93,15.03,1.14,0.26,0.27,4.58,2.06,52.09,25.76,13.38,1.55,0.38,0.20,4.96,1.38,54.99,24.02,12.27,1.69,0.49,0.20,4.58,1.59,56.39,23.94,11.40,1.41,0.50,0.19,4.68,1.80,55.18,24.49,11.57,1.54,0.50,0.24,4.87,1.73,52.68,26.32,11.77,1.89,0.55,0.19,4.82,1.91,49.69,28.92,11.91,2.05,0.54,0.15,4.05,1.96,55.40,24.36,11.91,1.50,0.51,0.30
27009,4.14,1.26,40.46,17.86,33.33,2.56,0.24,0.14,4.53,1.54,39.91,18.11,32.09,3.31,0.42,0.08,4.79,1.34,41.61,16.97,31.13,3.58,0.50,0.08,4.68,1.39,42.27,16.93,30.85,3.27,0.48,0.12,4.81,1.43,42.23,17.24,30.23,3.44,0.50,0.11,4.85,1.33,41.33,18.07,30.04,3.77,0.51,0.10,4.65,1.46,40.37,19.17,29.77,3.96,0.51,0.11,4.09,1.52,44.67,17.07,28.88,3.14,0.49,0.15
27021,10.95,1.16,28.97,8.02,25.86,22.61,0.98,1.46,11.44,1.34,32.95,6.77,19.95,25.94,1.17,0.43,13.85,1.24,32.71,6.34,17.77,26.63,1.04,0.42,11.60,1.16,34.06,6.46,19.47,25.78,1.16,0.33,12.16,1.29,32.68,6.68,18.92,26.56,1.17,0.55,11.93,1.35,33.35,6.23,19.25,26.45,1.04,0.40,11.03,1.52,33.17,6.64,19.15,27.27,1.07,0.16,10.65,1.17,36.06,6.96,19.43,24.55,1.00,0.18
27023,13.03,1.17,45.76,0.34,24.84,13.19,0.26,1.42,11.36,1.67,47.27,0.23,21.97,17.07,0.41,0.03,16.35,0.09,60.95,0.43,2.88,19.02,0.29,0.00,12.48,0.78,50.03,0.34,19.03,17.03,0.31,0.00,13.51,0.91,49.59,0.17,17.86,17.61,0.35,0.00,12.92,1.12,50.69,0.13,16.52,18.33,0.27,0.01,12.41,0.96,45.52,0.51,22.03,18.28,0.29,0.00,10.40,1.61,47.49,0.10,23.62,16.47,0.28,0.03
27025,9.95,0.45,28.81,2.02,33.64,22.29,0.40,2.45,11.53,0.48,34.68,1.41,24.35,25.87,0.60,1.09,14.53,0.65,31.09,0.80,25.08,26.78,0.52,0.55,11.85,0.62,35.11,0.68,24.99,25.64,0.66,0.46,12.68,0.57,33.61,0.71,24.55,26.38,0.60,0.90,12.40,0.63,34.09,0.68,25.14,26.09,0.51,0.46,11.22,0.82,36.36,0.92,23.11,26.87,0.55,0.16,10.82,0.57,39.66,0.92,23.18,24.23,0.50,0.12
27026,10.91,0.90,39.15,3.24,22.25,22.38,0.25,0.92,11.66,0.93,45.50,1.46,12.81,26.44,0.36,0.83,13.92,1.12,45.05,1.57,9.60,27.49,0.28,0.95,10.65,1.10,48.06,1.42,11.54,26.10,0.35,0.77,11.63,1.14,45.16,1.47,11.95,26.92,0.34,1.39,10.96,1.19,45.66,1.45,12.48,26.95,0.34,0.97,9.78,1.65,45.05,1.89,13.07,27.93,0.36,0.27,9.93,1.00,47.40,1.87,13.87,25.60,0.32,0.00
27029,10.29,0.25,47.51,32.46,0.48,7.40,1.41,0.20,9.04,0.76,39.32,38.66,0.15,10.41,1.45,0.20,10.11,0.70,35.15,42.50,0.00,10.05,1.40,0.09,8.48,0.71,37.09,41.95,0.06,10.18,1.43,0.10,9.99,0.69,35.94,41.54,0.02,10.29,1.41,0.12,7.36,0.82,37.11,42.29,0.01,10.92,1.28,0.22,6.66,1.01,38.16,40.70,0.07,11.81,1.46,0.14,6.42,0.89,50.01,30.65,0.25,10.14,1.45,0.19
27030,11.18,0.53,29.56,0.15,36.55,19.97,0.59,1.48,11.78,0.73,34.22,0.09,28.64,23.62,0.90,0.01,16.28,0.08,37.66,0.19,20.09,24.77,0.90,0.03,12.90,0.35,34.31,0.14,27.85,23.53,0.91,0.02,13.66,0.43,33.63,0.09,26.51,24.45,1.08,0.16,13.52,0.51,34.13,0.18,26.32,24.59,0.74,0.00,13.04,0.42,31.93,0.49,28.02,25.32,0.77,0.00,11.22,0.74,36.52,0.08,28.34,22.40,0.68,0.02
27032,0.00,0.00,17.09,82.55,0.00,0.00,0.00,0.36,0.00,0.00,18.25,81.65,0.00,0.00,0.07,0.03,0.00,0.00,23.67,76.25,0.00,0.00,0.00,0.08,0.00,0.00,19.82,80.10,0.00,0.00,0.00,0.08,0.00,0.00,26.06,73.86,0.00,0.00,0.00,0.08,0.00,0.00,24.37,75.30,0.00,0.00,0.00,0.34,0.00,0.00,21.42,78.28,0.00,0.00,0.00,0.30,0.00,0.00,25.50,73.67,0.00,0.00,0.00,0.83
27034,2.35,1.89,62.49,30.46,1.91,0.49,0.07,0.33,2.19,2.21,63.17,30.32,1.02,0.66,0.13,0.29,2.17,1.73,66.39,27.47,1.05,0.71,0.18,0.30,1.92,1.82,66.92,27.62,0.80,0.45,0.15,0.33,2.03,1.93,66.55,27.66,0.83,0.47,0.13,0.41,2.19,1.88,62.73,30.77,1.08,0.86,0.18,0.31,2.15,2.25,57.62,35.04,1.42,1.03,0.23,0.25,1.85,1.96,66.14,27.35,1.46,0.70,0.22,0.32
27035,3.62,1.00,81.69,9.90,0.58,2.33,0.45,0.44,2.80,1.64,76.88,13.74,0.76,3.30,0.51,0.36,3.97,1.35,74.23,16.11,0.00,3.61,0.47,0.26,3.00,1.45,75.47,15.66,0.07,3.65,0.49,0.20,2.92,1.65,76.57,14.55,0.02,3.54,0.50,0.25,2.66,1.56,75.66,15.57,0.21,3.67,0.45,0.22,2.66,1.95,76.38,14.28,0.26,3.76,0.47,0.25,2.33,1.60,79.60,11.51,1.15,3.13,0.45,0.23
27038,1.58,0.00,32.70,0.00,58.40,6.86,0.00,0.45,2.20,0.00,26.91,0.00,61.56,9.04,0.28,0.00,2.20,0.00,24.57,0.00,64.39,8.84,0.00,0.00,2.94,0.00,20.76,0.00,66.87,9.15,0.28,0.00,2.40,0.00,23.81,0.00,64.36,8.87,0.56,0.00,2.99,0.00,23.44,0.00,62.55,10.73,0.28,0.00,2.20,0.00,25.98,0.00,61.34,10.19,0.28,0.00,2.54,0.00,28.72,0.14,60.01,8.08,0.06,0.45
27041,7.56,8.15,28.46,15.03,39.24,1.41,0.04,0.11,8.09,9.07,25.29,14.25,40.88,2.23,0.13,0.06,8.26,9.38,25.52,15.60,39.02,2.12,0.10,0.00,8.55,9.08,25.13,15.19,39.62,2.27,0.16,0.01,8.64,8.81,26.76,14.65,38.82,2.15,0.17,0.01,8.93,8.56,25.94,14.83,39.01,2.58,0.14,0.00,8.32,8.82,26.94,15.03,38.15,2.58,0.15,0.01,8.16,8.54,30.88,13.49,36.76,1.91,0.15,0.11
27042,6.36,0.55,35.46,45.94,10.71,0.99,0.00,0.00,7.31,0.94,34.35,44.99,11.00,1.41,0.01,0.00,6.76,1.48,32.42,48.50,9.28,1.55,0.00,0.00,7.20,1.28,32.16,47.07,10.64,1.65,0.00,0.00,7.12,1.36,32.77,46.75,10.48,1.51,0.00,0.00,7.85,0.99,32.23,46.54,10.51,1.88,0.00,0.00,7.08,1.25,32.57,47.23,10.05,1.82,0.00,0.00,6.76,0.79,41.76,39.61,9.79,1.25,0.00,0.04
27043,2.35,2.17,57.44,36.25,0.20,0.43,0.52,0.63,2.29,2.82,60.62,32.31,0.05,0.64,0.63,0.64,2.19,2.50,57.17,36.57,0.00,0.62,0.56,0.40,2.14,2.54,58.76,34.64,0.03,0.75,0.68,0.47,2.19,2.52,58.40,35.29,0.00,0.61,0.55,0.44,1.62,2.72,58.77,34.82,0.02,0.93,0.67,0.46,1.67,3.03,57.80,35.30,0.03,1.04,0.70,0.44,1.66,2.86,63.15,30.41,0.15,0.64,0.70,0.44
27047,0.60,12.98,75.03,11.39,0.00,0.00,0.00,0.00,0.26,13.77,82.50,3.39,0.00,0.07,0.00,0.00,0.04,14.63,83.98,1.34,0.00,0.00,0.00,0.00,0.24,14.43,81.78,3.55,0.00,0.00,0.00,0.00,0.00,14.68,81.82,3.50,0.00,0.00,0.00,0.00,0.00,14.61,75.36,10.03,0.00,0.00,0.00,0.00,0.00,14.68,72.87,12.45,0.00,0.00,0.00,0.00,0.04,13.46,83.54,2.95,0.00,0.00,0.00,0.00
27049,10.37,7.30,31.67,32.65,17.73,0.28,0.00,0.00,10.32,8.45,29.41,32.26,18.91,0.61,0.03,0.00,9.55,9.87,27.94,36.23,15.83,0.57,0.01,0.00,10.14,8.98,27.34,35.18,17.58,0.73,0.05,0.00,10.25,8.79,29.32,33.10,17.89,0.60,0.04,0.00,10.56,8.33,29.07,32.62,18.50,0.87,0.03,0.01,10.14,8.74,28.38,33.34,18.46,0.89,0.05,0.00,9.44,8.73,32.58,29.92,18.71,0.58,0.04,0.00
27051,0.64,0.58,97.34,0.00,1.22,0.21,0.00,0.00,2.88,0.86,89.78,0.00,4.59,1.90,0.00,0.00,2.32,0.86,95.35,0.00,0.00,1.47,0.00,0.00,2.91,0.86,93.06,0.34,0.34,2.51,0.00,0.00,2.20,1.28,93.94,0.34,0.00,2.23,0.00,0.00,3.21,1.10,92.47,0.34,0.34,2.54,0.00,0.00,2.88,0.95,92.57,0.52,0.55,2.54,0.00,0.00,1.62,1.38,92.35,0.52,2.48,1.65,0.00,0.00
27062,4.92,0.57,46.37,20.35,21.91,5.21,0.61,0.05,5.65,0.85,44.97,20.50,20.78,6.42,0.73,0.11,5.98,0.64,48.56,19.04,18.15,6.83,0.80,0.01,6.01,0.62,47.09,19.08,19.72,6.62,0.56,0.30,6.33,0.77,45.32,21.04,19.01,6.82,0.61,0.10,6.23,0.68,45.99,19.78,19.40,7.09,0.73,0.10,5.94,0.71,45.51,20.71,18.86,7.43,0.76,0.10,5.13,0.92,48.73,19.30,18.77,6.32,0.73,0.12
27064,3.92,0.00,8.92,0.00,75.19,11.02,0.29,0.65,4.83,0.01,13.27,0.00,68.88,12.64,0.38,0.00,6.77,0.00,9.81,0.00,69.62,13.37,0.41,0.02,5.48,0.00,11.64,0.00,69.35,13.10,0.39,0.04,5.83,0.00,12.07,0.00,68.49,13.21,0.36,0.04,5.87,0.00,11.53,0.00,68.78,13.48,0.30,0.05,5.78,0.00,15.15,0.17,64.79,13.81,0.31,0.00,4.85,0.03,17.35,0.01,64.86,11.69,0.31,0.91
27065,13.20,1.64,60.41,14.52,0.66,8.32,0.83,0.42,10.72,3.00,49.39,19.91,3.86,12.07,0.83,0.23,13.02,2.37,49.19,21.07,0.00,13.42,0.83,0.10,11.58,2.26,51.25,21.10,0.02,12.79,0.83,0.17,12.53,2.53,48.74,21.74,0.08,13.28,0.83,0.26,10.02,2.27,53.11,18.96,0.15,14.52,0.81,0.16,9.40,2.44,50.59,19.91,0.69,15.91,0.87,0.19,9.11,2.31,55.05,17.43,1.17,13.63,0.83,0.46
27071,3.92,1.25,36.37,18.19,37.68,2.36,0.09,0.15,4.11,1.68,35.98,18.76,36.10,3.04,0.30,0.03,4.28,1.75,36.42,17.71,36.12,3.32,0.34,0.07,4.20,1.79,37.30,17.65,35.71,2.93,0.35,0.06,4.33,1.67,38.28,17.30,34.83,3.14,0.37,0.08,4.26,1.55,37.53,18.58,34.21,3.46,0.34,0.08,4.03,1.72,36.87,19.12,34.17,3.61,0.35,0.14,3.72,1.67,40.81,17.64,32.91,2.79,0.34,0.12
27073,4.99,0.53,14.33,0.12,78.57,1.46,0.00,0.00,5.06,0.62,18.24,0.00,73.08,3.01,0.00,0.00,6.14,0.53,18.52,1.77,70.47,2.57,0.00,0.00,5.40,0.53,20.60,0.00,70.91,2.57,0.00,0.00,5.46,0.53,20.63,0.00,71.06,2.33,0.00,0.00,5.37,0.53,17.18,0.00,73.14,3.78,0.00,0.00,5.49,0.53,20.91,0.06,69.63,3.38,0.00,0.00,5.27,0.43,22.15,0.00,69.45,2.70,0.00,0.00
27077,5.76,0.00,34.29,0.24,1.52,56.80,0.25,1.14,4.11,0.00,28.94,0.40,0.48,65.71,0.16,0.20,5.60,0.00,28.63,0.29,0.00,65.08,0.17,0.23,4.41,0.03,31.20,0.12,0.07,63.80,0.15,0.22,5.43,0.01,28.38,0.20,0.11,65.56,0.15,0.16,4.18,0.00,29.69,0.28,0.09,65.32,0.15,0.30,4.16,0.01,27.15,0.48,0.11,67.80,0.15,0.14,3.63,0.04,32.27,0.10,0.58,62.63,0.15,0.60
27079,10.41,0.33,42.18,15.42,11.75,18.05,1.15,0.71,9.49,0.67,37.04,19.08,8.79,23.33,1.38,0.22,11.26,0.51,36.82,20.58,5.60,23.67,1.49,0.08,9.55,0.51,37.28,20.38,7.92,22.86,1.41,0.09,10.92,0.54,35.86,20.31,7.33,23.49,1.46,0.10,9.10,0.56,37.62,19.62,7.75,23.85,1.32,0.18,8.42,0.65,37.55,19.11,7.81,24.93,1.41,0.12,7.75,0.64,45.12,14.43,8.15,22.20,1.36,0.34
27080,7.27,0.62,57.29,8.52,3.88,21.38,0.48,0.57,6.27,0.95,52.49,11.40,1.74,26.34,0.58,0.24,7.42,0.66,50.95,12.61,0.69,26.82,0.71,0.13,6.10,0.82,52.58,12.22,1.48,26.02,0.63,0.15,6.58,0.91,51.75,12.07,1.34,26.58,0.65,0.12,5.97,0.83,51.85,12.46,1.56,26.55,0.60,0.18,5.60,1.00,52.10,11.78,1.40,27.33,0.65,0.13,5.00,0.97,56.13,9.97,1.94,25.09,0.63,0.27
27084,3.41,0.55,79.57,11.74,1.70,2.69,0.10,0.24,3.50,0.53,74.78,16.87,0.09,4.13,0.10,0.00,5.22,0.61,66.19,23.05,0.00,4.84,0.09,0.00,2.94,0.59,72.44,19.52,0.00,4.44,0.08,0.00,3.76,0.75,72.49,18.77,0.00,4.15,0.08,0.00,3.16,0.60,70.20,21.37,0.01,4.53,0.13,0.00,2.43,0.69,72.55,19.59,0.01,4.57,0.13,0.04,1.72,0.93,76.31,16.84,0.13,3.91,0.13,0.02
27087,7.33,14.71,26.37,6.51,42.82,2.15,0.04,0.08,7.16,16.45,23.27,5.01,44.92,3.00,0.19,0.00,7.26,17.06,24.53,5.77,42.50,2.76,0.13,0.00,7.45,16.77,23.54,5.26,43.82,2.97,0.19,0.00,7.79,16.40,23.93,5.07,43.74,2.87,0.21,0.00,7.50,16.45,22.73,5.42,44.36,3.36,0.19,0.00,7.13,16.59,24.44,5.42,42.86,3.37,0.19,0.00,7.86,15.57,26.96,5.08,41.53,2.70,0.24,0.06
27089,5.74,1.70,53.11,25.69,9.55,3.02,0.82,0.36,5.44,2.22,55.62,23.86,7.53,3.97,1.02,0.35,6.10,1.91,54.15,26.37,5.90,4.30,1.06,0.21,5.66,1.91,54.07,25.38,7.56,4.04,1.13,0.25,5.82,1.99,53.96,25.80,7.09,4.04,1.06,0.23,5.28,2.04,54.09,25.66,7.18,4.40,1.11,0.24,5.02,2.24,53.79,25.84,7.14,4.59,1.15,0.23,4.58,2.23,57.74,23.05,7.30,3.75,1.13,0.23
27090,3.90,0.67,42.99,43.93,6.98,1.22,0.04,0.28,3.54,1.32,41.48,46.07,6.01,1.43,0.10,0.04,3.93,1.39,43.60,43.17,6.14,1.57,0.08,0.13,3.65,1.89,43.96,43.01,5.94,1.40,0.07,0.08,3.72,1.42,45.07,42.20,5.92,1.53,0.06,0.08,3.04,1.50,41.98,45.66,5.99,1.60,0.10,0.12,2.98,1.73,40.08,46.92,6.07,1.75,0.15,0.32,2.69,1.72,44.39,43.26,6.14,1.47,0.17,0.17
28001,2.99,7.10,24.07,63.06,0.00,0.01,2.76,0.00,3.36,8.48,25.69,59.26,0.00,0.02,3.19,0.00,2.11,9.24,26.25,59.64,0.00,0.03,2.73,0.00,2.08,9.06,26.33,59.75,0.00,0.02,2.74,0.01,2.28,9.02,24.78,61.18,0.00,0.03,2.71,0.01,1.70,9.17,25.85,60.38,0.00,0.03,2.72,0.15,1.85,9.59,22.49,63.20,0.00,0.05,2.74,0.08,3.17,8.14,20.86,65.05,0.05,0.03,2.68,0.03
28003,3.67,0.08,15.50,0.76,4.82,74.21,0.79,0.19,4.68,0.08,10.30,0.30,4.47,79.10,0.98,0.09,5.12,0.02,13.10,0.00,2.65,78.17,0.88,0.06,4.99,0.05,13.60,0.03,3.17,77.34,0.80,0.01,5.46,0.04,12.18,0.01,2.70,78.71,0.90,0.00,5.67,0.10,12.71,0.00,2.91,77.80,0.79,0.02,5.48,0.07,13.31,0.17,2.57,77.52,0.88,0.00,5.64,0.09,16.61,0.09,2.75,73.92,0.78,0.13
28008,3.08,0.06,91.92,2.10,1.62,0.72,0.00,0.50,3.95,0.16,88.77,1.98,2.11,1.46,0.84,0.75,3.88,0.33,90.23,1.16,0.95,1.61,0.81,1.04,3.54,0.32,90.13,1.62,1.20,1.43,0.80,0.96,3.78,0.23,90.91,1.45,0.66,1.43,0.78,0.77,3.63,0.40,90.21,1.06,0.73,1.95,0.80,1.22,3.55,0.69,88.29,1.74,1.56,2.26,0.81,1.09,3.66,0.32,88.28,2.03,2.13,1.99,0.80,0.79
28009,4.92,0.90,47.17,2.15,27.58,15.93,0.66,0.68,6.34,1.06,45.49,1.74,25.01,18.90,1.04,0.42,7.11,1.10,45.42,1.61,23.92,19.18,1.25,0.40,6.64,1.08,45.77,1.67,24.34,19.02,1.05,0.43,7.03,1.09,46.38,1.62,23.02,19.29,1.16,0.40,6.91,1.02,46.38,1.58,23.09,19.52,1.05,0.46,6.87,1.08,44.37,1.80,24.47,19.99,1.05,0.37,6.55,0.88,46.59,2.00,24.05,18.45,0.97,0.51
28012,5.67,2.38,51.03,0.82,25.68,13.10,0.78,0.53,6.06,3.20,49.88,0.63,22.73,16.50,0.88,0.12,7.32,2.94,45.80,0.51,25.55,16.89,0.95,0.03,6.68,3.12,48.00,0.56,24.15,16.60,0.88,0.00,7.38,3.07,47.83,0.52,23.21,17.08,0.92,0.00,7.97,2.24,47.35,0.56,24.10,16.87,0.87,0.03,8.08,1.94,46.31,0.63,24.98,17.20,0.86,0.00,8.00,1.47,48.31,0.55,24.96,15.56,0.83,0.32
28015,10.29,8.17,12.88,1.41,52.49,12.48,0.80,1.47,13.27,7.53,12.39,0.83,50.00,14.08,1.25,0.65,13.79,7.97,8.07,0.59,53.11,15.06,1.24,0.19,13.01,7.98,11.42,0.78,50.27,14.86,1.38,0.30,13.73,7.61,10.82,0.76,50.52,15.00,1.25,0.32,13.54,7.71,9.18,0.54,53.02,14.87,1.15,0.01,12.96,7.93,13.28,0.71,48.50,15.36,1.23,0.03,12.08,7.88,18.74,0.54,44.79,14.15,1.13,0.70
28018,5.71,0.47,84.22,1.47,5.11,2.24,0.23,0.55,6.55,0.50,81.34,1.38,5.09,3.84,0.82,0.49,7.15,0.44,81.19,0.85,4.56,4.31,0.82,0.69,6.78,0.37,81.61,1.13,4.60,4.07,0.77,0.67,7.02,0.36,83.05,1.00,3.26,4.13,0.73,0.46,6.86,0.49,82.17,0.81,3.51,4.60,0.80,0.77,6.67,0.72,79.35,1.24,5.39,5.12,0.81,0.70,6.28,0.63,80.21,1.40,5.77,4.34,0.80,0.57
28022,4.89,0.89,45.57,1.95,30.21,15.14,0.69,0.67,6.25,1.02,43.48,1.59,28.13,18.06,1.07,0.39,7.00,1.08,43.18,1.46,27.27,18.36,1.28,0.37,6.55,1.05,43.79,1.52,27.42,18.20,1.09,0.39,6.92,1.06,44.27,1.48,26.27,18.44,1.19,0.37,6.77,1.00,44.02,1.44,26.59,18.68,1.08,0.42,6.73,1.06,42.67,1.64,27.35,19.14,1.08,0.34,6.39,0.88,45.11,1.82,26.69,17.63,1.00,0.47
28023,2.89,0.00,86.28,2.86,0.24,2.27,0.05,5.40,4.07,0.91,82.60,1.72,1.37,3.43,0.13,5.77,2.98,1.73,85.01,1.22,0.00,1.86,0.12,7.08,3.78,0.63,85.14,1.01,0.05,2.69,0.13,6.58,3.20,1.60,84.17,1.03,0.00,3.07,0.09,6.83,3.07,1.62,83.91,1.05,0.00,1.98,0.09,8.28,2.75,2.52,82.12,1.64,0.02,2.69,0.13,8.12,4.78,0.93,80.35,3.08,0.91,4.71,0.15,5.09
28024,1.90,0.02,48.06,0.00,46.55,3.23,0.20,0.05,2.91,0.02,37.63,0.00,53.95,5.10,0.34,0.05,3.18,0.04,38.52,0.04,52.48,5.25,0.44,0.05,3.21,0.00,37.59,0.00,53.70,5.16,0.30,0.05,3.35,0.00,38.25,0.00,52.79,5.22,0.32,0.08,3.19,0.04,38.09,0.00,53.01,5.35,0.31,0.00,3.22,0.03,37.33,0.01,53.65,5.46,0.30,0.00,2.81,0.07,39.53,0.00,52.48,4.82,0.29,0.01
28026,3.14,0.44,30.22,0.03,49.64,15.14,0.30,1.09,5.39,0.26,33.56,0.04,43.24,16.16,0.56,0.79,5.94,0.37,31.80,0.00,42.59,18.01,0.84,0.45,5.77,0.28,30.69,0.00,44.11,17.96,0.63,0.56,6.12,0.31,32.79,0.00,41.48,17.87,0.74,0.69,5.89,0.31,32.04,0.02,41.70,18.92,0.64,0.49,5.87,0.36,29.71,0.00,43.65,19.51,0.61,0.30,5.39,0.40,31.64,0.00,42.98,18.03,0.51,1.04
28031,2.48,0.03,91.94,5.01,0.01,0.23,0.00,0.29,3.86,0.30,88.88,4.98,0.35,0.53,0.02,1.08,3.06,0.59,91.38,3.02,0.00,0.36,0.05,1.53,2.92,0.54,90.47,4.26,0.00,0.47,0.03,1.32,3.06,0.38,91.09,3.83,0.00,0.42,0.02,1.20,2.99,0.56,91.32,2.78,0.00,0.60,0.03,1.74,2.72,0.95,89.70,4.19,0.02,0.82,0.04,1.55,3.23,0.40,89.26,4.67,0.22,0.99,0.03,1.18
28033,0.00,0.00,95.58,4.42,0.00,0.00,0.00,0.00,1.33,0.25,93.02,5.09,0.06,0.25,0.00,0.00,0.60,0.51,98.77,0.13,0.00,0.00,0.00,0.00,0.00,0.76,98.67,0.57,0.00,0.00,0.00,0.00,0.00,0.76,99.24,0.00,0.00,0.00,0.00,0.00,0.00,0.66,98.99,0.35,0.00,0.00,0.00,0.00,0.00,0.92,93.84,5.18,0.00,0.00,0.00,0.06,0.76,0.28,92.04,6.48,0.00,0.44,0.00,0.00
28039,4.54,0.11,20.43,0.00,1.35,72.41,1.12,0.04,5.21,0.02,12.66,0.11,2.39,78.05,1.29,0.29,4.17,0.02,13.58,0.00,2.77,78.33,1.13,0.00,3.94,0.03,14.96,0.00,2.59,77.34,1.13,0.01,3.70,0.02,13.34,0.00,2.48,79.31,1.14,0.00,4.39,0.03,14.25,0.00,2.57,77.62,1.13,0.00,4.20,0.04,13.87,0.00,2.50,78.23,1.16,0.00,5.05,0.10,17.56,0.00,2.72,73.42,1.15,0.00
28040,4.07,0.00,60.24,1.14,3.55,28.97,0.56,1.47,4.46,0.00,55.66,1.06,1.99,36.32,0.51,0.00,5.03,0.00,53.51,0.83,3.09,36.99,0.54,0.00,4.99,0.00,56.37,1.18,0.74,36.22,0.51,0.00,6.50,0.00,53.42,0.92,1.87,36.79,0.50,0.00,5.03,0.00,56.11,0.90,1.14,36.31,0.51,0.00,5.05,0.00,54.47,1.63,1.32,37.00,0.53,0.00,5.19,0.00,59.29,0.78,1.33,32.86,0.54,0.00
28043,7.20,3.29,52.53,33.80,0.45,0.88,1.12,0.72,7.42,4.37,56.09,28.24,0.25,1.67,1.35,0.60,7.11,4.97,56.31,28.42,0.08,1.52,1.07,0.53,6.19,4.77,56.80,28.79,0.09,1.53,1.14,0.69,7.06,4.89,55.81,28.57,0.12,1.73,1.11,0.70,5.69,5.26,57.24,27.71,0.14,1.97,1.13,0.86,5.58,5.54,53.90,30.40,0.32,2.34,1.14,0.77,6.36,4.00,51.65,33.99,0.35,1.76,1.13,0.76
28044,13.01,3.52,5.77,0.51,69.73,5.46,0.09,1.91,14.32,3.34,8.55,0.08,66.35,6.52,0.23,0.63,16.40,2.97,5.23,0.00,67.78,7.30,0.33,0.00,15.68,2.11,8.02,0.00,66.95,6.70,0.48,0.07,15.73,2.67,7.97,0.00,66.03,7.01,0.38,0.20,15.48,2.58,8.14,0.00,66.77,6.68,0.35,0.00,14.72,3.18,10.51,0.00,64.37,6.88,0.34,0.00,13.97,2.62,12.21,0.00,64.34,6.24,0.35,0.27
28046,2.36,0.00,95.51,0.88,0.31,0.20,0.00,0.74,3.20,0.07,93.13,0.58,1.77,0.47,0.00,0.78,2.47,0.20,95.78,0.14,0.02,0.25,0.00,1.15,2.52,0.26,95.61,0.16,0.19,0.26,0.00,1.00,2.66,0.24,95.76,0.11,0.00,0.31,0.00,0.92,2.30,0.41,95.39,0.13,0.01,0.37,0.00,1.39,2.24,0.95,94.14,0.75,0.08,0.54,0.02,1.29,2.74,0.16,93.22,1.11,1.11,0.80,0.00,0.86
28048,6.03,0.35,60.57,0.62,19.89,11.28,0.72,0.53,6.58,0.37,63.13,0.64,12.58,15.62,0.79,0.30,8.71,0.60,62.22,0.13,10.88,16.33,0.82,0.30,7.36,0.39,62.84,0.15,12.22,16.07,0.81,0.16,7.91,0.64,62.27,0.14,12.33,15.77,0.78,0.15,7.08,0.51,62.60,0.17,12.62,15.84,0.81,0.37,6.88,0.77,62.18,0.40,11.79,17.00,0.79,0.17,6.39,0.38,64.02,0.42,13.12,14.81,0.77,0.09
28050,8.73,0.92,12.32,0.29,60.10,15.13,0.28,2.23,8.89,1.02,11.57,0.00,53.83,22.86,1.42,0.41,9.29,1.39,5.10,0.00,59.35,23.38,1.35,0.13,9.23,1.30,8.41,0.08,53.15,24.93,1.55,1.34,9.26,1.23,8.68,0.01,53.47,25.28,1.38,0.70,10.03,1.28,6.91,0.00,56.53,23.80,1.44,0.00,9.31,1.37,10.24,0.00,53.34,24.16,1.45,0.12,8.70,1.42,18.20,0.00,46.60,22.59,1.34,1.15
28052,5.09,2.53,58.72,0.00,31.18,2.20,0.27,0.00,6.83,2.46,54.21,0.00,31.96,3.91,0.63,0.00,8.27,1.23,49.55,0.01,35.50,4.75,0.69,0.00,7.87,1.31,53.82,0.00,32.16,4.18,0.66,0.00,8.31,1.27,54.23,0.00,31.05,4.51,0.64,0.00,9.11,0.41,52.29,0.00,33.17,4.38,0.64,0.00,9.13,0.19,52.08,0.01,33.24,4.73,0.63,0.00,8.24,0.29,53.58,0.09,33.41,3.53,0.62,0.25
28055,7.13,0.00,76.47,0.03,11.89,3.18,0.00,1.28,7.98,0.32,77.20,0.00,8.56,4.73,0.05,1.17,12.53,0.21,75.22,0.00,5.74,5.98,0.17,0.14,7.53,0.37,80.34,0.01,5.83,4.92,0.10,0.91,7.60,0.33,82.94,0.00,4.14,4.79,0.10,0.10,7.89,0.45,78.76,0.05,4.92,6.42,0.10,1.41,8.30,0.48,75.98,0.02,6.60,7.34,0.10,1.17,6.71,0.48,78.13,0.39,7.87,5.23,0.10,1.09
28056,3.95,0.78,41.81,0.04,35.36,15.07,0.59,2.39,10.48,0.02,37.08,0.00,30.13,19.50,1.06,1.72,13.75,0.02,36.61,0.04,28.38,19.92,0.77,0.50,12.11,0.02,36.44,0.04,29.99,20.30,0.71,0.39,12.33,0.02,36.07,0.02,29.20,20.42,0.71,1.24,11.88,0.29,38.78,0.04,27.23,21.03,0.75,0.01,11.59,0.33,33.57,0.00,32.16,21.18,1.03,0.13,10.37,0.48,35.41,0.00,30.97,20.21,1.01,1.55
28060,10.89,6.35,14.53,0.00,57.35,7.99,0.06,2.83,9.25,6.95,23.86,0.29,48.82,10.34,0.16,0.34,12.43,7.70,20.22,0.00,48.73,10.55,0.38,0.00,11.27,7.49,23.29,0.00,46.93,10.43,0.28,0.31,11.72,7.77,21.11,0.03,48.12,10.77,0.34,0.14,10.90,7.75,17.56,0.05,52.68,10.89,0.16,0.00,10.73,7.81,23.54,0.00,46.45,11.20,0.26,0.00,10.14,7.87,28.27,0.02,43.48,9.59,0.19,0.43
28066,2.57,0.01,26.71,0.00,5.35,64.99,0.35,0.01,4.46,0.04,21.13,0.00,6.08,67.94,0.32,0.02,3.72,0.11,22.55,0.00,4.79,68.30,0.52,0.00,3.06,0.02,22.97,0.00,5.93,67.67,0.36,0.00,3.50,0.02,24.60,0.00,3.83,67.61,0.45,0.00,3.64,0.05,23.39,0.00,4.59,67.95,0.38,0.00,3.62,0.05,22.23,0.00,4.47,69.20,0.43,0.00,3.63,0.24,26.95,0.00,3.65,65.21,0.32,0.00
28067,7.27,1.64,62.94,10.89,8.20,7.07,0.46,1.53,8.00,2.18,63.31,8.89,6.33,9.36,0.73,1.19,8.40,2.55,64.22,8.78,4.59,9.25,0.74,1.48,7.51,2.33,64.99,8.89,4.93,9.22,0.65,1.47,7.81,2.53,64.76,8.83,4.62,9.34,0.66,1.44,7.02,2.62,64.70,8.60,4.86,9.65,0.64,1.91,6.80,3.09,62.66,9.63,5.17,10.30,0.66,1.69,7.07,2.15,62.77,10.99,5.91,9.28,0.65,1.18
28072,4.87,0.06,20.12,0.00,66.74,7.28,0.03,0.91,6.90,0.62,22.16,0.08,59.97,10.20,0.05,0.02,7.51,1.37,19.14,0.00,60.61,11.20,0.16,0.00,7.12,1.15,22.64,0.00,58.04,10.93,0.12,0.00,6.96,1.15,22.62,0.00,58.24,10.89,0.13,0.00,6.56,1.23,19.08,0.03,61.75,11.25,0.10,0.00,6.23,1.16,26.95,0.00,54.32,11.25,0.10,0.00,5.45,1.39,30.53,0.00,52.62,9.88,0.12,0.00
28074,2.79,0.15,40.89,0.24,42.27,12.75,0.39,0.53,4.70,0.05,36.79,0.19,41.40,15.91,0.74,0.23,5.53,0.07,36.30,0.17,40.49,16.37,0.92,0.15,5.30,0.06,36.00,0.16,41.26,16.38,0.71,0.13,5.46,0.03,36.61,0.16,40.38,16.35,0.74,0.26,5.13,0.10,36.49,0.19,40.68,16.65,0.70,0.04,5.09,0.14,35.15,0.14,41.65,17.08,0.73,0.01,4.63,0.17,37.97,0.05,40.27,15.95,0.65,0.30
28080,4.56,0.36,26.59,0.39,14.30,52.92,0.77,0.12,5.61,0.28,20.58,0.15,15.61,56.76,0.90,0.10,5.82,0.30,22.69,0.00,13.11,56.96,1.09,0.03,5.34,0.29,22.46,0.01,14.61,56.41,0.87,0.01,6.03,0.28,22.51,0.01,12.81,57.19,1.18,0.00,6.02,0.26,22.29,0.00,13.71,56.82,0.89,0.01,5.83,0.30,22.03,0.09,13.68,57.16,0.91,0.00,5.53,0.41,26.27,0.04,12.85,53.90,0.77,0.22
28081,1.99,0.01,14.70,0.18,7.53,74.73,0.50,0.36,3.64,0.01,8.14,0.01,5.91,81.52,0.69,0.09,4.32,0.01,12.14,0.00,3.09,79.89,0.41,0.14,4.27,0.01,13.50,0.06,3.29,78.40,0.44,0.03,4.86,0.01,10.87,0.00,3.62,80.23,0.42,0.00,5.08,0.13,11.88,0.00,3.17,79.33,0.36,0.05,5.21,0.01,12.31,0.00,3.56,78.41,0.50,0.00,5.21,0.01,15.10,0.00,4.04,74.95,0.38,0.31
28082,1.56,0.00,38.60,0.00,49.73,8.99,0.20,0.92,2.65,0.00,39.45,0.00,46.81,10.51,0.55,0.03,2.98,0.02,36.77,0.00,46.75,12.70,0.73,0.04,3.12,0.00,37.43,0.00,46.61,12.32,0.50,0.03,3.15,0.00,39.16,0.00,45.25,11.68,0.58,0.19,2.95,0.00,35.78,0.00,47.87,12.91,0.48,0.01,3.05,0.03,34.56,0.00,48.36,13.54,0.45,0.01,2.95,0.01,38.12,0.00,45.89,12.26,0.44,0.33
28085,7.77,1.81,66.10,12.19,5.64,4.39,0.48,1.61,8.38,2.43,66.66,9.92,4.19,6.44,0.70,1.28,8.79,2.84,67.34,9.83,2.61,6.33,0.62,1.64,7.80,2.61,68.28,9.95,2.88,6.28,0.60,1.61,8.15,2.83,67.91,9.88,2.62,6.43,0.58,1.60,7.23,2.91,68.04,9.63,2.76,6.71,0.59,2.12,6.97,3.45,65.92,10.78,2.99,7.41,0.61,1.88,7.36,2.38,65.71,12.30,3.85,6.51,0.61,1.28
28091,9.17,1.17,11.84,0.02,63.35,12.78,0.30,1.38,9.73,1.29,13.31,0.07,59.31,15.71,0.53,0.05,10.27,1.41,7.52,0.00,63.79,16.54,0.43,0.03,9.50,1.61,10.27,0.05,61.78,16.26,0.49,0.04,9.98,1.43,11.16,0.04,60.59,16.33,0.41,0.05,10.08,1.63,10.15,0.06,61.50,16.21,0.37,0.00,9.39,1.64,13.04,0.01,58.85,16.64,0.42,0.00,8.55,1.66,18.44,0.04,55.98,14.82,0.39,0.11
28093,2.38,0.16,42.29,0.24,41.40,12.65,0.40,0.49,4.16,0.04,37.19,0.20,41.96,15.51,0.70,0.25,4.82,0.07,36.58,0.19,41.14,16.15,0.90,0.14,4.66,0.05,36.45,0.17,41.79,16.08,0.65,0.14,4.85,0.03,36.97,0.17,40.96,16.04,0.68,0.29,4.53,0.11,36.64,0.17,41.45,16.42,0.65,0.04,4.49,0.15,35.32,0.15,42.48,16.71,0.68,0.01,4.08,0.18,38.09,0.05,40.99,15.69,0.62,0.30
28115,3.12,2.05,13.89,0.06,26.63,53.02,0.96,0.26,3.88,1.56,10.15,0.72,17.37,65.19,1.00,0.13,5.44,1.73,7.48,0.00,18.04,66.33,0.97,0.00,4.42,1.77,10.04,0.00,16.32,66.32,1.14,0.00,5.09,1.25,9.64,0.00,16.66,66.22,1.14,0.00,5.19,1.27,9.78,0.00,17.58,65.07,1.11,0.00,3.53,1.99,11.83,0.00,15.79,65.73,1.14,0.00,3.44,1.64,15.87,0.00,14.54,63.35,1.14,0.03
28116,7.74,11.44,10.63,0.96,46.10,20.70,0.36,2.08,10.65,12.46,8.65,0.62,42.80,23.83,0.64,0.36,11.81,12.68,7.55,0.38,42.68,24.41,0.50,0.00,10.82,12.38,9.25,0.79,40.97,25.00,0.57,0.23,11.61,12.29,8.44,0.59,41.52,24.89,0.57,0.10,11.47,11.90,7.73,0.30,43.70,24.35,0.55,0.00,10.51,12.62,11.21,0.29,39.70,25.03,0.55,0.09,9.79,12.26,15.46,0.35,36.56,23.78,0.57,1.24
28117,7.78,2.46,67.28,17.01,1.32,1.86,0.53,1.77,8.42,3.32,67.35,13.84,1.62,3.10,0.71,1.64,8.05,3.86,68.72,13.80,0.17,2.63,0.55,2.22,7.34,3.55,69.26,13.96,0.34,2.83,0.58,2.14,7.70,3.83,68.55,13.87,0.26,3.05,0.55,2.20,6.65,3.97,69.11,13.50,0.29,3.13,0.57,2.78,6.30,4.65,66.58,15.08,0.57,3.69,0.59,2.54,7.27,3.23,65.27,17.19,1.22,3.52,0.60,1.71
29002,3.94,0.26,12.97,0.00,81.97,0.58,0.10,0.18,5.53,0.09,12.13,0.00,81.07,0.95,0.23,0.00,6.16,0.01,16.25,0.00,76.53,0.96,0.08,0.00,5.66,0.08,12.18,0.00,80.64,1.19,0.24,0.00,5.67,0.13,12.26,0.00,80.28,1.42,0.24,0.00,5.98,0.12,13.36,0.00,78.77,1.54,0.23,0.00,5.71,0.17,17.12,0.00,74.89,1.87,0.23,0.00,5.64,0.16,16.61,0.00,76.06,1.08,0.23,0.23
29003,2.98,0.02,13.69,0.00,79.15,4.12,0.04,0.00,4.46,0.01,14.45,0.00,76.21,4.84,0.04,0.00,4.64,0.03,14.23,0.00,76.14,4.94,0.03,0.00,5.08,0.00,14.17,0.00,76.13,4.55,0.07,0.00,4.16,0.09,14.11,0.00,75.98,5.55,0.10,0.00,4.46,0.04,14.30,0.00,75.60,5.55,0.04,0.00,4.14,0.03,14.80,0.00,74.73,6.16,0.15,0.00,3.71,0.07,16.24,0.00,74.49,5.38,0.11,0.00
29005,3.43,10.32,25.84,0.00,56.75,3.45,0.22,0.00,5.95,8.50,23.86,0.00,57.24,4.30,0.14,0.00,6.20,8.38,28.22,0.00,52.75,4.35,0.10,0.00,6.40,8.06,27.51,0.00,53.22,4.65,0.16,0.00,5.64,8.54,28.03,0.00,53.47,4.30,0.02,0.00,7.47,6.97,27.23,0.00,52.77,5.39,0.17,0.00,6.86,7.55,27.68,0.00,52.19,5.51,0.21,0.00,7.17,6.95,29.99,0.08,51.08,4.56,0.16,0.00
29009,1.60,0.00,10.87,0.00,85.87,1.52,0.13,0.02,2.23,0.00,5.82,0.00,89.94,1.78,0.22,0.00,2.68,0.03,4.04,0.00,90.38,2.64,0.22,0.00,2.53,0.03,5.65,0.00,88.91,2.68,0.20,0.00,2.47,0.00,5.57,0.00,89.01,2.75,0.20,0.00,2.54,0.03,8.67,0.00,85.93,2.60,0.22,0.00,2.45,0.03,8.56,0.00,86.06,2.67,0.22,0.00,2.25,0.04,10.41,0.00,84.82,2.25,0.22,0.00
30001,3.98,0.34,24.37,0.00,65.21,5.81,0.09,0.20,4.90,0.23,16.97,0.01,69.48,8.03,0.22,0.16,5.71,0.14,14.86,0.00,70.90,8.07,0.27,0.04,5.86,0.11,16.80,0.00,68.89,7.99,0.21,0.15,5.73,0.06,14.62,0.01,71.11,8.13,0.23,0.12,5.56,0.19,15.60,0.00,70.31,8.04,0.21,0.09,5.45,0.18,16.65,0.00,68.92,8.58,0.22,0.00,4.78,0.25,19.95,0.00,66.95,7.53,0.21,0.33
30004,3.37,0.62,21.83,0.00,72.98,1.14,0.06,0.00,5.99,0.17,26.05,0.00,65.94,1.69,0.16,0.00,6.90,0.02,30.19,0.00,60.77,2.05,0.07,0.00,5.60,0.03,28.67,0.00,63.79,1.74,0.17,0.00,6.26,0.02,27.00,0.00,64.40,2.12,0.21,0.00,6.97,0.05,25.63,0.00,64.43,2.74,0.18,0.00,6.66,0.06,29.50,0.00,60.33,3.22,0.23,0.00,6.00,0.08,32.65,0.00,59.06,2.00,0.20,0.00
30005,4.23,0.58,29.51,0.00,63.65,1.68,0.03,0.32,5.68,0.38,18.41,0.00,71.84,3.19,0.12,0.38,6.73,0.17,18.57,0.00,71.28,2.99,0.15,0.11,6.63,0.16,18.37,0.00,71.35,3.01,0.13,0.36,6.54,0.06,16.68,0.03,73.19,3.07,0.14,0.28,6.50,0.35,18.38,0.00,71.45,2.99,0.11,0.23,6.40,0.30,18.38,0.00,71.04,3.73,0.15,0.00,5.78,0.45,20.09,0.00,69.94,2.84,0.11,0.79
30011,4.01,0.24,15.54,0.00,79.44,0.65,0.11,0.00,5.23,0.21,16.24,0.00,76.80,1.24,0.29,0.00,5.46,0.52,17.04,0.00,75.53,1.24,0.20,0.00,5.88,0.33,17.84,0.00,74.54,1.15,0.27,0.00,5.43,0.43,18.30,0.00,74.24,1.39,0.22,0.00,5.64,0.41,17.59,0.00,74.61,1.50,0.26,0.00,5.44,0.56,15.70,0.00,76.28,1.71,0.31,0.00,5.19,0.52,17.92,0.00,74.71,1.38,0.28,0.00
30012,2.86,1.13,14.59,0.00,80.06,1.32,0.03,0.00,4.37,0.78,15.76,0.00,77.51,1.49,0.08,0.00,4.43,0.78,18.28,0.00,74.40,2.05,0.06,0.00,4.39,0.80,17.77,0.00,74.74,2.19,0.11,0.00,4.57,0.50,18.35,0.00,74.37,2.09,0.13,0.00,4.46,0.80,16.93,0.00,75.09,2.61,0.11,0.00,4.40,0.83,17.97,0.00,73.82,2.88,0.11,0.00,4.26,0.80,22.09,0.00,70.45,2.30,0.11,0.00
30014,11.67,0.50,10.80,0.00,76.23,0.80,0.00,0.00,12.19,0.32,10.13,0.00,76.00,1.35,0.00,0.00,12.51,0.09,10.39,0.00,74.33,2.68,0.00,0.00,12.47,0.14,11.60,0.00,73.44,2.36,0.00,0.00,12.54,0.07,10.25,0.00,74.49,2.65,0.00,0.00,12.47,0.14,9.91,0.00,74.65,2.84,0.00,0.00,12.19,0.32,11.12,0.00,73.94,2.43,0.00,0.00,12.19,0.32,9.38,0.00,75.89,2.22,0.00,0.00
30015,6.31,0.24,35.08,0.00,57.95,0.43,0.00,0.00,7.83,0.57,19.13,0.00,70.86,1.37,0.24,0.00,8.66,0.30,18.63,0.00,70.86,1.31,0.24,0.00,8.44,0.12,19.33,0.00,70.45,1.22,0.18,0.26,8.47,0.07,16.15,0.00,73.70,1.30,0.25,0.07,8.20,0.32,18.93,0.00,70.90,1.36,0.23,0.07,8.04,0.30,18.69,0.00,71.15,1.52,0.30,0.00,7.18,0.59,22.77,0.00,68.20,0.94,0.24,0.07
3003,0.12,8.47,34.14,54.83,0.01,0.00,1.49,0.95,0.44,15.42,25.11,55.67,0.02,0.00,1.51,1.84,0.66,15.23,27.88,51.56,0.00,0.00,1.51,3.16,0.14,15.44,29.02,51.82,0.00,0.00,1.51,2.07,0.42,15.60,18.46,61.31,0.00,0.00,1.48,2.73,1.80,14.10,13.51,64.76,0.00,0.00,1.46,4.36,0.66,15.15,23.13,57.25,0.00,0.00,1.50,2.30,1.44,12.30,23.69,59.85,0.32,0.00,1.50,0.90
31002,5.69,1.17,13.82,0.00,78.05,1.08,0.10,0.08,7.07,0.68,14.55,0.00,75.84,1.69,0.17,0.01,7.71,0.61,15.97,0.00,73.31,2.21,0.20,0.00,7.37,0.59,16.94,0.00,72.96,1.91,0.19,0.05,7.47,0.52,16.87,0.00,72.81,2.07,0.21,0.05,7.55,0.57,16.32,0.00,73.23,2.15,0.18,0.00,7.21,0.74,16.35,0.00,73.16,2.31,0.19,0.05,6.54,0.85,18.91,0.02,71.61,1.83,0.19,0.05
31006,5.70,0.65,37.02,0.00,44.78,3.51,8.10,0.23,7.70,0.11,26.83,0.00,50.77,5.09,8.59,0.90,8.78,0.08,31.03,0.00,45.42,5.78,8.59,0.33,8.36,0.03,28.35,0.00,47.79,5.79,8.63,1.05,8.38,0.03,27.95,0.00,47.86,6.01,8.61,1.16,8.28,0.09,29.33,0.00,47.21,6.14,8.52,0.43,8.16,0.05,28.78,0.00,47.11,7.40,8.48,0.02,7.70,0.21,30.83,0.00,45.76,5.71,8.52,1.27
31010,3.97,0.09,44.28,0.00,49.89,1.75,0.02,0.00,4.91,0.10,36.56,0.00,55.13,3.23,0.06,0.00,5.91,0.27,42.62,0.11,47.16,3.66,0.27,0.00,5.68,0.04,36.97,0.00,53.56,3.58,0.18,0.00,5.92,0.02,36.37,0.00,53.82,3.69,0.18,0.00,5.63,0.23,36.54,0.06,53.55,3.87,0.12,0.00,5.58,0.23,35.62,0.00,54.49,3.88,0.20,0.00,5.20,0.30,36.95,0.00,54.13,3.34,0.07,0.00
31021,1.95,0.06,53.00,0.00,40.96,3.67,0.13,0.23,2.75,0.11,47.44,0.00,44.85,4.68,0.18,0.00,3.21,0.14,42.98,0.00,47.30,6.10,0.27,0.00,2.96,0.06,43.63,0.02,47.37,5.76,0.20,0.00,3.03,0.06,45.74,0.00,45.49,5.49,0.19,0.00,3.03,0.07,45.44,0.00,45.04,6.22,0.20,0.00,3.01,0.08,44.44,0.00,46.01,6.25,0.21,0.00,2.81,0.09,48.27,0.00,42.60,5.91,0.20,0.12
31023,19.52,0.00,8.62,0.00,71.75,0.11,0.00,0.00,23.86,0.00,1.54,0.00,74.26,0.34,0.00,0.00,23.23,0.00,2.68,0.00,73.80,0.29,0.00,0.00,22.26,0.00,4.68,0.00,72.77,0.29,0.00,0.00,22.26,0.00,6.39,0.00,71.06,0.29,0.00,0.00,22.43,0.00,8.22,0.00,69.06,0.29,0.00,0.00,22.26,0.00,4.97,0.00,72.66,0.11,0.00,0.00,22.09,0.00,6.51,0.00,71.29,0.11,0.00,0.00
31025,7.08,0.00,68.72,0.00,22.91,1.29,0.00,0.00,8.76,0.00,57.35,0.00,32.26,1.63,0.00,0.00,8.43,0.00,61.66,0.00,27.55,2.31,0.04,0.00,8.41,0.00,60.49,0.00,28.88,2.17,0.04,0.00,8.04,0.00,60.36,0.00,29.27,2.23,0.04,0.05,8.02,0.02,60.59,0.00,28.88,2.44,0.04,0.00,8.19,0.00,59.69,0.00,29.38,2.70,0.04,0.00,7.88,0.06,61.26,0.00,28.68,2.08,0.04,0.00
32003,15.08,1.87,25.27,0.12,54.42,3.21,0.00,0.04,17.59,1.43,17.98,0.00,56.74,6.26,0.00,0.00,18.87,1.52,16.71,0.00,55.80,7.02,0.07,0.00,18.67,1.27,18.63,0.00,54.89,6.51,0.03,0.00,18.96,1.23,20.24,0.00,53.02,6.50,0.06,0.00,18.66,1.28,18.59,0.00,54.28,7.14,0.05,0.00,18.75,1.15,18.89,0.00,53.79,7.14,0.28,0.00,17.46,1.50,21.83,0.00,51.78,7.39,0.04,0.00
32004,3.62,0.11,31.07,0.03,55.81,8.89,0.28,0.19,4.66,0.33,29.05,0.00,53.22,12.35,0.38,0.00,5.47,0.37,28.14,0.00,51.87,13.61,0.53,0.00,5.10,0.15,26.50,0.00,54.31,13.47,0.47,0.00,5.02,0.18,27.48,0.00,53.70,13.23,0.39,0.00,5.07,0.22,26.77,0.00,53.65,13.83,0.46,0.00,5.20,0.20,26.14,0.00,54.02,13.97,0.47,0.00,4.77,0.40,28.62,0.00,52.01,13.75,0.41,0.03
32006,2.54,0.15,42.13,0.00,48.66,6.20,0.33,0.00,2.81,0.12,39.20,0.00,49.97,7.55,0.34,0.00,3.26,0.18,39.40,0.00,48.73,8.06,0.38,0.00,3.32,0.11,39.50,0.00,48.24,8.46,0.37,0.00,3.27,0.21,39.81,0.00,48.00,8.33,0.38,0.00,3.15,0.18,38.71,0.00,48.34,9.18,0.45,0.00,2.97,0.27,38.23,0.00,48.55,9.58,0.40,0.00,3.00,0.27,40.86,0.00,46.72,8.78,0.38,0.00
32008,2.09,0.06,38.93,0.00,50.33,8.03,0.57,0.00,2.42,0.03,38.36,0.00,48.93,9.65,0.62,0.00,2.71,0.08,36.07,0.00,50.01,10.49,0.65,0.00,2.86,0.05,36.83,0.00,48.61,11.02,0.63,0.00,2.87,0.08,36.85,0.00,48.67,10.90,0.63,0.00,2.77,0.08,35.41,0.00,49.30,11.79,0.65,0.00,2.58,0.11,34.68,0.00,49.78,12.19,0.66,0.00,2.75,0.11,37.39,0.00,48.08,11.01,0.66,0.00
33006,8.43,7.40,26.24,0.02,55.05,2.61,0.24,0.00,9.46,6.99,25.90,0.10,53.62,3.61,0.31,0.00,10.45,6.83,25.15,0.13,52.85,4.27,0.32,0.00,10.32,6.65,27.91,0.12,50.63,4.00,0.38,0.00,10.19,6.62,27.07,0.11,51.95,3.74,0.33,0.00,10.15,6.37,27.57,0.01,51.37,4.19,0.34,0.00,10.03,6.48,27.59,0.00,50.84,4.66,0.40,0.00,9.25,6.14,31.16,0.03,49.24,3.78,0.34,0.06
33007,6.42,2.30,11.17,0.00,78.40,1.37,0.28,0.06,8.09,1.89,14.10,0.00,73.23,2.29,0.40,0.00,9.10,1.77,14.55,0.02,71.81,2.47,0.27,0.00,8.51,1.75,17.33,0.00,69.77,2.29,0.35,0.00,8.65,1.68,16.97,0.00,70.28,2.11,0.31,0.00,9.39,1.64,14.52,0.02,71.14,2.98,0.31,0.00,8.37,1.76,16.76,0.00,69.73,3.01,0.38,0.00,7.91,1.74,21.60,0.00,65.70,2.63,0.36,0.06
33012,4.05,0.41,14.80,0.00,78.44,2.25,0.04,0.02,5.22,0.21,15.76,0.00,75.99,2.78,0.04,0.00,5.41,0.19,17.76,0.00,73.66,2.92,0.06,0.00,5.74,0.18,15.52,0.00,75.31,3.20,0.06,0.00,6.13,0.21,17.01,0.00,73.63,2.94,0.08,0.00,6.24,0.23,15.43,0.00,74.76,3.27,0.06,0.00,6.13,0.23,15.56,0.00,74.35,3.66,0.07,0.00,5.94,0.22,17.76,0.00,72.52,3.50,0.06,0.00
33013,5.40,0.62,14.33,0.29,75.33,3.91,0.08,0.03,6.55,0.53,11.93,0.00,74.88,5.92,0.19,0.00,7.58,0.30,13.38,0.00,71.31,7.25,0.19,0.00,6.71,0.67,13.92,0.00,71.21,7.14,0.34,0.00,7.09,0.49,14.27,0.00,70.87,7.09,0.20,0.00,6.77,0.56,15.35,0.00,69.81,7.27,0.25,0.00,6.47,0.60,14.92,0.00,70.12,7.62,0.27,0.00,6.15,0.58,18.46,0.00,67.86,6.66,0.24,0.04
33014,6.61,8.53,16.02,0.93,61.58,5.70,0.39,0.24,7.81,9.18,11.46,0.17,62.47,8.11,0.66,0.14,9.19,8.97,13.91,0.02,58.73,8.49,0.69,0.00,8.13,9.35,14.65,0.04,58.59,8.55,0.69,0.00,8.50,9.25,14.60,0.03,58.22,8.65,0.74,0.00,7.80,9.25,17.13,0.00,56.52,8.51,0.79,0.00,7.57,9.35,17.60,0.00,55.78,8.97,0.73,0.00,7.44,7.80,22.23,0.02,53.42,8.39,0.70,0.00
33018,4.12,1.16,42.54,0.00,49.20,2.96,0.02,0.00,5.49,0.35,40.09,0.00,48.95,5.03,0.08,0.00,5.85,0.36,43.23,0.00,45.42,5.01,0.12,0.00,5.82,0.35,43.51,0.00,44.91,5.29,0.12,0.00,5.69,0.44,41.77,0.00,46.84,5.13,0.12,0.00,5.38,0.50,43.70,0.00,44.72,5.58,0.13,0.00,5.47,0.52,42.68,0.00,45.21,5.98,0.14,0.00,5.29,0.59,44.71,0.00,43.65,5.64,0.13,0.00
33019,7.67,6.50,16.83,1.04,64.62,3.09,0.23,0.01,9.81,6.09,14.87,0.71,63.29,4.85,0.38,0.00,9.82,7.10,17.67,0.00,59.13,5.88,0.40,0.00,10.07,7.02,17.52,0.00,59.16,5.80,0.42,0.00,10.18,6.92,17.52,0.03,59.17,5.83,0.36,0.00,10.81,6.42,16.93,0.00,59.25,6.21,0.37,0.00,9.25,6.94,19.74,0.00,57.19,6.40,0.47,0.00,9.03,4.99,24.87,0.01,55.10,5.53,0.46,0.00
33020,0.99,0.35,14.80,0.00,80.65,3.06,0.04,0.10,2.07,0.17,13.65,0.00,78.95,4.86,0.31,0.00,2.51,0.08,15.73,0.00,75.99,5.27,0.42,0.00,2.29,0.09,14.23,0.00,77.76,5.31,0.32,0.00,2.34,0.08,14.54,0.00,77.20,5.50,0.34,0.00,2.31,0.08,13.60,0.00,78.38,5.32,0.31,0.00,2.38,0.08,13.12,0.00,78.80,5.31,0.31,0.00,2.14,0.18,15.80,0.00,76.67,4.89,0.33,0.00
33021,1.75,0.02,10.96,0.00,82.53,4.39,0.10,0.25,2.62,0.04,12.62,0.00,78.88,5.64,0.12,0.08,3.24,0.00,13.36,0.00,77.24,6.01,0.14,0.01,3.19,0.03,13.50,0.00,77.09,6.04,0.15,0.01,3.16,0.04,13.67,0.00,76.86,6.13,0.14,0.00,3.32,0.02,13.88,0.00,76.19,6.45,0.14,0.00,3.22,0.09,14.31,0.00,75.19,7.05,0.13,0.00,2.59,0.04,16.63,0.00,73.33,6.97,0.14,0.30
33022,5.17,1.40,18.14,0.11,65.47,9.20,0.15,0.36,6.93,1.03,18.44,0.06,61.57,11.54,0.41,0.03,7.32,0.80,22.44,0.03,57.44,11.57,0.39,0.00,6.86,0.95,23.35,0.02,56.81,11.63,0.38,0.00,7.32,0.82,23.10,0.03,56.52,11.79,0.42,0.00,7.49,0.73,22.81,0.00,56.33,12.28,0.37,0.00,7.42,0.77,22.70,0.00,56.21,12.53,0.37,0.00,6.67,1.02,26.04,0.00,54.04,11.87,0.35,0.02
33023,5.23,0.92,17.41,0.21,73.76,2.16,0.02,0.29,6.83,0.33,20.09,0.50,67.93,4.24,0.06,0.01,8.15,0.04,24.35,0.00,62.82,4.56,0.08,0.00,7.49,0.28,24.59,0.00,62.89,4.67,0.08,0.00,7.78,0.15,23.57,0.00,63.32,5.10,0.08,0.00,7.27,0.19,26.74,0.00,61.00,4.73,0.08,0.00,7.24,0.18,27.23,0.00,60.22,5.01,0.12,0.00,6.41,0.27,30.42,0.00,58.56,4.25,0.10,0.00
33024,5.09,0.61,9.97,0.07,78.40,5.47,0.10,0.29,6.40,0.35,10.91,0.03,75.90,6.31,0.08,0.02,6.73,0.24,12.33,0.00,73.34,7.21,0.13,0.02,6.72,0.30,12.23,0.00,73.35,7.23,0.14,0.02,6.80,0.21,12.36,0.00,73.48,7.00,0.13,0.02,6.82,0.21,12.29,0.00,73.05,7.50,0.13,0.00,6.85,0.29,12.04,0.00,72.65,8.03,0.13,0.00,6.00,0.38,14.49,0.00,71.81,7.12,0.13,0.05
33026,4.13,0.89,27.11,0.04,59.30,7.60,0.65,0.29,5.79,0.65,26.81,0.05,55.59,10.15,0.84,0.12,6.32,0.66,27.47,0.01,54.00,10.49,1.06,0.00,6.07,0.67,28.34,0.01,53.28,10.64,0.98,0.00,6.32,0.65,27.34,0.01,53.68,10.84,1.17,0.00,6.34,0.57,28.11,0.00,52.87,11.11,1.01,0.00,6.38,0.61,27.72,0.00,52.67,11.65,0.98,0.00,5.97,0.70,30.32,0.00,50.85,10.97,0.92,0.28
33028,7.24,3.40,26.40,0.36,53.88,8.01,0.10,0.61,10.01,2.78,27.35,0.01,48.85,10.64,0.31,0.05,10.22,2.71,29.53,0.00,45.85,11.33,0.36,0.00,9.92,2.84,31.18,0.00,44.61,11.18,0.27,0.00,10.51,2.70,29.76,0.00,45.45,11.27,0.31,0.00,10.79,2.17,28.53,0.00,46.36,11.86,0.28,0.00,10.92,2.14,27.53,0.00,47.07,12.06,0.29,0.00,9.70,2.88,30.28,0.00,45.15,11.63,0.28,0.09
33029,5.70,6.66,13.09,0.00,72.04,2.43,0.09,0.00,5.91,8.52,11.13,0.02,70.89,3.15,0.39,0.00,6.50,8.44,10.99,0.03,70.36,3.29,0.39,0.00,6.14,8.09,13.00,0.00,69.18,3.21,0.39,0.00,6.18,8.18,12.70,0.00,69.54,3.02,0.38,0.00,6.64,8.15,11.73,0.02,70.69,2.44,0.33,0.00,6.26,7.98,12.51,0.00,69.41,3.45,0.39,0.00,5.59,7.87,15.49,0.00,67.80,2.85,0.34,0.05
33031,8.14,4.81,28.69,0.16,51.31,5.83,0.35,0.70,9.74,5.13,26.83,0.00,43.56,14.24,0.35,0.14,9.87,6.35,23.74,0.00,44.15,15.51,0.39,0.00,9.36,6.24,26.06,0.00,41.79,16.16,0.39,0.00,9.60,6.41,23.90,0.00,42.06,17.54,0.50,0.00,10.22,5.14,25.67,0.00,42.28,16.31,0.37,0.00,10.50,5.45,24.85,0.00,39.66,19.16,0.37,0.01,8.98,5.35,27.30,0.00,38.58,19.39,0.40,0.00
33032,7.65,0.83,8.12,0.00,82.36,0.98,0.04,0.02,8.62,0.65,9.36,0.00,79.88,1.37,0.08,0.02,9.50,0.56,10.48,0.00,77.69,1.69,0.08,0.00,8.59,0.65,11.77,0.00,77.33,1.57,0.10,0.00,8.81,0.71,10.82,0.00,78.20,1.38,0.08,0.00,9.07,0.78,9.51,0.00,78.77,1.79,0.08,0.00,8.90,0.66,11.08,0.00,77.29,1.97,0.08,0.00,8.21,0.75,22.89,0.00,66.45,1.58,0.12,0.00
33033,5.06,0.32,18.97,0.03,63.27,11.95,0.09,0.31,5.53,0.19,16.22,0.07,62.83,15.05,0.12,0.00,5.97,0.05,21.78,0.00,57.54,14.54,0.12,0.00,5.70,0.07,21.91,0.00,57.69,14.51,0.12,0.00,6.08,0.02,22.43,0.00,56.49,14.86,0.13,0.00,6.15,0.03,22.73,0.00,55.66,15.33,0.10,0.00,6.07,0.00,22.47,0.00,56.03,15.32,0.10,0.00,5.79,0.05,27.19,0.00,52.59,14.29,0.09,0.00
33034,7.07,6.69,15.61,0.66,66.35,3.42,0.18,0.02,8.44,6.90,13.04,0.33,65.83,5.16,0.29,0.00,9.00,7.41,15.37,0.01,61.69,6.20,0.30,0.00,8.58,7.66,15.59,0.01,61.66,6.14,0.35,0.00,9.03,7.44,15.68,0.01,61.41,6.14,0.28,0.00,9.21,6.92,15.99,0.00,61.15,6.42,0.31,0.00,8.15,7.33,17.58,0.00,59.98,6.58,0.38,0.00,7.94,5.98,21.93,0.00,58.11,5.68,0.35,0.01
33035,4.58,5.22,14.99,0.27,69.92,4.70,0.21,0.11,5.59,5.56,14.23,0.27,67.43,6.51,0.39,0.02,6.39,5.51,16.19,0.15,64.41,6.93,0.42,0.00,6.03,5.54,16.95,0.21,63.91,6.94,0.42,0.00,6.21,5.48,16.75,0.16,63.98,7.01,0.40,0.00,6.09,5.27,17.62,0.16,63.45,6.99,0.41,0.00,5.78,5.45,18.22,0.11,62.50,7.49,0.46,0.00,5.37,4.83,22.30,0.15,60.13,6.76,0.41,0.05
33039,3.92,0.87,33.10,0.02,53.29,7.76,0.74,0.29,5.62,0.64,32.22,0.06,49.76,10.66,0.88,0.17,6.28,0.73,31.42,0.00,49.19,11.17,1.21,0.00,6.05,0.71,32.70,0.00,48.08,11.35,1.11,0.00,6.21,0.72,31.11,0.00,49.01,11.61,1.35,0.00,6.17,0.62,32.54,0.00,47.71,11.83,1.14,0.00,6.28,0.66,31.93,0.00,47.54,12.50,1.09,0.00,5.94,0.72,34.35,0.00,45.87,11.73,1.01,0.38
33053,3.68,0.78,10.38,0.08,81.72,3.31,0.03,0.02,5.88,0.41,8.84,0.09,79.63,5.08,0.06,0.00,6.49,0.08,10.20,0.00,77.93,5.24,0.07,0.00,6.02,0.26,11.02,0.00,77.50,5.12,0.07,0.00,6.14,0.20,11.18,0.00,77.02,5.39,0.07,0.00,6.21,0.10,13.56,0.00,74.72,5.34,0.07,0.00,6.13,0.23,13.85,0.00,73.95,5.77,0.07,0.00,5.55,0.28,15.92,0.00,73.29,4.89,0.07,0.00
33054,7.17,3.08,12.18,0.01,75.98,1.23,0.09,0.27,8.04,3.20,14.36,0.10,71.86,2.25,0.19,0.00,8.89,3.10,15.46,0.14,69.96,2.26,0.19,0.00,8.28,3.43,21.70,0.00,64.30,2.11,0.19,0.00,8.27,3.46,19.54,0.00,66.59,1.95,0.19,0.00,9.14,3.08,17.37,0.00,67.81,2.48,0.12,0.00,8.37,3.15,21.57,0.08,63.89,2.77,0.19,0.00,7.78,3.13,24.87,0.00,62.07,1.71,0.19,0.26
33058,2.87,0.77,36.57,0.02,51.63,7.12,0.20,0.82,4.39,0.73,39.19,0.41,45.55,8.78,0.38,0.57,5.30,0.89,36.29,0.00,47.57,9.44,0.52,0.00,4.72,0.87,38.59,0.00,45.96,9.38,0.48,0.00,5.20,0.75,36.04,0.00,47.53,9.85,0.64,0.00,5.29,0.55,38.48,0.00,44.84,10.33,0.51,0.00,5.42,0.56,36.80,0.00,45.38,11.26,0.58,0.00,5.12,0.62,39.18,0.00,43.29,10.10,0.53,1.17
34002,4.53,0.12,17.90,0.07,73.84,3.49,0.02,0.03,5.49,0.04,19.12,0.00,69.84,5.45,0.06,0.00,5.73,0.12,20.98,0.00,66.09,7.03,0.06,0.00,5.83,0.03,21.88,0.00,65.64,6.57,0.06,0.00,6.19,0.03,21.30,0.01,65.55,6.87,0.05,0.00,6.54,0.03,19.12,0.00,66.41,7.87,0.04,0.00,5.98,0.03,20.39,0.00,65.49,8.04,0.06,0.00,5.07,0.04,25.05,0.01,63.11,6.65,0.06,0.00
34003,8.36,1.39,12.52,0.06,75.91,1.62,0.13,0.00,9.47,1.35,15.76,0.00,70.90,2.36,0.16,0.00,10.34,0.99,15.40,0.00,70.11,2.99,0.17,0.00,10.34,1.15,15.57,0.01,69.63,3.10,0.20,0.00,10.16,0.89,15.98,0.01,69.71,3.08,0.17,0.00,10.19,1.06,14.54,0.00,70.26,3.77,0.18,0.00,9.88,1.11,15.00,0.00,69.60,4.20,0.20,0.00,9.04,1.13,18.01,0.00,68.43,3.14,0.18,0.07
34004,6.61,1.47,15.27,0.06,72.78,3.28,0.45,0.09,7.77,1.44,18.91,0.04,66.45,4.69,0.58,0.11,8.30,1.52,18.49,0.00,65.94,5.19,0.54,0.00,8.24,1.41,21.05,0.02,63.72,4.96,0.60,0.00,8.14,1.47,20.91,0.02,64.15,4.74,0.57,0.00,8.71,1.40,17.84,0.02,65.73,5.74,0.57,0.00,8.33,1.34,19.11,0.00,64.44,6.16,0.63,0.00,7.35,1.34,23.08,0.00,62.39,5.15,0.58,0.11
34005,6.40,0.44,17.53,0.01,69.24,6.35,0.03,0.00,7.95,0.58,19.09,0.00,62.47,9.86,0.05,0.00,8.38,0.69,17.43,0.00,62.25,11.15,0.10,0.00,8.56,0.38,20.05,0.01,59.64,11.26,0.11,0.00,8.21,0.50,20.25,0.00,60.21,10.72,0.10,0.00,8.80,0.51,17.28,0.00,61.11,12.21,0.08,0.00,8.79,0.51,17.32,0.00,60.71,12.51,0.17,0.00,7.52,0.49,22.07,0.00,58.82,11.02,0.07,0.00
34006,2.50,0.15,12.54,0.10,81.67,3.03,0.01,0.00,3.49,0.02,13.91,0.00,78.11,4.38,0.09,0.00,4.02,0.02,14.05,0.00,75.51,6.32,0.08,0.00,3.93,0.02,14.85,0.00,75.11,5.99,0.10,0.00,4.10,0.02,14.58,0.00,75.03,6.18,0.08,0.00,4.39,0.00,13.11,0.00,75.42,6.97,0.10,0.00,3.95,0.01,14.02,0.11,74.71,7.10,0.09,0.00,3.37,0.02,18.03,0.00,72.83,5.67,0.07,0.00
34007,2.18,0.10,9.87,0.00,84.94,2.89,0.01,0.00,3.08,0.01,11.55,0.00,81.21,4.11,0.04,0.00,3.62,0.00,11.10,0.00,78.90,6.36,0.03,0.00,3.33,0.00,12.27,0.00,78.40,5.94,0.05,0.00,3.62,0.00,11.83,0.00,78.26,6.25,0.03,0.00,3.63,0.00,10.67,0.00,78.71,6.96,0.03,0.00,3.37,0.00,11.30,0.00,78.16,7.11,0.05,0.00,3.07,0.01,15.07,0.00,76.10,5.73,0.03,0.00
34008,5.39,2.68,10.15,0.00,71.95,9.72,0.10,0.00,8.48,1.86,14.51,0.00,63.19,11.88,0.08,0.00,7.96,1.82,14.61,0.00,61.68,13.80,0.13,0.00,8.96,1.81,14.76,0.04,60.78,13.53,0.11,0.00,8.15,1.98,14.11,0.02,61.87,13.75,0.13,0.00,8.15,1.82,13.95,0.07,61.94,13.96,0.11,0.00,8.24,1.70,16.03,0.00,59.65,14.26,0.11,0.00,7.68,1.97,17.93,0.00,59.08,13.22,0.11,0.00
34010,3.00,0.21,16.42,0.24,76.24,3.87,0.02,0.00,3.85,0.05,16.87,0.00,73.70,5.37,0.17,0.00,4.43,0.05,17.18,0.00,70.86,7.33,0.15,0.00,4.47,0.05,17.37,0.00,70.83,7.11,0.17,0.00,4.54,0.04,17.34,0.00,70.67,7.25,0.15,0.00,5.10,0.01,15.41,0.00,71.21,8.05,0.22,0.00,4.52,0.03,16.56,0.28,70.30,8.17,0.15,0.00,3.62,0.06,21.72,0.00,67.91,6.55,0.15,0.00
34011,4.97,1.33,13.80,0.18,76.15,3.28,0.07,0.22,5.63,1.30,15.33,0.15,72.74,4.38,0.09,0.38,6.13,1.24,15.28,0.00,73.42,3.86,0.08,0.00,5.69,1.24,18.62,0.00,70.84,3.49,0.11,0.02,5.99,1.21,17.26,0.00,72.09,3.35,0.10,0.00,6.30,1.21,14.85,0.00,73.38,4.18,0.07,0.00,6.11,1.07,16.51,0.00,71.38,4.82,0.11,0.00,5.48,1.09,19.71,0.00,68.84,4.57,0.11,0.20
34012,2.67,0.42,8.13,0.00,86.16,2.62,0.00,0.00,3.17,0.49,8.99,0.00,84.76,2.44,0.15,0.00,3.62,0.45,8.89,0.00,84.59,2.33,0.12,0.00,3.14,0.60,10.32,0.00,83.52,2.28,0.14,0.00,3.37,0.49,9.54,0.00,84.36,2.10,0.14,0.00,3.50,0.44,8.68,0.00,84.71,2.55,0.12,0.00,3.29,0.42,10.03,0.00,82.99,3.10,0.16,0.00,3.05,0.45,14.49,0.00,78.72,3.14,0.14,0.00
35003,3.63,0.56,15.17,0.06,79.54,1.02,0.01,0.00,5.73,0.39,14.31,0.00,77.49,2.05,0.03,0.00,6.34,0.42,12.90,0.00,76.44,3.86,0.05,0.00,6.12,0.40,15.52,0.00,74.60,3.29,0.06,0.00,6.42,0.39,14.97,0.00,74.94,3.22,0.06,0.00,6.46,0.38,13.87,0.00,74.96,4.32,0.01,0.00,6.28,0.38,14.77,0.00,74.14,4.41,0.03,0.00,5.73,0.38,18.36,0.00,72.53,2.97,0.03,0.00
35008,3.63,0.45,11.18,0.11,79.85,4.76,0.01,0.01,4.59,0.05,9.92,0.00,78.47,6.94,0.02,0.00,5.08,0.03,10.12,0.00,76.09,8.65,0.03,0.00,4.68,0.05,11.83,0.04,75.21,8.19,0.01,0.00,4.95,0.04,11.79,0.00,74.77,8.42,0.02,0.00,5.06,0.01,11.21,0.00,74.62,9.08,0.02,0.00,4.62,0.06,12.76,0.00,73.45,9.07,0.03,0.00,4.54,0.06,14.62,0.01,72.25,8.46,0.02,0.04
36003,3.42,0.08,15.48,0.97,77.25,2.71,0.06,0.02,4.51,0.09,14.32,0.00,77.21,3.83,0.04,0.00,4.53,0.03,17.68,0.00,73.04,4.65,0.07,0.00,4.76,0.04,17.86,0.00,72.90,4.35,0.08,0.00,4.74,0.04,18.38,0.00,72.46,4.30,0.08,0.00,5.13,0.03,17.85,0.00,72.03,4.90,0.06,0.00,4.58,0.03,18.63,0.00,71.44,5.22,0.10,0.00,4.95,0.03,20.80,0.00,69.89,4.27,0.06,0.00
36006,3.75,0.65,12.63,0.11,79.28,3.46,0.09,0.03,5.33,0.24,13.31,0.02,75.90,5.07,0.13,0.00,5.75,0.12,15.77,0.00,72.35,5.84,0.18,0.00,5.70,0.17,16.13,0.00,72.10,5.70,0.20,0.00,5.73,0.16,16.09,0.00,72.24,5.63,0.16,0.00,5.71,0.16,17.02,0.00,71.02,5.97,0.13,0.00,5.58,0.16,16.72,0.00,70.98,6.40,0.17,0.00,5.33,0.17,19.90,0.00,68.99,5.46,0.16,0.00
36009,2.28,0.02,6.68,0.01,89.55,1.46,0.00,0.00,2.60,0.00,8.36,0.00,86.34,2.59,0.11,0.00,3.44,0.00,10.51,0.00,81.99,3.94,0.11,0.00,2.84,0.00,12.30,0.00,81.29,3.43,0.14,0.00,3.10,0.00,11.27,0.00,81.77,3.76,0.11,0.00,2.71,0.00,13.65,0.00,79.83,3.67,0.14,0.00,2.52,0.00,12.84,0.00,80.35,4.15,0.14,0.00,2.50,0.03,14.78,0.00,79.32,3.23,0.14,0.00
36010,1.85,0.86,5.45,0.36,89.27,2.21,0.00,0.00,3.07,0.00,6.47,0.00,87.05,3.41,0.00,0.00,3.09,0.00,8.33,0.00,85.16,3.42,0.00,0.00,3.16,0.00,8.20,0.00,85.39,3.25,0.00,0.00,3.04,0.00,8.33,0.00,85.87,2.76,0.00,0.00,3.11,0.00,8.07,0.00,85.28,3.54,0.00,0.00,3.18,0.00,7.44,0.00,85.33,4.05,0.00,0.00,2.90,0.04,10.92,0.00,83.01,3.14,0.00,0.00
36011,3.60,0.07,11.46,0.00,70.88,13.92,0.04,0.04,4.88,0.13,8.75,0.00,65.74,20.46,0.04,0.00,4.51,0.00,10.36,0.00,63.63,21.46,0.04,0.00,4.56,0.00,10.69,0.00,63.40,21.31,0.04,0.00,4.33,0.00,10.21,0.00,64.00,21.42,0.04,0.00,4.37,0.00,13.40,0.00,60.26,21.92,0.04,0.00,4.67,0.00,10.42,0.00,61.91,22.96,0.04,0.00,5.10,0.04,17.07,0.00,56.75,21.00,0.04,0.00
36012,5.25,0.93,13.97,0.01,77.90,1.91,0.03,0.00,6.68,0.71,9.44,0.08,80.28,2.79,0.03,0.00,7.32,0.53,13.21,0.00,75.83,3.08,0.03,0.00,7.18,0.63,13.45,0.00,75.63,3.05,0.05,0.00,7.07,0.58,12.69,0.00,76.27,3.36,0.04,0.00,6.84,0.63,14.34,0.00,74.87,3.25,0.07,0.00,6.93,0.58,15.05,0.00,73.94,3.43,0.07,0.00,6.71,0.60,18.25,0.00,71.63,2.75,0.06,0.00
37001,7.00,0.25,17.85,0.27,63.28,11.17,0.15,0.03,7.94,0.29,17.68,0.21,60.32,13.07,0.47,0.04,8.28,0.09,19.65,0.00,58.17,13.37,0.44,0.00,8.06,0.18,20.02,0.00,58.05,13.28,0.41,0.00,8.45,0.10,20.41,0.00,57.51,13.11,0.41,0.00,8.41,0.15,20.74,0.00,56.41,13.88,0.40,0.00,8.65,0.12,20.18,0.00,56.75,13.91,0.38,0.00,7.60,0.25,23.49,0.03,55.73,12.46,0.34,0.11
37003,5.29,0.28,14.57,0.00,76.91,2.28,0.32,0.36,7.17,0.04,11.82,0.20,76.14,4.22,0.39,0.02,7.37,0.01,13.22,0.00,74.00,5.00,0.39,0.00,7.32,0.05,13.59,0.00,73.65,4.96,0.44,0.00,7.36,0.10,14.08,0.00,73.50,4.57,0.39,0.00,7.54,0.03,13.50,0.00,73.13,5.44,0.37,0.00,7.48,0.04,13.27,0.00,73.15,5.67,0.39,0.00,6.94,0.05,19.77,0.00,67.63,5.20,0.42,0.00
37005,5.03,0.63,17.57,0.57,71.51,4.51,0.13,0.05,6.73,0.24,19.08,0.00,66.65,7.06,0.24,0.00,7.16,0.08,21.84,0.00,63.46,7.20,0.25,0.00,7.17,0.21,22.16,0.00,63.04,7.16,0.27,0.00,7.47,0.17,22.50,0.00,62.91,6.69,0.26,0.00,7.60,0.15,21.47,0.00,63.01,7.54,0.24,0.00,7.32,0.17,21.33,0.00,62.75,8.18,0.25,0.00,7.11,0.23,23.85,0.00,61.41,7.13,0.26,0.00
37008,2.83,0.19,10.69,0.06,79.88,5.71,0.19,0.45,3.83,0.07,11.57,0.00,76.32,7.97,0.25,0.00,4.06,0.01,13.14,0.00,74.04,8.50,0.25,0.00,4.18,0.00,13.11,0.00,74.01,8.40,0.29,0.00,3.97,0.00,14.13,0.00,73.49,8.18,0.24,0.00,4.07,0.00,13.44,0.00,73.18,9.08,0.22,0.00,4.01,0.01,13.24,0.00,72.83,9.68,0.23,0.00,3.67,0.03,16.24,0.00,71.03,8.76,0.23,0.05
37009,2.51,0.27,13.42,0.03,72.22,11.45,0.10,0.00,3.84,0.12,15.24,0.00,64.38,16.22,0.19,0.00,3.93,0.12,16.20,0.00,62.51,16.85,0.39,0.00,4.08,0.14,16.16,0.00,62.41,16.82,0.40,0.00,4.05,0.14,16.73,0.00,62.22,16.47,0.39,0.00,4.21,0.16,15.98,0.00,61.85,17.43,0.37,0.00,4.06,0.14,16.18,0.00,61.20,18.04,0.38,0.00,3.73,0.14,17.52,0.00,61.09,17.14,0.37,0.00
37010,3.92,0.90,10.53,0.15,79.60,4.68,0.12,0.09,6.10,0.12,13.05,0.00,74.38,6.00,0.22,0.12,6.13,0.03,14.80,0.00,71.98,6.79,0.23,0.03,6.27,0.08,15.66,0.00,71.18,6.56,0.26,0.00,6.30,0.07,16.03,0.00,70.96,6.41,0.24,0.00,6.30,0.05,15.69,0.00,70.74,6.98,0.23,0.00,6.15,0.09,15.33,0.00,70.59,7.62,0.22,0.00,5.90,0.09,17.34,0.00,69.32,6.77,0.22,0.36
37011,3.75,0.40,10.46,0.12,82.89,2.29,0.08,0.01,4.55,0.12,9.72,0.00,81.48,4.02,0.11,0.00,4.79,0.00,11.90,0.00,78.83,4.38,0.10,0.00,5.00,0.00,11.35,0.00,79.38,4.15,0.12,0.00,4.62,0.00,12.60,0.00,79.02,3.65,0.12,0.00,4.70,0.00,11.75,0.00,78.76,4.69,0.10,0.00,4.68,0.01,11.64,0.00,78.14,5.42,0.10,0.00,4.31,0.09,14.69,0.00,76.57,4.10,0.11,0.13
37018,8.51,0.10,35.62,0.32,29.15,26.10,0.20,0.00,11.87,0.21,38.78,0.52,17.71,30.32,0.49,0.11,12.15,0.24,39.97,0.00,16.58,30.57,0.49,0.00,12.12,0.25,43.53,0.00,12.69,30.88,0.53,0.00,12.59,0.34,39.61,0.00,16.15,30.77,0.56,0.00,13.17,0.32,40.61,0.00,13.53,31.92,0.45,0.00,13.22,0.32,42.71,0.00,11.99,31.35,0.42,0.00,10.24,0.34,45.51,0.00,14.21,29.29,0.42,0.00
37019,3.96,0.01,26.95,0.01,18.54,50.10,0.43,0.00,4.85,0.03,28.47,0.00,13.17,52.88,0.60,0.00,4.80,0.00,29.76,0.00,11.67,53.25,0.52,0.00,5.00,0.01,27.71,0.00,13.45,53.30,0.52,0.00,5.08,0.00,28.36,0.00,12.90,53.09,0.57,0.00,5.88,0.00,30.26,0.00,9.73,53.70,0.43,0.00,6.35,0.01,28.60,0.00,10.98,53.57,0.47,0.00,4.24,0.03,34.09,0.00,10.07,50.98,0.37,0.22
37020,3.24,0.25,10.06,0.07,83.00,3.24,0.12,0.01,4.28,0.07,10.23,0.00,79.87,5.42,0.12,0.00,4.45,0.00,12.24,0.00,77.17,6.00,0.14,0.00,4.64,0.00,12.05,0.00,77.30,5.86,0.15,0.00,4.42,0.00,13.07,0.00,77.06,5.32,0.12,0.00,4.44,0.00,12.49,0.00,76.53,6.42,0.12,0.00,4.43,0.01,12.04,0.00,76.34,7.06,0.13,0.00,4.10,0.05,14.97,0.00,74.72,5.97,0.12,0.07
37031,6.84,0.01,32.03,0.10,25.53,35.25,0.24,0.00,7.15,0.02,22.84,0.00,24.40,45.19,0.40,0.00,6.93,0.00,22.62,0.00,25.87,44.19,0.39,0.00,7.79,0.00,21.85,0.00,25.06,44.80,0.50,0.00,7.43,0.00,23.44,0.00,24.42,44.37,0.34,0.00,7.72,0.00,25.23,0.00,22.29,44.43,0.34,0.00,7.98,0.00,24.54,0.00,22.21,44.97,0.30,0.00,6.36,0.01,30.14,0.00,21.44,41.73,0.31,0.00
37033,8.45,0.00,22.94,0.00,3.68,64.88,0.05,0.00,10.28,0.00,16.77,0.00,0.86,72.04,0.05,0.00,10.45,0.00,15.12,0.00,1.27,73.10,0.05,0.00,10.83,0.00,14.24,0.00,0.91,73.97,0.05,0.00,10.81,0.00,15.83,0.00,0.99,72.32,0.05,0.00,11.16,0.00,15.20,0.00,1.07,72.52,0.05,0.00,10.61,0.00,15.66,0.00,0.91,72.77,0.05,0.00,9.95,0.00,19.08,0.00,1.09,69.83,0.05,0.00
38001,7.28,0.55,21.02,0.14,56.90,13.31,0.27,0.52,7.96,0.36,18.11,0.01,56.51,16.55,0.46,0.06,8.47,0.08,22.63,0.00,51.91,16.51,0.39,0.02,8.24,0.17,23.05,0.00,51.75,16.33,0.45,0.01,8.62,0.09,22.72,0.00,51.66,16.47,0.42,0.01,8.66,0.13,22.77,0.00,50.93,17.16,0.35,0.00,8.49,0.12,22.87,0.00,50.46,17.69,0.38,0.00,8.01,0.24,26.33,0.00,48.81,16.11,0.35,0.15
38003,9.45,0.83,23.20,0.03,55.85,10.45,0.00,0.20,9.24,0.59,19.62,0.00,56.67,13.80,0.08,0.00,9.39,0.17,24.64,0.00,52.32,13.45,0.04,0.00,8.95,0.31,24.32,0.00,52.99,13.37,0.06,0.00,9.52,0.19,23.74,0.00,52.98,13.51,0.06,0.00,9.33,0.33,23.16,0.00,52.62,14.52,0.04,0.00,9.27,0.23,24.05,0.00,51.51,14.88,0.05,0.00,8.74,0.46,26.76,0.00,51.07,12.92,0.05,0.00
38004,5.27,0.28,14.90,0.04,76.50,2.91,0.01,0.09,5.52,0.10,15.00,0.00,75.63,3.72,0.02,0.00,5.99,0.05,17.66,0.00,71.92,4.35,0.03,0.00,5.95,0.05,18.04,0.00,71.71,4.21,0.03,0.00,6.17,0.01,18.97,0.00,70.63,4.20,0.02,0.00,6.22,0.02,19.83,0.00,69.10,4.80,0.03,0.00,6.21,0.02,20.20,0.00,68.40,5.15,0.02,0.00,5.89,0.15,23.03,0.00,66.30,4.61,0.03,0.00
38007,5.95,0.96,31.97,0.00,18.97,41.93,0.11,0.11,6.24,0.85,15.15,0.05,21.64,55.96,0.11,0.00,7.24,0.00,22.98,0.00,15.75,53.93,0.11,0.00,7.36,0.00,24.39,0.00,15.04,53.11,0.11,0.00,7.38,0.00,24.24,0.00,14.56,53.71,0.11,0.00,7.33,0.00,24.19,0.00,14.57,53.79,0.11,0.00,7.35,0.00,24.34,0.00,13.75,54.46,0.11,0.00,7.18,0.52,28.25,0.00,13.51,50.37,0.17,0.00
38012,7.26,0.36,28.53,0.06,20.10,42.74,0.24,0.71,7.26,0.04,17.86,0.00,22.53,52.05,0.26,0.00,7.96,0.00,21.41,0.00,19.85,50.55,0.24,0.00,7.41,0.07,21.99,0.00,19.66,50.63,0.24,0.00,7.85,0.00,23.81,0.00,16.47,51.58,0.28,0.00,7.93,0.00,22.14,0.00,17.88,51.82,0.24,0.00,7.89,0.07,21.76,0.00,18.82,51.23,0.24,0.00,7.76,0.11,23.82,0.00,18.78,49.30,0.24,0.00
38014,8.45,0.46,36.12,0.00,15.65,38.96,0.35,0.00,8.77,0.47,23.78,0.31,24.16,41.75,0.43,0.33,8.88,0.20,31.98,0.00,16.80,41.76,0.37,0.00,8.38,0.24,30.88,0.00,18.26,41.85,0.37,0.00,8.79,0.21,31.31,0.00,16.87,42.44,0.37,0.00,9.10,0.57,32.17,0.00,14.99,42.73,0.44,0.00,9.35,0.44,31.78,0.05,15.61,42.39,0.37,0.00,7.87,0.61,33.24,0.00,17.38,40.52,0.37,0.00
38017,8.92,0.63,16.63,0.07,71.61,2.14,0.00,0.00,8.82,0.48,16.20,0.00,71.42,3.00,0.08,0.00,9.43,0.21,20.66,0.00,67.01,2.65,0.04,0.00,9.41,0.29,20.45,0.00,67.06,2.70,0.09,0.00,9.75,0.11,19.37,0.00,68.02,2.70,0.06,0.00,9.54,0.33,19.49,0.00,66.97,3.63,0.04,0.00,9.34,0.21,20.04,0.00,67.01,3.31,0.07,0.00,8.80,0.46,22.42,0.00,65.63,2.60,0.09,0.00
38018,9.08,1.08,24.37,0.26,31.87,32.19,0.36,0.78,9.34,1.02,20.85,0.03,31.86,36.21,0.41,0.29,10.78,0.05,26.24,0.00,26.38,36.15,0.39,0.01,10.04,0.31,26.51,0.00,26.77,35.98,0.38,0.00,10.89,0.09,24.43,0.00,28.04,36.16,0.39,0.00,10.75,0.17,24.37,0.00,27.31,37.02,0.39,0.00,10.36,0.15,23.95,0.00,27.60,37.56,0.38,0.00,10.05,0.33,27.85,0.00,25.73,35.42,0.37,0.24
38021,20.44,1.16,40.96,0.16,23.99,13.22,0.07,0.00,20.82,0.20,36.52,0.07,26.10,16.00,0.22,0.08,20.90,0.06,40.40,0.00,22.09,16.33,0.22,0.00,19.84,0.09,41.52,0.00,22.53,15.83,0.19,0.00,21.20,0.10,38.47,0.00,23.87,16.13,0.22,0.00,21.58,0.22,38.89,0.00,21.72,17.40,0.19,0.00,20.71,0.22,39.02,0.00,21.79,18.04,0.22,0.00,18.64,0.29,42.81,0.02,23.03,14.98,0.22,0.00
38026,6.27,0.04,14.58,0.01,69.30,8.45,0.19,1.17,7.76,0.02,9.98,0.00,70.89,10.85,0.48,0.00,8.16,0.00,13.40,0.00,67.83,10.16,0.45,0.00,8.31,0.00,14.46,0.00,66.39,10.36,0.47,0.00,8.36,0.00,14.41,0.00,66.13,10.62,0.46,0.01,8.51,0.00,15.18,0.00,65.60,10.29,0.42,0.00,7.82,0.00,14.61,0.00,65.67,11.50,0.41,0.00,7.41,0.02,17.11,0.00,64.88,10.18,0.40,0.00
38029,3.88,0.67,11.38,0.05,81.94,1.91,0.00,0.16,4.03,0.17,13.23,0.00,80.12,2.45,0.00,0.00,4.76,0.12,15.39,0.00,76.47,3.26,0.00,0.00,4.90,0.12,15.20,0.00,76.76,3.02,0.00,0.00,5.21,0.00,16.42,0.00,75.37,2.99,0.00,0.00,5.20,0.04,18.71,0.00,72.48,3.56,0.00,0.00,5.23,0.04,16.58,0.00,73.97,4.17,0.00,0.00,4.62,0.26,20.45,0.00,71.20,3.47,0.00,0.00
38030,7.71,0.55,20.90,0.03,58.93,11.47,0.07,0.33,8.14,0.34,18.77,0.00,58.00,14.65,0.08,0.00,8.54,0.15,22.89,0.00,53.91,14.44,0.07,0.00,8.27,0.24,23.16,0.00,53.96,14.29,0.07,0.00,8.57,0.18,24.74,0.00,51.74,14.66,0.10,0.00,8.64,0.20,24.12,0.00,51.76,15.18,0.09,0.00,8.54,0.22,24.07,0.00,51.78,15.30,0.09,0.00,8.22,0.33,27.63,0.00,49.74,14.00,0.09,0.00
39001,10.46,1.96,38.48,0.59,36.38,11.10,0.83,0.20,11.24,2.10,33.77,0.57,37.07,13.98,1.15,0.12,11.68,2.23,34.54,0.55,35.21,14.45,1.32,0.02,11.41,2.19,35.46,0.52,34.74,14.39,1.26,0.03,11.51,2.31,35.61,0.54,34.07,14.63,1.31,0.02,11.67,2.06,35.52,0.69,33.24,15.49,1.32,0.00,11.54,2.11,34.80,0.68,33.52,16.09,1.26,0.00,10.86,2.11,38.68,0.58,32.36,14.21,1.09,0.11
39002,5.11,0.29,39.22,0.04,48.71,5.92,0.64,0.08,6.10,0.39,35.04,0.02,50.07,7.24,1.01,0.12,7.24,0.37,35.80,0.03,47.79,7.72,1.04,0.02,7.16,0.30,36.74,0.01,46.92,7.82,1.04,0.01,7.17,0.39,37.36,0.01,46.09,7.87,1.08,0.03,7.24,0.32,37.33,0.11,45.35,8.53,1.11,0.00,7.16,0.38,36.94,0.07,45.29,9.09,1.07,0.01,6.60,0.46,41.16,0.06,42.48,8.14,0.97,0.13
39004,21.46,0.35,36.77,0.39,7.03,33.97,0.02,0.02,17.73,0.17,32.56,0.00,7.27,42.16,0.03,0.06,18.68,0.36,30.58,0.00,7.37,42.71,0.30,0.00,18.62,0.26,31.60,0.13,7.32,42.03,0.04,0.00,18.72,0.35,31.64,0.08,7.06,42.12,0.03,0.00,17.75,0.19,31.49,0.12,6.72,43.68,0.03,0.00,16.50,0.41,30.49,0.77,7.37,44.43,0.02,0.00,16.21,0.34,34.63,0.13,7.60,41.07,0.03,0.00
39005,6.39,0.00,20.70,0.27,0.08,72.24,0.08,0.24,6.49,0.01,15.19,0.15,0.32,77.76,0.08,0.00,6.40,0.00,16.66,0.00,0.11,76.74,0.10,0.00,6.42,0.00,16.00,0.00,0.57,76.96,0.04,0.00,6.65,0.00,16.17,0.00,0.04,77.07,0.08,0.00,6.93,0.01,15.75,0.00,0.16,77.12,0.02,0.00,6.72,0.05,16.10,0.00,0.00,77.08,0.04,0.00,5.93,0.05,19.99,0.00,0.04,73.96,0.02,0.00
39006,7.15,0.49,38.20,0.18,50.27,3.06,0.56,0.10,7.72,0.58,36.38,0.03,50.15,3.85,1.04,0.26,9.58,0.55,34.23,0.00,50.04,4.55,1.03,0.01,9.57,0.45,36.07,0.00,48.34,4.50,1.02,0.04,9.72,0.45,37.37,0.00,46.78,4.66,1.01,0.01,9.79,0.33,35.94,0.00,47.59,5.32,1.03,0.00,9.40,0.48,36.99,0.00,46.24,5.84,1.05,0.00,8.73,0.62,42.29,0.00,42.57,4.52,0.99,0.28
39007,15.32,9.43,33.50,2.88,18.88,18.21,1.03,0.75,15.17,9.55,24.64,4.01,20.92,23.77,1.57,0.36,12.91,11.13,25.13,3.65,19.74,24.94,2.37,0.12,13.19,11.30,26.36,3.28,19.68,24.45,1.60,0.14,13.83,10.78,27.55,3.11,18.00,24.64,1.97,0.12,13.79,9.76,26.08,3.37,19.07,25.86,2.06,0.01,14.01,9.84,25.00,3.73,18.29,27.10,2.04,0.00,13.39,9.75,29.00,3.24,18.80,24.31,1.50,0.02
39008,5.82,0.26,40.47,0.09,47.07,5.09,1.05,0.15,6.72,0.43,36.08,0.04,48.39,6.56,1.57,0.22,8.07,0.46,35.40,0.01,47.12,7.20,1.71,0.03,7.97,0.36,36.64,0.01,46.03,7.25,1.71,0.03,8.06,0.42,38.12,0.00,44.19,7.35,1.81,0.06,8.28,0.31,37.16,0.14,44.37,7.96,1.77,0.00,7.99,0.43,36.87,0.11,44.36,8.52,1.72,0.01,7.30,0.52,41.43,0.10,41.45,7.56,1.54,0.10
39010,10.50,0.84,34.63,0.18,33.28,19.71,0.55,0.30,11.31,0.59,31.04,0.02,32.33,23.78,0.80,0.14,12.59,0.35,34.12,0.00,28.55,23.72,0.67,0.01,11.77,0.52,34.37,0.00,28.69,23.91,0.71,0.04,12.38,0.54,33.19,0.02,28.91,24.23,0.71,0.02,12.40,0.55,33.17,0.28,27.86,25.05,0.64,0.04,12.23,0.44,32.83,0.01,28.24,25.57,0.69,0.00,11.13,0.62,36.56,0.02,27.86,22.95,0.63,0.23
39011,19.18,6.54,37.08,2.41,27.03,7.32,0.22,0.21,18.24,8.17,29.93,1.90,29.22,12.13,0.39,0.02,16.65,9.15,30.94,1.89,27.58,13.06,0.73,0.00,17.85,8.18,30.64,2.19,28.32,12.34,0.48,0.00,18.59,8.07,31.50,2.19,26.60,12.50,0.56,0.00,17.57,7.52,30.38,2.84,26.42,14.74,0.54,0.00,18.24,6.65,28.66,2.85,27.67,15.34,0.59,0.00,17.69,6.58,32.33,2.38,27.76,12.76,0.47,0.03
39012,9.05,0.21,34.30,0.21,6.17,49.97,0.08,0.01,9.51,0.14,28.53,0.07,6.47,55.10,0.11,0.05,9.89,0.24,28.06,0.00,6.73,54.91,0.16,0.00,9.04,0.14,29.30,0.00,6.49,54.92,0.11,0.00,9.22,0.26,29.29,0.04,5.42,55.68,0.09,0.00,10.10,0.15,30.12,0.05,4.00,55.46,0.11,0.00,9.77,0.40,29.20,0.07,4.51,55.95,0.10,0.00,9.13,0.29,32.98,0.00,4.31,53.18,0.10,0.00
39014,5.91,0.68,23.90,0.02,51.73,17.25,0.09,0.42,6.65,0.51,24.66,0.00,47.55,19.88,0.12,0.64,7.17,0.26,28.28,0.00,44.33,19.82,0.09,0.03,6.78,0.25,27.95,0.00,44.83,19.90,0.11,0.17,7.24,0.27,27.15,0.00,44.89,20.26,0.09,0.09,7.06,0.33,25.91,0.00,45.67,20.72,0.08,0.22,7.13,0.25,26.76,0.00,44.02,21.74,0.10,0.01,6.82,0.35,29.23,0.00,43.66,19.37,0.11,0.48
39015,11.69,0.36,30.29,0.01,54.20,3.22,0.00,0.22,11.76,0.61,21.43,0.00,61.26,4.94,0.00,0.00,10.17,1.30,15.24,0.00,66.21,6.01,1.07,0.00,11.28,0.91,18.44,0.00,63.58,5.79,0.00,0.00,11.54,1.03,19.65,0.06,61.15,6.07,0.50,0.00,11.30,0.84,20.13,0.21,60.52,6.63,0.37,0.00,11.38,0.91,17.33,0.02,62.59,7.29,0.47,0.00,11.36,0.94,20.35,0.00,61.81,5.54,0.00,0.00
39016,9.99,0.98,33.51,0.03,51.22,4.01,0.20,0.05,11.35,1.13,30.11,0.08,52.29,4.59,0.42,0.04,11.77,1.25,30.47,0.01,50.58,5.12,0.80,0.00,11.51,1.32,31.69,0.04,49.59,5.08,0.76,0.00,11.44,1.32,32.15,0.03,49.33,5.05,0.68,0.00,11.66,1.26,31.86,0.04,48.34,5.91,0.93,0.00,11.65,1.38,31.93,0.12,47.82,6.32,0.77,0.00,11.10,1.39,34.86,0.05,47.13,5.01,0.44,0.02
39017,12.62,1.89,51.48,0.00,27.28,6.32,0.06,0.34,15.76,0.56,48.46,0.00,33.04,1.82,0.20,0.17,16.86,0.56,51.93,0.00,28.32,2.14,0.20,0.00,16.45,0.56,52.55,0.00,28.11,2.17,0.15,0.00,16.76,0.25,54.98,0.00,25.54,2.32,0.15,0.00,16.67,0.25,55.01,0.00,25.17,2.75,0.15,0.00,16.34,0.25,53.30,0.00,25.18,4.79,0.15,0.00,16.37,0.25,55.87,0.00,18.95,2.92,0.15,5.48
39019,5.69,0.22,27.59,0.03,64.39,2.06,0.03,0.00,6.50,0.40,25.08,0.11,65.83,2.04,0.04,0.01,7.51,0.40,22.69,0.00,66.78,2.45,0.17,0.00,7.10,0.46,25.32,0.07,64.46,2.39,0.20,0.00,7.01,0.48,24.09,0.06,65.80,2.48,0.08,0.00,7.37,0.47,24.17,0.07,64.64,3.05,0.23,0.00,7.31,0.50,25.04,0.11,63.68,3.17,0.19,0.00,7.08,0.54,26.75,0.07,63.26,2.26,0.03,0.00
39020,10.93,0.28,39.60,0.14,47.90,1.07,0.00,0.06,10.97,0.65,39.35,0.00,47.46,1.48,0.03,0.04,12.86,0.42,40.03,0.00,44.21,2.41,0.06,0.01,12.89,0.40,40.25,0.00,44.12,2.27,0.07,0.00,12.86,0.47,40.13,0.00,44.02,2.46,0.06,0.00,13.28,0.35,38.39,0.00,44.82,3.09,0.06,0.00,12.91,0.55,38.99,0.00,44.12,3.36,0.07,0.00,11.76,0.90,41.77,0.00,43.23,2.23,0.06,0.04
39021,2.30,0.07,38.50,0.00,54.41,4.56,0.16,0.00,3.42,0.05,34.78,0.00,55.91,5.61,0.23,0.00,4.05,0.08,36.92,0.00,52.68,6.00,0.26,0.00,4.10,0.04,37.96,0.00,51.43,6.23,0.23,0.00,4.14,0.06,37.90,0.00,51.62,6.05,0.23,0.00,3.98,0.06,37.84,0.00,51.14,6.70,0.28,0.00,4.10,0.09,37.73,0.00,50.55,7.25,0.29,0.00,3.81,0.09,41.34,0.00,48.24,6.26,0.24,0.01
39022,11.60,1.25,33.60,0.21,40.28,12.77,0.08,0.21,13.02,0.92,27.58,0.04,40.26,17.92,0.13,0.13,12.54,1.26,26.82,0.10,39.24,19.29,0.74,0.00,12.78,1.25,27.28,0.06,39.45,18.90,0.27,0.00,12.38,1.19,29.47,0.10,37.10,19.22,0.54,0.00,12.62,0.97,28.84,0.04,37.15,19.87,0.51,0.00,12.51,1.11,29.24,0.38,35.91,20.31,0.54,0.00,12.27,1.12,30.49,0.05,37.07,18.74,0.27,0.00
39023,18.99,0.50,41.27,0.00,20.46,18.58,0.04,0.13,20.13,0.47,33.56,0.01,23.83,21.92,0.05,0.04,20.32,0.41,34.16,0.00,22.46,22.53,0.12,0.00,19.76,0.41,35.66,0.00,21.27,22.73,0.12,0.05,20.39,0.75,33.98,0.20,21.24,23.31,0.13,0.00,20.34,0.51,33.33,0.10,21.10,24.52,0.11,0.00,20.33,0.44,32.27,0.01,21.66,25.17,0.12,0.00,19.43,0.65,36.78,0.02,20.52,22.49,0.10,0.01
39025,18.56,2.44,40.85,0.00,32.90,5.08,0.14,0.02,20.20,2.76,41.00,0.19,29.56,6.06,0.20,0.03,20.27,2.45,42.17,0.02,27.90,6.82,0.37,0.00,19.38,2.80,44.53,0.08,25.96,6.92,0.32,0.00,19.58,2.60,46.40,0.08,24.24,6.77,0.32,0.00,19.47,2.73,44.26,0.12,24.62,8.36,0.45,0.00,18.99,3.19,45.32,0.37,22.27,9.46,0.40,0.00,18.19,2.98,51.09,0.05,21.28,6.14,0.25,0.02
39027,15.32,1.30,29.83,0.00,50.62,2.78,0.04,0.12,15.67,2.43,25.06,0.00,53.31,3.49,0.04,0.00,16.24,2.10,25.88,0.00,51.65,3.94,0.18,0.00,15.51,2.31,26.24,0.01,51.61,4.13,0.19,0.00,15.14,2.72,25.90,0.01,51.97,4.11,0.15,0.00,15.27,2.30,25.78,0.00,51.31,5.11,0.22,0.00,15.34,2.46,25.96,0.17,50.64,5.23,0.19,0.00,14.41,2.66,30.03,0.00,49.11,3.73,0.07,0.00
39028,19.26,2.79,20.13,0.00,56.65,1.17,0.00,0.00,21.18,3.03,18.54,0.02,55.88,1.16,0.17,0.01,20.95,3.95,20.81,0.00,52.28,1.67,0.34,0.00,21.10,3.86,23.30,0.00,49.71,1.54,0.49,0.00,20.90,3.65,24.90,0.00,48.94,1.31,0.30,0.00,21.13,3.67,26.09,0.00,46.61,2.01,0.50,0.00,20.79,4.07,25.60,0.01,47.03,2.18,0.33,0.00,19.99,4.15,27.16,0.00,46.78,1.75,0.17,0.00
39029,31.61,14.44,40.25,0.71,9.13,3.44,0.14,0.29,26.40,20.40,34.20,0.71,10.60,7.46,0.25,0.00,25.53,21.36,34.68,0.16,9.43,8.60,0.24,0.00,24.57,21.08,35.52,0.72,10.26,7.63,0.21,0.00,22.80,24.29,38.39,0.23,5.99,8.12,0.18,0.00,25.25,20.38,38.64,3.56,1.85,10.10,0.22,0.00,23.21,21.49,33.81,2.55,7.92,10.80,0.23,0.00,25.42,16.67,38.95,1.61,10.24,6.83,0.26,0.00
39034,7.46,0.35,33.34,0.00,55.54,3.13,0.17,0.02,8.51,0.53,31.08,0.00,55.90,3.76,0.23,0.00,10.04,0.40,32.75,0.00,52.17,4.37,0.27,0.00,9.92,0.36,33.20,0.00,52.01,4.29,0.22,0.00,10.10,0.39,33.64,0.00,51.21,4.43,0.23,0.00,10.10,0.41,33.89,0.00,50.46,4.91,0.23,0.00,10.11,0.37,33.64,0.00,50.27,5.37,0.25,0.00,9.22,0.56,40.41,0.00,45.27,4.27,0.22,0.04
39035,12.39,0.48,42.13,0.21,39.76,4.16,0.63,0.23,12.85,1.11,37.25,0.06,42.04,5.50,0.84,0.35,16.86,0.87,37.21,0.00,37.92,6.20,0.95,0.00,15.73,0.83,37.43,0.00,38.80,6.35,0.86,0.01,16.24,0.77,37.56,0.00,38.09,6.39,0.96,0.00,15.44,0.68,37.35,0.00,38.39,7.26,0.87,0.00,14.70,0.96,36.11,0.00,39.51,7.90,0.83,0.00,13.51,1.12,40.44,0.00,37.75,6.26,0.72,0.21
39036,20.62,28.28,41.01,0.84,8.17,1.07,0.00,0.00,16.31,32.98,36.73,0.86,7.74,5.39,0.00,0.00,15.49,35.16,35.25,0.20,7.27,6.63,0.00,0.00,15.04,34.09,37.91,0.73,6.68,5.56,0.00,0.00,12.00,37.40,37.53,0.39,6.02,6.66,0.00,0.00,15.81,32.73,39.56,0.92,2.19,8.78,0.00,0.00,13.11,34.13,35.77,1.28,6.33,9.39,0.00,0.00,15.69,30.05,41.01,1.63,6.49,5.12,0.00,0.00
39037,3.18,0.17,37.69,0.00,58.40,0.56,0.00,0.00,3.80,0.07,26.70,0.00,68.09,1.33,0.00,0.01,4.84,0.31,26.17,0.00,66.75,1.90,0.03,0.00,5.04,0.07,27.42,0.00,65.64,1.78,0.05,0.00,4.72,0.21,28.86,0.00,64.64,1.54,0.04,0.00,5.13,0.08,28.63,0.00,63.99,2.13,0.03,0.00,5.21,0.08,27.34,0.00,64.99,2.37,0.01,0.00,4.86,0.08,29.98,0.00,63.40,1.66,0.02,0.00
39042,3.97,0.09,25.38,0.00,68.86,0.85,0.84,0.00,5.28,0.13,29.01,0.00,63.30,1.36,0.92,0.00,6.26,0.33,23.99,0.00,66.78,1.73,0.92,0.00,6.61,0.08,25.92,0.00,64.91,1.59,0.90,0.00,6.46,0.23,32.14,0.00,58.44,1.77,0.96,0.00,6.45,0.12,29.62,0.00,60.78,2.06,0.97,0.00,6.39,0.16,27.36,0.00,62.96,2.23,0.91,0.00,5.85,0.32,36.32,0.00,55.03,1.67,0.81,0.00
39049,7.86,0.20,25.63,0.22,5.70,60.06,0.12,0.21,9.29,0.02,20.45,0.06,3.48,65.98,0.27,0.46,10.15,0.00,20.87,0.00,3.79,64.93,0.26,0.00,9.11,0.00,20.60,0.00,4.18,65.85,0.26,0.00,8.66,0.00,21.27,0.00,3.89,65.93,0.26,0.00,11.05,0.00,18.81,0.00,3.22,66.61,0.31,0.00,10.15,0.07,18.93,0.00,3.56,66.99,0.31,0.00,9.26,0.08,23.01,0.00,3.85,63.49,0.31,0.00
39052,8.54,13.69,37.60,0.64,8.14,30.70,0.29,0.40,9.70,11.85,29.00,0.21,6.43,42.24,0.47,0.10,7.96,12.98,31.04,0.61,3.63,42.77,1.02,0.00,7.58,13.66,31.85,0.46,3.49,42.04,0.93,0.00,7.98,12.92,30.89,0.78,3.66,42.92,0.85,0.00,8.91,11.50,30.67,1.02,3.76,43.31,0.83,0.00,8.85,11.74,30.22,0.21,3.42,44.74,0.83,0.00,9.75,10.54,34.08,0.61,2.96,41.32,0.75,0.00
39054,16.52,2.12,55.88,0.51,3.07,21.08,0.39,0.43,15.18,4.01,40.95,0.00,12.23,27.23,0.39,0.02,16.55,4.12,39.32,0.00,12.08,27.46,0.47,0.00,15.10,4.62,41.40,0.00,11.26,27.18,0.44,0.00,15.51,5.51,41.85,0.01,9.54,27.14,0.46,0.00,15.20,4.38,44.43,0.80,3.94,30.77,0.47,0.00,15.35,4.32,40.30,0.20,10.04,29.32,0.47,0.00,14.49,4.44,44.09,0.03,9.08,27.40,0.47,0.00
39056,12.88,0.30,28.82,0.19,10.53,47.14,0.11,0.03,12.19,0.08,27.06,0.02,8.38,52.10,0.14,0.03,12.78,0.15,26.37,0.00,8.17,52.41,0.13,0.00,12.74,0.21,25.69,0.02,9.06,52.13,0.14,0.00,12.87,0.16,26.19,0.00,8.72,51.92,0.14,0.00,12.40,0.07,27.84,0.00,7.22,52.36,0.12,0.00,12.25,0.23,26.36,0.16,7.97,52.90,0.12,0.00,11.19,0.34,30.22,0.02,8.14,49.96,0.12,0.00
39061,2.07,0.00,53.29,0.00,43.52,1.13,0.00,0.00,2.07,0.00,51.22,0.00,44.15,2.38,0.00,0.19,2.88,0.00,31.56,0.00,63.56,2.00,0.00,0.00,2.50,0.00,48.72,0.00,45.71,2.69,0.38,0.00,2.38,0.00,47.65,0.00,47.65,2.32,0.00,0.00,2.76,0.00,45.27,0.00,48.97,3.01,0.00,0.00,3.07,0.00,49.03,0.00,45.65,2.25,0.00,0.00,2.25,0.00,46.65,0.00,49.41,1.69,0.00,0.00
39065,14.52,0.10,21.55,0.00,62.54,0.63,0.00,0.67,16.92,0.42,20.73,0.00,60.33,1.61,0.00,0.00,17.77,0.52,22.57,0.00,57.55,1.59,0.00,0.00,18.69,0.52,23.80,0.00,55.17,1.81,0.00,0.00,18.59,0.81,21.15,0.00,57.86,1.59,0.00,0.00,19.34,0.58,23.17,0.00,54.69,2.21,0.00,0.00,18.27,0.52,33.06,0.00,46.02,2.13,0.00,0.00,17.02,0.65,38.17,0.00,42.85,1.31,0.00,0.00
39069,18.93,2.66,49.90,0.45,6.01,21.34,0.32,0.40,17.99,5.21,39.53,0.05,7.79,28.79,0.42,0.21,18.05,5.52,39.54,0.00,7.88,28.57,0.44,0.00,16.75,5.92,40.86,0.02,7.74,28.29,0.42,0.00,16.93,6.21,41.28,0.02,6.24,28.89,0.39,0.03,16.79,5.44,42.87,0.46,2.97,31.10,0.38,0.00,16.67,4.99,38.41,0.42,7.94,31.15,0.42,0.00,16.29,4.91,42.15,0.06,7.54,28.63,0.42,0.00
39072,8.07,1.27,38.02,0.20,43.42,8.20,0.64,0.17,9.19,1.29,33.72,0.25,44.34,10.15,0.94,0.12,9.79,1.38,34.21,0.22,42.48,10.75,1.15,0.02,9.64,1.35,35.27,0.20,41.67,10.75,1.10,0.02,9.59,1.46,35.55,0.21,41.08,10.94,1.15,0.02,9.75,1.28,35.36,0.27,40.52,11.61,1.21,0.00,9.70,1.35,34.98,0.29,40.33,12.22,1.12,0.00,9.13,1.42,38.77,0.23,38.61,10.84,0.93,0.09
39078,11.18,1.53,35.74,0.05,47.17,4.11,0.01,0.21,12.40,1.42,31.30,0.02,48.07,6.75,0.04,0.00,11.96,1.81,30.36,0.04,47.89,7.77,0.17,0.00,12.21,1.61,29.50,0.02,49.24,7.36,0.06,0.00,12.42,1.75,30.94,0.22,46.72,7.82,0.14,0.00,12.45,1.41,30.03,0.09,46.81,9.13,0.07,0.00,12.53,1.57,27.88,0.05,48.36,9.50,0.11,0.00,11.93,1.64,30.94,0.01,47.78,7.67,0.04,0.00
39081,2.97,0.37,41.46,0.00,51.64,3.54,0.02,0.00,4.21,0.46,31.34,0.03,58.15,5.37,0.44,0.00,4.64,0.49,30.20,0.34,58.44,5.73,0.16,0.00,4.53,0.44,32.15,0.00,56.89,5.76,0.23,0.00,4.32,0.94,31.51,0.05,57.18,5.82,0.19,0.00,4.49,0.70,34.18,0.60,53.36,6.48,0.19,0.00,4.30,0.69,33.55,0.27,54.28,6.73,0.18,0.00,3.72,0.82,35.63,0.16,52.39,6.92,0.15,0.20
39087,2.13,0.00,57.73,0.00,11.26,28.80,0.07,0.01,4.26,0.08,41.28,0.02,15.20,38.83,0.21,0.11,4.95,0.03,43.03,0.03,12.42,39.05,0.48,0.00,4.52,0.08,43.13,0.00,12.23,39.61,0.44,0.00,5.05,0.10,45.65,0.00,9.28,39.40,0.51,0.00,6.02,0.08,43.40,0.10,8.84,41.12,0.43,0.00,5.35,0.12,43.17,0.58,9.17,41.23,0.39,0.00,4.76,0.08,45.53,0.19,8.93,40.29,0.22,0.00
39088,14.02,0.47,42.24,0.13,33.70,9.28,0.08,0.08,14.65,0.32,43.03,0.00,29.94,11.91,0.15,0.00,16.58,0.40,41.01,0.00,28.65,13.22,0.14,0.00,16.07,0.32,42.33,0.00,27.84,13.28,0.15,0.00,16.33,0.50,41.62,0.00,27.93,13.44,0.18,0.00,16.08,0.37,40.67,1.61,26.60,14.48,0.19,0.00,15.79,0.39,41.63,0.00,26.88,15.14,0.17,0.00,14.56,0.47,47.03,0.00,25.25,12.53,0.15,0.00
39095,12.33,0.13,21.30,0.28,1.36,64.58,0.00,0.00,11.25,0.02,17.99,0.01,0.28,70.24,0.17,0.04,11.81,0.00,17.46,0.00,0.34,70.31,0.09,0.00,11.38,0.10,17.16,0.00,0.70,70.50,0.16,0.00,11.89,0.03,17.88,0.00,0.20,69.87,0.13,0.00,11.64,0.02,18.20,0.00,0.48,69.59,0.07,0.00,11.96,0.07,18.74,0.00,0.26,68.83,0.13,0.00,11.17,0.17,21.88,0.00,0.40,66.33,0.06,0.00
39099,4.60,0.10,27.77,0.00,66.89,0.62,0.00,0.03,5.40,0.20,32.42,0.00,60.47,1.49,0.02,0.00,7.27,0.34,29.09,0.00,61.81,1.49,0.00,0.00,7.36,0.17,29.28,0.00,61.71,1.48,0.00,0.00,7.45,0.26,32.94,0.00,57.88,1.46,0.00,0.00,7.41,0.15,30.86,0.00,59.27,2.31,0.00,0.00,7.00,0.20,31.55,0.00,58.38,2.85,0.02,0.00,6.45,0.38,39.66,0.00,50.95,2.55,0.02,0.00
39101,3.05,0.08,38.09,0.00,57.74,1.04,0.00,0.00,3.99,0.06,25.17,0.00,68.92,1.86,0.00,0.00,5.21,0.23,25.17,0.00,66.46,2.90,0.03,0.00,5.24,0.18,25.37,0.00,66.61,2.58,0.01,0.00,4.91,0.22,26.79,0.00,65.22,2.84,0.01,0.00,5.69,0.18,24.35,0.00,66.35,3.41,0.01,0.00,5.76,0.18,24.67,0.00,66.30,3.07,0.01,0.00,5.04,0.18,27.50,0.00,64.50,2.76,0.01,0.00
39105,3.87,0.89,49.51,0.06,38.41,6.83,0.22,0.20,5.66,0.39,45.95,0.01,38.62,8.86,0.34,0.16,6.57,0.29,45.02,0.00,37.95,9.81,0.36,0.00,6.33,0.22,46.78,0.00,36.59,9.70,0.37,0.00,6.56,0.20,44.71,0.00,38.05,10.06,0.41,0.00,6.56,0.26,45.96,0.00,36.39,10.44,0.38,0.00,6.49,0.29,44.83,0.00,36.78,11.20,0.40,0.00,6.08,0.41,48.78,0.00,34.16,10.13,0.37,0.07
39108,18.26,0.53,41.40,0.40,38.90,0.50,0.00,0.00,18.87,1.87,41.06,0.13,36.92,0.80,0.00,0.34,23.99,1.03,40.33,0.00,33.23,1.41,0.02,0.00,23.22,1.02,40.79,0.00,33.73,1.20,0.04,0.00,23.93,0.91,40.91,0.00,33.01,1.21,0.03,0.00,22.30,0.81,39.24,0.00,35.74,1.84,0.06,0.00,21.48,1.25,38.80,0.00,36.26,2.14,0.06,0.00,20.16,1.50,41.63,0.00,35.44,1.25,0.02,0.00
39114,5.57,0.13,24.83,0.00,67.38,2.09,0.00,0.00,5.80,0.49,16.22,0.00,75.66,1.81,0.01,0.01,6.74,0.32,17.92,0.00,73.02,1.99,0.00,0.00,6.38,0.40,16.67,0.00,74.35,2.19,0.01,0.00,5.73,0.86,15.34,0.00,75.92,2.15,0.00,0.00,6.15,0.47,15.37,0.00,75.22,2.79,0.00,0.00,6.08,0.71,16.18,0.03,74.30,2.70,0.00,0.00,5.75,0.56,17.88,0.00,73.86,1.96,0.00,0.00
39120,11.15,1.99,38.13,0.02,46.51,2.19,0.01,0.00,12.20,1.77,35.51,0.00,46.02,4.50,0.01,0.00,11.88,2.00,33.86,0.02,46.64,5.59,0.01,0.00,12.01,1.98,32.20,0.00,48.67,5.13,0.01,0.00,12.42,2.02,32.30,0.00,47.28,5.97,0.01,0.00,12.35,1.78,32.66,0.01,46.20,7.00,0.01,0.00,12.48,1.86,29.71,0.01,48.07,7.86,0.01,0.00,11.75,2.06,33.32,0.00,47.13,5.72,0.01,0.00
39125,6.58,0.85,27.79,0.00,55.98,8.04,0.00,0.76,7.06,0.88,28.75,0.00,52.10,9.96,0.00,1.25,7.80,0.47,32.66,0.00,48.60,10.40,0.00,0.07,7.71,0.42,30.98,0.00,50.13,10.39,0.00,0.37,7.97,0.42,29.66,0.00,50.92,10.83,0.00,0.20,7.62,0.57,27.83,0.00,52.06,11.44,0.00,0.48,7.63,0.40,28.91,0.00,49.77,13.29,0.00,0.01,7.58,0.56,30.95,0.00,49.94,9.96,0.00,1.02
39127,18.03,1.15,40.51,0.02,34.44,5.80,0.00,0.05,20.55,0.35,34.03,0.00,37.14,7.86,0.06,0.00,22.38,0.26,33.79,0.00,34.88,8.66,0.03,0.00,21.73,0.43,34.21,0.00,34.81,8.79,0.03,0.00,21.99,0.63,32.68,0.00,35.83,8.87,0.00,0.00,21.32,0.40,31.83,0.00,36.09,10.19,0.16,0.00,20.79,0.58,31.44,0.03,36.10,10.95,0.11,0.00,20.36,0.71,35.13,0.00,35.27,8.46,0.06,0.00
39141,21.59,6.90,42.26,2.90,19.01,6.87,0.27,0.21,20.79,8.88,35.22,2.35,20.86,11.44,0.44,0.02,19.38,9.61,36.20,2.47,19.12,12.43,0.78,0.00,19.89,8.85,36.79,2.60,19.76,11.56,0.54,0.00,20.65,9.02,37.42,2.44,18.16,11.71,0.60,0.00,20.07,8.31,37.27,3.28,16.50,14.04,0.53,0.00,19.95,7.89,34.37,3.45,19.06,14.68,0.60,0.00,19.57,7.26,38.48,2.77,19.73,11.65,0.48,0.05
39142,9.35,0.52,33.50,0.61,55.59,0.31,0.02,0.10,8.95,1.00,35.25,0.13,53.26,0.93,0.00,0.47,12.25,0.65,31.39,0.00,54.16,1.47,0.02,0.06,12.28,0.67,32.28,0.00,53.20,1.46,0.02,0.10,12.68,0.48,33.92,0.00,51.36,1.46,0.02,0.08,12.37,0.43,31.94,0.00,53.23,2.00,0.04,0.00,11.89,0.59,31.76,0.00,53.15,2.57,0.05,0.00,10.85,0.77,36.38,0.00,50.32,1.38,0.06,0.25
39143,9.61,1.13,43.48,0.26,43.87,1.01,0.30,0.33,10.23,0.95,45.22,0.01,40.79,1.82,0.44,0.54,12.42,0.93,43.78,0.00,39.99,2.44,0.43,0.00,12.02,0.90,45.44,0.00,38.19,2.90,0.44,0.09,12.19,0.78,47.61,0.00,36.07,2.94,0.42,0.00,12.51,0.57,46.64,0.00,36.56,3.28,0.44,0.00,11.88,0.97,46.17,0.00,36.63,3.94,0.42,0.00,11.12,1.06,50.84,0.00,33.13,2.74,0.44,0.68
39144,2.35,0.10,43.95,0.00,50.96,2.58,0.07,0.00,3.27,0.01,37.34,0.00,55.41,3.86,0.10,0.00,3.84,0.12,37.49,0.00,53.82,4.61,0.12,0.00,3.51,0.05,40.02,0.00,51.68,4.61,0.13,0.00,3.49,0.05,39.19,0.00,52.61,4.53,0.13,0.00,3.36,0.08,39.51,0.00,51.53,5.36,0.15,0.00,3.47,0.10,38.76,0.00,51.99,5.52,0.15,0.00,3.24,0.11,42.40,0.00,48.94,5.16,0.16,0.00
40003,16.45,1.53,54.56,1.39,19.54,5.62,0.64,0.26,18.53,1.90,48.44,0.91,20.93,8.30,0.90,0.08,18.27,2.06,49.48,1.21,19.00,9.11,0.86,0.00,18.12,2.37,48.67,0.98,20.21,8.71,0.93,0.00,18.22,2.06,49.56,1.17,19.41,8.64,0.93,0.01,17.75,1.98,51.02,1.49,16.41,10.45,0.91,0.00,17.43,2.15,47.85,1.28,19.18,11.21,0.90,0.00,16.63,2.11,50.74,1.16,19.69,8.73,0.88,0.06
40004,23.20,3.06,63.21,0.23,8.43,1.37,0.41,0.09,25.44,3.30,59.65,0.01,7.45,3.63,0.53,0.00,26.30,2.86,59.22,0.00,6.46,4.65,0.51,0.00,26.11,3.09,59.74,0.00,6.49,4.04,0.53,0.00,26.48,2.94,59.82,0.01,6.43,3.81,0.51,0.00,26.07,2.84,60.30,0.16,4.99,5.12,0.52,0.00,25.37,2.98,59.37,0.03,5.83,5.89,0.53,0.00,23.38,3.35,62.67,0.06,6.18,3.86,0.50,0.00
40005,9.32,1.73,56.53,0.26,29.53,2.44,0.10,0.08,10.67,1.71,54.30,0.00,27.93,4.96,0.43,0.00,10.67,1.80,57.05,0.01,24.95,5.14,0.38,0.00,10.75,1.82,57.11,0.01,25.45,4.46,0.40,0.00,10.88,1.71,56.88,0.02,25.43,4.69,0.39,0.00,10.86,1.73,59.34,0.08,21.49,6.12,0.39,0.00,11.09,1.79,55.76,0.00,24.09,6.92,0.35,0.00,9.97,1.85,58.52,0.01,24.43,4.86,0.36,0.00
40006,21.02,1.42,41.14,0.61,27.76,6.71,0.00,1.33,26.63,1.31,38.15,0.00,26.03,7.29,0.03,0.56,25.22,1.18,36.49,0.00,26.08,10.92,0.11,0.00,24.10,1.36,35.88,0.00,27.78,10.70,0.18,0.00,24.42,1.22,35.52,0.00,28.32,10.36,0.17,0.00,23.34,1.37,36.64,0.00,25.90,12.55,0.20,0.00,23.31,1.55,33.47,0.17,28.14,13.14,0.22,0.01,21.60,2.24,36.55,0.26,28.61,10.49,0.20,0.04
40007,25.60,2.70,51.44,4.92,8.19,6.39,0.58,0.17,28.20,3.83,44.18,4.33,10.03,8.74,0.65,0.04,27.43,4.45,44.99,5.53,7.06,9.88,0.66,0.00,26.44,5.72,43.31,4.83,9.21,9.79,0.68,0.00,26.61,4.73,45.51,5.37,7.75,9.35,0.67,0.00,25.79,4.11,45.93,6.14,5.65,11.69,0.69,0.00,24.40,4.66,43.33,5.82,8.43,12.65,0.71,0.00,24.38,4.05,46.22,5.60,9.46,9.55,0.71,0.03
40009,23.64,2.64,56.50,0.69,12.36,1.70,2.41,0.07,24.97,4.60,49.28,0.02,14.30,4.01,2.78,0.03,25.39,4.73,50.19,0.00,12.28,4.79,2.62,0.00,26.43,4.70,48.75,0.00,13.16,4.26,2.70,0.00,26.59,4.38,49.23,0.26,12.89,4.00,2.65,0.00,25.64,4.54,50.67,0.42,10.51,5.56,2.65,0.00,25.12,4.59,47.85,0.47,13.15,6.13,2.69,0.00,23.86,4.68,50.21,0.15,14.36,4.08,2.66,0.00
40010,15.20,0.49,59.85,0.72,15.97,6.36,0.83,0.58,17.28,0.43,52.08,0.09,19.05,9.78,1.04,0.24,17.62,0.41,54.19,0.57,15.58,10.64,0.98,0.01,17.16,0.52,52.37,0.03,18.68,10.22,1.02,0.01,16.96,0.34,54.11,0.32,16.92,10.30,1.03,0.04,16.53,0.45,57.60,1.09,11.06,12.26,1.01,0.00,16.22,0.54,51.83,0.26,16.97,13.18,1.00,0.00,15.81,0.61,54.03,0.04,18.10,10.08,1.02,0.30
40011,13.01,0.76,37.57,0.46,41.54,6.19,0.29,0.19,15.54,0.54,26.92,0.01,45.99,10.36,0.39,0.26,14.95,0.69,30.67,0.00,43.49,9.85,0.36,0.00,15.07,0.72,30.72,0.01,43.26,9.81,0.39,0.02,15.03,0.61,30.65,0.01,43.33,9.97,0.37,0.02,15.03,0.78,32.93,0.04,40.05,10.79,0.38,0.00,14.93,0.70,31.54,0.00,41.79,10.66,0.37,0.00,13.63,0.90,34.04,0.09,41.00,9.91,0.37,0.06
40012,19.26,1.33,35.65,0.50,29.49,12.75,0.78,0.24,20.86,1.91,34.03,0.40,25.40,15.94,0.86,0.59,22.30,1.82,33.28,0.24,25.59,15.96,0.80,0.00,20.70,2.31,33.79,0.19,25.56,16.61,0.84,0.00,21.25,1.65,32.94,0.16,26.29,16.82,0.88,0.01,20.06,1.96,33.43,0.53,24.89,18.35,0.76,0.01,20.45,1.97,31.39,0.62,26.42,18.38,0.78,0.00,18.40,2.26,36.29,0.82,25.35,15.69,0.76,0.43
40013,24.50,2.41,39.34,0.80,18.00,13.49,1.04,0.40,26.02,3.45,33.33,0.35,18.05,16.79,1.05,0.96,28.28,3.22,34.19,0.46,15.61,17.22,1.03,0.01,25.55,4.24,33.75,0.36,17.23,17.82,1.05,0.01,26.66,2.95,33.82,0.31,17.30,17.91,1.03,0.03,24.72,3.50,34.12,0.91,15.80,19.94,0.98,0.02,24.92,3.52,31.69,1.17,17.68,20.03,0.97,0.01,23.13,3.79,34.34,1.43,18.33,17.18,0.97,0.83
40016,12.68,0.36,34.27,0.05,15.24,37.17,0.22,0.00,12.99,0.44,34.34,0.03,9.62,42.27,0.27,0.05,14.35,0.33,33.38,0.00,10.13,41.52,0.29,0.00,13.51,0.23,31.93,0.14,11.46,42.45,0.29,0.00,14.24,0.21,33.12,0.04,10.44,41.60,0.34,0.00,13.62,0.23,33.01,0.00,10.61,42.24,0.29,0.00,13.62,0.37,32.25,0.01,10.69,42.81,0.25,0.00,12.08,0.64,38.36,0.04,9.48,39.02,0.27,0.12
40017,24.02,7.83,63.47,0.10,4.05,0.53,0.00,0.00,24.85,9.33,61.53,0.00,2.08,2.22,0.00,0.00,25.08,9.27,60.85,0.00,1.68,3.12,0.00,0.00,25.48,9.44,60.79,0.00,1.80,2.49,0.00,0.00,25.49,8.83,61.47,0.02,2.01,2.19,0.00,0.00,25.69,8.43,60.33,0.03,1.84,3.68,0.00,0.00,24.56,9.59,59.40,0.00,1.81,4.65,0.00,0.00,21.87,10.16,62.88,0.03,2.22,2.85,0.00,0.00
40018,23.68,1.99,38.77,0.77,21.14,12.41,0.90,0.33,25.54,2.77,34.96,0.56,18.66,15.70,0.92,0.91,27.65,2.63,35.13,0.37,17.43,15.89,0.90,0.00,25.23,3.44,34.80,0.29,18.86,16.47,0.92,0.00,26.15,2.41,34.79,0.25,18.91,16.57,0.91,0.02,24.52,2.89,34.78,0.73,17.69,18.51,0.86,0.02,24.95,2.89,32.81,0.94,18.87,18.68,0.86,0.01,22.80,3.18,35.97,1.15,19.36,16.02,0.86,0.66
4001,1.70,8.17,14.09,69.27,0.49,0.00,4.04,2.23,2.57,10.58,14.17,65.56,0.40,0.03,3.96,2.74,3.77,11.90,18.85,54.85,0.23,0.02,3.69,6.69,3.58,10.54,17.06,59.50,0.27,0.04,3.93,5.09,3.38,11.50,19.24,55.57,0.27,0.02,3.88,6.15,4.61,8.72,20.61,55.31,0.23,0.03,3.90,6.59,4.28,10.90,25.93,50.17,0.33,0.10,3.93,4.36,4.40,6.97,34.72,47.69,0.67,0.07,3.95,1.53
40020,24.99,3.02,54.87,0.62,7.92,8.42,0.11,0.06,28.64,3.35,47.03,0.00,9.27,11.46,0.26,0.00,27.68,3.80,46.53,0.00,8.64,13.13,0.22,0.00,28.42,4.25,45.70,0.19,8.86,12.25,0.33,0.00,28.77,3.40,48.48,0.26,7.07,11.73,0.30,0.00,27.64,3.55,46.99,1.32,5.95,14.19,0.35,0.00,25.82,3.67,45.89,1.19,7.91,15.18,0.35,0.00,25.60,3.48,48.69,0.70,8.84,12.28,0.39,0.00
40021,17.45,4.61,59.10,0.99,15.50,2.18,0.00,0.16,17.16,6.85,49.37,0.00,22.12,4.32,0.15,0.03,16.98,7.14,50.15,0.00,19.96,5.60,0.17,0.00,18.24,6.46,55.29,0.00,14.76,4.99,0.25,0.00,18.83,6.42,53.49,0.00,16.51,4.50,0.25,0.00,17.81,6.64,55.53,0.00,13.87,5.90,0.25,0.00,17.46,6.62,51.80,0.00,16.69,7.19,0.25,0.00,15.78,6.63,51.80,0.00,21.00,4.49,0.30,0.00
40022,7.73,0.21,39.25,0.45,47.44,4.27,0.14,0.50,9.68,0.28,27.88,0.06,51.99,9.02,0.27,0.81,10.52,0.24,28.02,0.00,52.91,8.08,0.23,0.00,9.90,0.29,28.30,0.05,53.02,8.05,0.28,0.10,9.83,0.24,28.80,0.04,52.19,8.55,0.25,0.10,10.21,0.28,33.61,0.00,45.65,10.01,0.25,0.00,10.04,0.27,28.32,0.00,51.67,9.45,0.25,0.00,8.98,0.29,32.65,0.06,49.12,8.42,0.26,0.22
40033,13.06,0.30,45.45,0.00,35.96,5.18,0.01,0.03,14.18,0.07,35.87,0.00,37.56,12.26,0.06,0.00,13.51,0.20,39.98,0.00,33.94,12.31,0.06,0.00,12.61,0.23,41.01,0.00,33.82,12.21,0.11,0.00,12.69,0.20,41.25,0.00,34.08,11.68,0.09,0.00,11.23,0.23,42.37,0.00,33.01,13.10,0.07,0.00,12.37,0.23,43.23,0.00,32.07,12.01,0.09,0.00,11.91,0.32,43.65,0.05,32.67,11.29,0.11,0.00
4003,1.50,16.83,6.59,71.20,2.10,0.09,1.66,0.02,1.86,19.22,6.89,68.57,1.62,0.19,1.64,0.01,1.53,19.55,7.78,67.81,1.05,0.15,1.62,0.51,2.43,18.64,7.15,68.87,1.13,0.14,1.62,0.02,2.39,18.79,7.38,67.83,1.26,0.14,1.62,0.58,3.79,16.98,7.56,69.16,0.72,0.17,1.62,0.00,2.81,18.63,7.22,67.61,1.30,0.27,1.62,0.54,3.00,15.62,8.81,69.21,1.54,0.16,1.63,0.03
4005,0.07,6.19,17.81,71.22,0.01,0.00,0.99,3.71,1.17,5.50,18.99,68.70,0.01,0.00,1.00,4.62,1.45,5.74,9.42,76.39,0.00,0.00,0.87,6.14,0.95,5.28,25.19,62.08,0.00,0.01,0.98,5.51,0.82,5.90,21.33,63.04,0.00,0.00,0.94,7.97,0.95,5.55,21.03,64.24,0.00,0.00,0.92,7.30,1.17,5.81,21.05,64.49,0.00,0.01,0.96,6.50,1.56,4.83,49.35,41.84,0.07,0.01,0.94,1.40
4006,0.10,1.61,19.79,74.11,0.00,0.00,3.21,1.18,0.13,2.59,12.63,80.24,0.00,0.02,3.14,1.25,0.12,8.26,28.71,58.01,0.00,0.00,3.13,1.77,0.39,7.88,20.23,66.70,0.00,0.02,3.13,1.65,0.19,8.17,24.03,62.67,0.00,0.00,3.12,1.83,0.95,5.59,36.54,52.16,0.00,0.02,3.13,1.62,0.65,8.63,23.38,62.33,0.03,0.11,3.13,1.74,0.34,2.28,35.91,57.94,0.06,0.03,3.13,0.31
41001,12.76,0.69,80.42,0.00,4.24,1.80,0.10,0.00,14.82,1.10,71.80,0.00,7.88,4.19,0.22,0.00,15.33,1.29,73.17,0.00,5.71,4.37,0.13,0.00,15.33,0.89,71.90,0.00,7.37,4.38,0.13,0.00,15.62,0.98,72.75,0.00,6.65,3.87,0.13,0.00,15.46,1.46,71.64,0.00,6.42,4.90,0.13,0.00,15.01,1.61,70.25,0.00,7.54,5.47,0.13,0.00,14.00,1.61,72.82,0.00,7.56,3.89,0.13,0.00
41003,13.03,2.62,66.85,0.19,13.04,3.74,0.48,0.04,15.68,1.41,60.08,0.00,16.17,6.18,0.48,0.00,16.84,1.36,60.46,0.00,13.07,7.74,0.54,0.00,17.07,1.31,58.53,0.00,15.05,7.43,0.60,0.00,17.16,1.19,59.94,0.02,14.08,7.02,0.59,0.00,17.78,1.36,59.27,0.00,12.36,8.68,0.55,0.00,17.35,1.36,54.99,0.01,15.69,10.10,0.50,0.00,15.69,1.73,58.62,0.16,15.01,8.26,0.54,0.00
41004,19.24,1.15,62.51,1.39,10.78,4.11,0.45,0.37,22.60,1.46,56.34,0.61,12.40,5.97,0.53,0.09,22.66,2.08,55.52,0.65,10.69,7.82,0.58,0.00,22.41,2.19,54.73,0.66,12.14,7.26,0.63,0.00,22.13,2.03,56.28,0.80,10.82,7.30,0.63,0.01,22.45,2.12,55.99,0.92,9.11,8.79,0.61,0.00,21.85,2.26,53.40,0.98,11.33,9.58,0.61,0.00,20.26,2.44,57.01,0.97,11.44,7.18,0.62,0.09
41005,23.28,1.85,59.39,0.94,8.39,5.38,0.75,0.01,26.64,2.59,52.16,0.35,10.29,6.92,0.85,0.20,26.23,3.60,50.79,0.24,9.25,8.96,0.92,0.01,25.94,3.72,50.92,0.28,9.90,8.31,0.94,0.00,25.92,3.56,52.38,0.42,8.41,8.34,0.94,0.02,25.63,3.77,52.23,0.90,6.51,10.04,0.92,0.00,25.05,3.93,49.43,0.57,9.59,10.51,0.92,0.00,23.27,4.14,51.77,0.56,10.98,8.19,0.97,0.12
41006,17.92,0.24,69.70,0.18,7.24,4.37,0.13,0.23,21.23,0.19,62.87,0.01,8.45,7.10,0.15,0.01,21.19,0.67,62.06,0.26,6.40,9.22,0.20,0.00,21.18,0.83,59.57,0.15,9.16,8.81,0.30,0.00,20.75,0.56,61.50,0.24,7.94,8.72,0.29,0.00,21.05,0.61,60.30,0.33,7.19,10.23,0.28,0.00,20.60,0.91,58.25,0.42,7.99,11.55,0.27,0.00,18.83,1.05,62.97,0.33,7.97,8.57,0.27,0.00
41009,24.02,5.07,41.11,1.20,24.32,3.81,0.25,0.22,22.64,6.24,39.63,0.74,25.39,5.04,0.30,0.01,22.22,6.49,40.54,1.11,23.01,6.05,0.58,0.00,22.04,6.18,40.95,1.10,23.91,5.39,0.44,0.00,22.92,6.34,42.69,1.03,20.95,5.50,0.56,0.00,22.23,5.90,42.19,2.03,20.54,6.62,0.50,0.00,22.38,5.68,39.63,1.89,22.51,7.36,0.57,0.00,20.89,5.84,44.54,1.26,21.64,5.25,0.42,0.18
41011,21.32,3.76,43.18,1.16,25.17,5.00,0.21,0.21,20.73,4.38,39.91,0.86,26.69,7.13,0.28,0.02,19.51,5.20,41.40,1.23,23.96,8.19,0.50,0.00,19.68,4.83,42.23,1.27,24.30,7.34,0.35,0.00,20.65,4.94,43.83,1.21,21.16,7.75,0.45,0.00,19.60,4.81,42.48,2.52,20.86,9.31,0.42,0.00,19.81,4.24,39.36,2.06,24.08,9.93,0.52,0.00,18.56,4.49,43.91,1.21,24.04,7.27,0.35,0.18
41012,11.40,0.37,58.94,0.31,16.63,12.18,0.13,0.03,14.31,0.21,54.84,0.05,13.56,16.78,0.22,0.03,14.98,0.46,52.35,0.00,13.46,18.48,0.27,0.00,14.34,0.39,53.22,0.00,13.96,17.80,0.29,0.00,15.20,0.40,54.97,0.00,10.94,18.27,0.23,0.00,15.10,0.54,52.42,0.00,11.68,20.02,0.24,0.00,15.03,0.65,50.58,0.00,12.81,20.65,0.29,0.00,13.59,0.83,55.10,0.00,12.13,18.08,0.27,0.00
41013,12.09,0.16,81.46,0.00,6.10,0.19,0.00,0.00,14.67,0.41,77.38,0.00,5.24,1.96,0.07,0.28,15.49,0.41,79.61,0.00,2.27,2.15,0.07,0.00,14.81,0.16,79.90,0.00,3.17,1.85,0.11,0.00,15.97,0.05,81.44,0.00,0.90,1.57,0.07,0.00,15.74,0.11,80.75,0.00,0.95,2.38,0.07,0.00,15.78,0.16,79.83,0.00,1.41,2.75,0.07,0.00,13.94,0.72,81.79,0.00,1.76,1.67,0.11,0.00
41014,22.17,3.04,56.67,0.17,13.19,4.41,0.13,0.23,24.07,3.17,47.20,0.00,17.79,7.43,0.31,0.03,24.62,3.05,49.47,0.00,14.31,8.24,0.31,0.00,24.10,2.73,50.12,0.02,15.16,7.56,0.31,0.00,24.70,3.14,51.28,0.02,13.06,7.50,0.30,0.00,24.80,2.76,54.46,0.21,8.19,9.29,0.30,0.00,24.33,2.89,48.80,0.19,13.67,9.73,0.38,0.00,23.04,2.84,53.23,0.03,12.96,7.44,0.32,0.15
41016,17.84,0.75,71.01,0.05,7.83,2.28,0.04,0.20,18.41,0.92,61.52,0.00,14.18,4.75,0.22,0.00,19.31,1.22,60.71,0.00,13.08,5.64,0.04,0.00,19.64,1.06,59.52,0.00,13.92,5.64,0.22,0.00,19.59,0.52,60.75,0.13,14.10,4.75,0.16,0.00,22.47,0.35,58.39,0.00,12.22,6.43,0.14,0.00,21.56,0.42,55.81,0.08,13.83,8.26,0.04,0.00,17.60,0.68,61.29,0.50,14.02,5.72,0.20,0.00
41019,19.02,2.62,58.07,0.23,11.39,8.19,0.16,0.31,20.80,4.12,43.76,0.01,18.61,12.25,0.36,0.08,21.41,3.95,46.40,0.00,15.26,12.66,0.33,0.00,20.55,4.04,47.00,0.04,15.74,12.27,0.36,0.00,21.26,4.52,48.24,0.04,13.42,12.23,0.29,0.00,21.38,3.84,53.24,0.43,6.53,14.27,0.31,0.00,21.16,3.85,44.83,0.35,15.12,14.30,0.39,0.00,19.63,3.79,49.33,0.04,14.83,11.68,0.37,0.32
41020,9.27,0.08,62.79,0.06,24.00,3.38,0.09,0.33,9.55,0.05,65.67,0.00,19.76,4.85,0.12,0.00,10.50,0.10,66.21,0.00,16.92,6.05,0.22,0.00,10.60,0.06,61.89,0.00,21.89,5.31,0.24,0.00,10.13,0.06,64.99,0.00,18.78,5.78,0.26,0.00,11.09,0.09,67.09,0.00,14.77,6.76,0.20,0.00,10.89,0.13,61.46,0.00,19.72,7.60,0.20,0.00,10.25,0.16,69.02,0.00,15.18,4.81,0.23,0.34
41022,36.54,7.13,43.61,0.16,10.96,1.42,0.18,0.00,36.39,9.01,36.58,0.00,15.38,2.42,0.21,0.02,36.04,8.89,36.61,0.16,14.29,3.69,0.32,0.00,36.29,8.45,37.36,0.08,14.68,2.87,0.28,0.00,36.61,8.76,37.79,0.00,13.64,2.87,0.32,0.00,36.59,8.41,36.58,0.23,14.05,3.84,0.30,0.00,36.59,8.20,35.77,0.49,13.76,4.86,0.33,0.00,34.61,8.45,39.92,0.13,13.70,2.95,0.24,0.00
41023,34.37,3.01,20.89,0.21,39.66,1.82,0.01,0.02,31.65,4.90,22.95,0.00,38.60,1.89,0.01,0.00,30.93,5.98,26.22,0.00,34.53,2.33,0.00,0.00,31.94,4.51,25.24,0.00,36.29,2.01,0.01,0.00,31.23,5.61,29.28,0.00,31.76,2.10,0.03,0.00,31.83,4.98,28.54,0.00,32.32,2.33,0.01,0.00,31.23,5.41,25.08,0.08,35.52,2.67,0.01,0.00,30.03,5.50,27.56,0.00,34.75,2.14,0.01,0.02
41025,30.92,5.49,52.01,0.13,8.95,2.26,0.05,0.19,34.12,3.63,45.35,0.00,11.48,5.24,0.17,0.00,34.54,3.50,44.98,0.02,10.10,6.67,0.18,0.00,33.70,2.68,47.13,0.00,10.57,5.77,0.16,0.00,34.31,3.10,47.97,0.02,8.92,5.46,0.21,0.00,34.67,2.70,49.00,0.10,5.56,7.80,0.16,0.00,33.87,2.96,45.30,0.19,8.60,8.83,0.24,0.00,32.50,2.89,50.05,0.05,8.39,5.91,0.20,0.00
41027,19.60,4.57,50.88,2.59,16.61,4.82,0.17,0.77,18.84,6.80,45.00,2.69,18.44,7.97,0.26,0.00,17.01,8.10,44.39,3.09,17.79,9.25,0.38,0.00,17.40,7.87,45.13,3.88,16.98,8.43,0.32,0.00,18.38,7.32,46.38,2.82,16.03,8.62,0.46,0.00,16.77,8.14,44.85,3.71,15.98,10.15,0.39,0.00,17.39,6.58,42.37,4.29,17.90,11.11,0.37,0.00,16.52,6.76,46.47,3.54,18.39,7.92,0.39,0.00
41028,12.25,1.08,50.70,0.00,30.56,4.81,0.30,0.30,12.53,0.97,57.29,0.00,24.94,4.19,0.06,0.02,12.56,1.03,57.19,0.00,23.53,5.44,0.25,0.00,11.99,0.92,58.77,0.00,23.58,4.54,0.20,0.00,12.13,0.92,63.11,0.00,18.77,4.90,0.17,0.00,11.86,0.95,62.67,0.00,18.51,5.81,0.20,0.00,11.53,1.23,60.57,0.00,20.17,6.30,0.20,0.00,10.33,1.43,63.36,0.00,20.56,3.91,0.22,0.19
41029,17.91,1.09,69.59,0.43,10.06,0.77,0.11,0.03,19.95,2.01,60.95,0.00,13.77,3.22,0.11,0.00,21.21,1.84,61.81,0.00,9.66,5.29,0.19,0.00,22.07,1.92,58.81,0.00,12.61,4.40,0.19,0.00,22.04,1.90,60.47,0.00,11.34,4.03,0.24,0.00,22.42,1.90,59.18,0.00,10.27,6.03,0.19,0.00,21.49,1.80,54.72,0.00,13.36,8.46,0.17,0.00,19.92,2.32,58.96,0.19,13.30,5.09,0.21,0.00
42001,13.81,1.89,37.11,0.97,35.13,10.99,0.08,0.02,13.15,2.13,30.29,0.11,41.40,12.77,0.11,0.05,12.57,2.55,33.07,0.04,38.24,13.39,0.15,0.00,12.70,2.16,33.90,0.13,38.59,12.39,0.12,0.00,12.93,2.35,35.24,0.46,35.63,13.22,0.17,0.00,12.85,2.10,35.66,1.14,34.06,14.07,0.13,0.00,12.49,2.14,34.15,0.57,36.08,14.45,0.12,0.00,12.02,2.47,37.68,0.27,33.98,13.47,0.11,0.00
42003,37.65,18.19,14.20,27.49,0.34,2.13,0.01,0.00,33.53,20.50,10.42,32.03,0.20,3.29,0.02,0.00,31.25,21.23,10.43,33.58,0.11,3.32,0.08,0.00,29.61,23.34,9.86,33.34,0.15,3.67,0.04,0.00,33.64,19.06,11.31,32.80,0.07,3.05,0.07,0.00,31.38,18.44,10.07,36.15,0.16,3.74,0.07,0.00,32.81,17.45,9.17,36.28,0.09,4.14,0.06,0.00,33.77,16.59,13.40,33.11,0.17,2.92,0.06,0.00
42004,11.75,1.11,32.49,0.22,50.91,3.34,0.08,0.10,12.72,1.28,23.67,0.12,57.59,4.36,0.16,0.09,12.59,1.84,24.38,0.11,55.54,5.03,0.51,0.00,13.00,1.50,25.03,0.09,54.86,5.08,0.43,0.01,12.33,1.88,25.87,0.31,54.25,4.88,0.45,0.02,13.27,1.37,25.90,0.28,52.91,5.81,0.46,0.00,12.74,1.70,24.91,0.41,53.70,6.11,0.43,0.00,12.40,1.60,27.78,0.07,52.80,5.11,0.22,0.03
42006,9.77,0.16,42.07,0.66,45.46,1.82,0.06,0.01,9.13,0.45,42.20,0.00,45.69,2.47,0.06,0.01,8.78,0.59,44.16,0.00,42.76,3.43,0.27,0.00,9.43,0.15,43.61,0.00,43.86,2.89,0.07,0.00,9.00,0.58,43.39,0.10,43.19,3.37,0.38,0.00,9.58,0.22,44.82,0.93,40.47,3.90,0.09,0.00,9.18,0.22,42.72,0.25,43.02,4.28,0.33,0.00,8.72,0.37,45.62,0.02,42.20,3.01,0.06,0.00
42008,10.91,0.69,28.35,0.05,58.02,1.97,0.01,0.00,10.51,0.88,24.09,0.00,62.24,2.29,0.00,0.00,10.80,0.97,22.83,0.00,62.27,3.08,0.04,0.00,10.88,0.76,24.03,0.00,61.65,2.68,0.00,0.00,10.41,1.16,25.32,0.15,59.70,3.17,0.09,0.00,11.02,0.59,26.74,0.12,58.44,3.07,0.03,0.00,11.08,0.51,23.83,0.04,60.88,3.58,0.07,0.00,10.20,1.10,26.24,0.00,59.54,2.90,0.02,0.00
42010,9.56,0.61,30.88,0.20,53.46,5.13,0.14,0.03,10.00,0.82,23.14,0.11,59.12,6.66,0.17,0.00,10.13,0.89,22.02,0.02,58.38,7.76,0.80,0.00,10.05,0.79,23.78,0.03,57.77,7.18,0.40,0.00,9.69,1.07,24.89,0.15,55.63,7.82,0.75,0.00,10.25,0.68,24.88,0.09,55.44,8.15,0.52,0.00,10.03,0.73,23.59,0.20,56.19,8.71,0.57,0.00,9.81,0.92,26.68,0.07,54.95,7.30,0.25,0.01
42011,12.15,0.17,40.43,0.95,39.97,6.25,0.08,0.00,11.70,0.06,44.67,0.00,36.36,7.11,0.10,0.00,12.33,0.26,46.09,0.05,32.27,8.70,0.30,0.00,12.00,0.05,46.52,0.09,33.03,8.09,0.23,0.00,12.10,0.29,48.59,0.10,30.28,8.27,0.37,0.00,12.08,0.09,47.64,0.69,29.78,9.50,0.22,0.00,11.84,0.24,45.72,0.24,31.86,9.83,0.26,0.00,11.00,0.29,48.38,0.03,31.54,8.64,0.13,0.00
42016,10.51,0.81,30.73,0.09,56.31,1.41,0.13,0.01,10.94,1.10,22.80,0.02,62.84,2.15,0.14,0.00,10.95,1.20,20.93,0.03,62.82,3.46,0.61,0.00,11.07,1.05,22.18,0.03,62.31,3.02,0.34,0.00,10.68,1.43,23.85,0.13,59.80,3.52,0.60,0.00,11.31,0.92,23.79,0.08,59.79,3.71,0.40,0.00,11.14,1.00,22.21,0.12,60.69,4.41,0.42,0.00,10.70,1.25,25.30,0.05,59.32,3.13,0.22,0.02
42017,16.10,4.72,25.97,2.31,4.11,46.67,0.13,0.00,19.30,2.02,23.63,1.80,2.38,50.65,0.22,0.00,19.14,3.26,24.51,0.92,1.96,50.04,0.16,0.00,18.21,2.28,27.83,0.12,1.46,50.00,0.12,0.00,20.23,2.94,22.04,2.74,1.31,50.62,0.12,0.00,19.07,3.87,23.86,0.68,0.92,51.44,0.16,0.00,18.52,3.29,21.21,3.26,1.86,51.70,0.16,0.00,18.88,3.66,27.55,0.38,1.21,48.15,0.16,0.00
42024,11.44,0.57,29.31,0.06,56.85,1.65,0.02,0.10,12.57,0.91,19.97,0.12,63.87,2.44,0.09,0.02,13.00,1.03,20.38,0.05,62.20,2.97,0.36,0.00,12.86,0.92,20.77,0.02,62.23,2.91,0.29,0.00,12.25,1.25,21.26,0.16,61.82,2.90,0.37,0.00,13.23,0.84,21.20,0.12,60.73,3.61,0.28,0.00,12.59,1.20,19.98,0.36,61.83,3.75,0.28,0.00,12.37,1.08,22.65,0.03,60.81,2.95,0.12,0.00
42026,2.13,0.02,45.37,0.01,49.98,2.34,0.00,0.14,3.17,0.23,31.59,0.00,62.32,2.70,0.00,0.00,3.64,0.42,29.82,0.02,62.28,3.75,0.07,0.00,4.09,0.22,35.18,0.00,56.55,3.92,0.04,0.00,3.47,0.43,32.39,0.06,60.12,3.48,0.05,0.00,3.91,0.19,33.34,0.03,58.02,4.46,0.05,0.00,3.77,0.26,32.51,0.01,58.37,5.05,0.03,0.00,3.70,0.26,35.21,0.01,55.99,4.82,0.01,0.00
42027,9.68,0.43,24.11,0.05,64.49,1.22,0.01,0.01,10.97,0.68,11.73,0.25,74.26,1.99,0.09,0.02,11.23,0.61,12.85,0.09,72.32,2.52,0.40,0.00,11.18,0.42,13.85,0.03,71.86,2.39,0.27,0.00,10.53,0.87,14.46,0.25,70.99,2.52,0.37,0.00,11.59,0.35,14.32,0.25,70.26,3.01,0.21,0.00,11.02,0.51,13.31,0.37,71.37,3.16,0.26,0.00,11.06,0.53,15.51,0.05,70.22,2.56,0.09,0.00
43005,1.87,0.11,60.35,0.00,35.27,2.38,0.02,0.00,3.38,0.40,51.07,0.00,41.87,3.19,0.05,0.03,3.30,0.92,54.24,0.02,37.67,3.65,0.18,0.01,4.25,0.52,51.52,0.00,39.34,4.00,0.32,0.04,3.70,0.66,53.12,0.00,38.91,3.43,0.17,0.01,4.30,0.66,52.96,0.04,37.36,4.36,0.31,0.00,4.43,0.57,51.65,0.07,38.30,4.66,0.32,0.00,4.29,0.70,53.16,0.03,37.77,3.95,0.10,0.00
43006,12.18,1.64,42.09,0.00,42.28,1.54,0.25,0.02,11.94,2.52,36.28,0.01,46.97,1.99,0.23,0.07,13.62,3.14,38.76,0.00,41.08,3.13,0.20,0.07,14.16,2.83,35.48,0.00,44.33,2.94,0.24,0.02,13.13,2.90,37.85,0.01,43.31,2.45,0.25,0.09,12.83,2.80,38.01,0.02,42.32,3.63,0.32,0.07,12.98,2.73,36.39,0.04,43.44,4.10,0.29,0.02,12.17,3.06,39.22,0.01,42.41,2.87,0.25,0.01
43007,7.03,1.14,58.22,0.32,28.62,4.51,0.07,0.10,6.95,1.36,48.94,0.37,37.15,4.97,0.17,0.09,8.51,1.57,49.88,0.75,32.77,6.31,0.17,0.03,8.74,1.41,48.31,0.36,34.62,6.29,0.21,0.06,8.37,1.42,49.08,0.39,34.49,5.91,0.23,0.09,8.34,1.31,51.80,0.56,31.08,6.58,0.29,0.04,8.59,1.25,48.94,0.45,33.20,7.30,0.23,0.04,8.15,1.35,52.18,0.33,31.71,5.98,0.20,0.09
43008,4.21,1.39,58.98,0.00,33.60,1.70,0.10,0.02,4.34,2.16,52.30,0.00,38.85,2.21,0.11,0.04,5.07,2.28,61.57,0.00,28.33,2.60,0.11,0.03,5.74,2.11,53.17,0.00,36.11,2.68,0.15,0.04,5.07,2.22,54.01,0.00,36.03,2.53,0.12,0.02,5.51,2.24,55.08,0.00,33.87,3.11,0.15,0.04,5.71,2.24,53.66,0.00,34.92,3.28,0.15,0.02,5.76,2.26,52.03,0.07,37.09,2.67,0.10,0.01
43009,4.39,0.86,79.08,0.00,13.09,2.53,0.04,0.01,4.39,1.15,69.22,0.05,21.89,3.16,0.12,0.02,5.95,1.21,71.32,0.00,16.72,4.72,0.05,0.03,6.02,1.19,69.02,0.00,18.95,4.73,0.08,0.00,5.66,1.19,70.52,0.00,18.18,4.31,0.14,0.01,5.62,1.12,74.13,0.00,13.84,5.06,0.18,0.04,5.90,1.07,70.90,0.00,16.09,5.90,0.12,0.03,5.57,1.09,73.37,0.01,15.16,4.67,0.11,0.03
43014,3.12,0.41,44.86,0.00,49.79,1.75,0.06,0.00,4.71,0.30,32.68,0.00,59.22,2.98,0.09,0.01,4.93,0.47,39.66,0.00,50.74,3.90,0.30,0.00,5.48,0.34,35.31,0.00,54.70,3.84,0.32,0.00,5.33,0.32,35.67,0.00,55.14,3.28,0.27,0.00,5.72,0.31,37.65,0.00,51.37,4.56,0.40,0.00,5.80,0.43,35.70,0.00,53.05,4.76,0.26,0.00,5.47,0.38,38.99,0.00,51.28,3.68,0.20,0.00
43017,0.52,0.01,45.46,0.00,52.86,1.15,0.01,0.00,1.07,0.00,31.77,0.00,64.91,2.23,0.02,0.00,1.29,0.03,34.83,0.00,60.82,2.91,0.10,0.02,1.38,0.01,33.08,0.00,62.36,3.05,0.13,0.00,1.26,0.01,33.91,0.00,62.15,2.63,0.05,0.00,1.46,0.00,34.93,0.02,60.12,3.29,0.17,0.00,1.67,0.01,32.73,0.02,61.75,3.72,0.10,0.00,1.47,0.01,34.18,0.05,61.19,3.06,0.04,0.00
43018,10.47,1.20,28.99,0.05,58.16,1.02,0.09,0.03,10.13,1.52,23.36,0.00,63.92,0.84,0.10,0.12,11.75,2.06,20.93,1.78,61.63,1.71,0.13,0.00,12.02,1.56,21.73,0.00,62.86,1.69,0.12,0.01,11.86,1.59,21.11,0.04,63.77,1.38,0.11,0.15,11.88,1.54,22.75,0.45,61.45,1.82,0.10,0.00,11.99,1.53,21.64,0.01,62.50,2.21,0.11,0.00,11.59,1.55,24.99,0.04,60.47,1.26,0.10,0.00
43021,6.51,1.88,48.24,2.70,37.22,3.17,0.23,0.05,6.85,2.39,41.61,2.86,41.95,3.81,0.36,0.17,6.93,3.06,45.40,3.14,36.58,4.28,0.52,0.08,7.83,2.67,42.31,2.78,39.26,4.53,0.56,0.06,7.25,2.73,43.41,2.90,39.09,4.04,0.50,0.06,7.74,2.47,43.36,3.19,37.49,5.11,0.57,0.06,7.72,2.47,42.11,3.20,38.40,5.50,0.53,0.05,7.45,2.52,43.67,2.95,38.49,4.48,0.38,0.06
44001,6.18,3.10,52.05,0.91,34.36,2.82,0.07,0.51,5.95,3.64,46.38,1.47,38.41,3.48,0.13,0.54,7.11,3.93,47.15,1.79,34.87,4.39,0.13,0.64,7.36,3.86,47.15,1.59,35.19,4.13,0.13,0.59,7.18,3.86,49.08,1.63,33.15,4.05,0.14,0.91,8.00,3.19,48.67,1.88,33.07,4.74,0.22,0.24,8.78,3.35,44.11,1.75,36.42,5.25,0.13,0.22,8.32,2.91,47.67,1.70,34.48,4.09,0.11,0.72
44002,6.22,3.00,47.03,1.74,40.28,1.12,0.13,0.46,5.20,3.98,34.13,2.26,51.97,1.57,0.21,0.67,6.51,4.57,34.88,2.72,47.93,2.57,0.15,0.64,7.08,4.21,33.28,2.11,50.29,2.29,0.15,0.58,6.77,4.29,35.94,2.25,47.70,2.17,0.15,0.73,7.07,3.68,38.24,2.34,45.00,3.29,0.33,0.05,7.42,3.77,33.75,2.28,48.72,3.83,0.16,0.07,7.07,3.40,36.23,2.33,47.81,2.34,0.17,0.66
44006,7.51,0.00,47.95,0.00,44.36,0.19,0.00,0.00,6.53,1.29,61.99,0.00,30.07,0.12,0.00,0.00,9.95,1.49,49.46,0.00,37.54,0.81,0.00,0.75,9.19,1.64,58.54,0.00,29.84,0.79,0.00,0.00,9.31,1.35,54.33,0.00,34.28,0.71,0.00,0.02,10.24,1.12,60.56,0.00,27.06,1.00,0.00,0.02,8.83,2.41,60.58,0.00,27.06,1.10,0.00,0.02,8.38,2.55,57.90,0.00,29.45,1.72,0.00,0.00
44009,0.72,0.00,53.23,0.00,41.27,4.78,0.00,0.00,0.34,0.00,53.55,0.00,40.89,5.22,0.00,0.00,1.19,0.00,61.17,0.53,28.93,8.18,0.00,0.00,0.72,0.00,43.08,0.00,48.58,7.62,0.00,0.00,0.62,0.00,49.48,0.19,42.21,7.50,0.00,0.00,1.53,0.00,46.52,0.00,43.21,8.68,0.06,0.00,1.94,0.00,35.52,0.00,53.61,8.93,0.00,0.00,1.87,0.00,46.77,0.00,45.17,6.19,0.00,0.00
44011,8.45,1.77,71.96,0.03,14.84,2.95,0.00,0.00,9.30,1.03,71.69,0.00,14.64,3.31,0.00,0.04,10.88,1.25,67.25,0.18,15.30,5.12,0.02,0.00,12.20,0.94,68.66,0.32,13.02,4.85,0.02,0.00,11.37,0.94,70.52,0.02,12.61,4.52,0.02,0.00,12.52,0.76,69.12,0.19,12.19,5.20,0.02,0.00,14.41,0.82,63.72,0.06,15.10,5.87,0.02,0.00,12.44,0.76,70.44,0.00,12.25,4.09,0.02,0.00
45001,9.89,1.50,78.37,2.95,6.06,0.94,0.28,0.02,9.33,2.63,77.44,0.53,8.20,1.54,0.30,0.02,11.58,2.03,77.92,0.21,6.38,1.61,0.26,0.00,11.04,2.13,77.94,0.21,6.45,1.96,0.28,0.00,11.43,1.95,78.04,0.23,6.56,1.53,0.26,0.00,11.43,2.09,78.35,0.16,5.30,2.41,0.26,0.00,10.88,1.89,78.68,0.14,5.58,2.56,0.27,0.00,9.78,1.90,78.92,0.54,6.53,2.06,0.27,0.01
45003,7.92,1.22,71.50,0.65,16.23,2.12,0.02,0.35,7.97,1.62,63.45,0.11,22.12,4.29,0.10,0.33,10.80,1.51,62.14,0.02,20.90,4.60,0.02,0.00,9.06,1.41,63.16,0.00,21.28,4.81,0.07,0.22,9.95,1.40,61.93,0.00,22.52,4.16,0.03,0.01,10.34,0.95,62.68,0.00,20.40,5.58,0.05,0.00,9.48,1.29,64.41,0.00,18.12,6.28,0.19,0.22,8.12,1.14,67.91,0.09,16.77,5.34,0.16,0.47
45004,7.84,1.01,77.75,0.26,10.87,2.18,0.01,0.07,6.90,1.26,69.22,0.06,19.81,2.73,0.02,0.00,9.47,1.00,67.08,0.04,18.20,4.19,0.01,0.00,8.83,1.05,68.91,0.04,17.06,4.06,0.02,0.03,8.70,0.93,70.32,0.00,16.22,3.78,0.02,0.03,9.16,0.84,68.80,0.04,16.61,4.52,0.02,0.01,9.01,1.01,71.49,0.04,12.99,5.37,0.03,0.06,7.89,0.95,73.83,0.09,13.53,3.65,0.03,0.02
45005,8.51,1.33,66.55,2.95,17.34,3.21,0.01,0.11,8.12,1.90,57.36,1.97,26.06,4.56,0.01,0.02,9.99,1.73,55.77,2.05,24.58,5.86,0.02,0.01,9.27,1.46,58.11,1.39,23.83,5.93,0.02,0.00,10.00,1.62,55.96,1.57,24.80,6.04,0.01,0.00,10.47,0.89,61.22,1.72,19.62,6.06,0.02,0.00,10.04,1.38,64.53,1.64,15.46,6.88,0.03,0.03,9.16,1.27,67.01,1.59,15.70,5.22,0.03,0.02
45009,9.18,1.70,81.62,5.58,0.69,0.15,1.09,0.00,9.26,2.93,83.29,0.92,1.96,0.43,1.19,0.01,12.09,2.17,83.08,0.84,0.55,0.27,1.01,0.00,11.16,2.45,83.30,0.84,0.60,0.58,1.08,0.00,11.86,2.09,83.82,0.93,0.16,0.14,1.01,0.00,11.32,2.37,83.07,0.64,0.63,0.96,1.01,0.00,9.91,2.39,84.32,0.58,0.53,1.20,1.08,0.00,10.24,1.73,82.89,1.34,1.96,0.76,1.09,0.00
45012,7.45,1.73,59.52,0.09,29.64,1.52,0.03,0.01,8.70,2.09,54.91,0.01,31.82,2.42,0.05,0.00,10.20,2.25,55.69,0.00,29.24,2.60,0.03,0.00,10.04,2.09,51.16,0.00,33.62,3.05,0.04,0.00,10.06,2.09,48.86,0.00,36.12,2.84,0.03,0.00,10.88,1.95,57.72,0.00,25.88,3.54,0.02,0.01,10.44,1.90,60.36,0.00,23.67,3.53,0.02,0.07,8.80,2.19,63.24,0.03,23.10,2.60,0.03,0.01
46003,8.09,3.73,64.38,19.33,3.03,1.23,0.06,0.15,8.34,4.88,69.82,12.59,2.38,1.78,0.07,0.15,9.05,4.42,72.46,9.44,2.56,2.03,0.06,0.00,8.72,4.56,71.05,11.95,1.94,1.78,0.01,0.00,9.67,4.24,72.27,9.73,2.24,1.80,0.06,0.00,10.26,4.16,69.87,12.12,1.45,2.08,0.06,0.00,9.80,4.33,72.22,9.84,1.46,2.11,0.09,0.15,8.65,4.12,64.88,18.38,1.93,1.83,0.06,0.15
46005,0.03,3.94,49.48,46.28,0.25,0.02,0.00,0.00,0.64,3.94,57.04,38.13,0.00,0.25,0.00,0.00,0.81,3.94,46.81,48.31,0.00,0.13,0.00,0.00,0.76,3.88,47.46,47.81,0.00,0.09,0.00,0.00,0.66,3.92,47.84,47.45,0.00,0.13,0.00,0.00,0.94,3.92,46.16,48.79,0.00,0.19,0.00,0.00,1.09,3.88,42.49,52.12,0.00,0.43,0.00,0.00,0.94,3.69,38.67,56.38,0.00,0.31,0.00,0.00
46008,7.34,0.96,68.17,7.94,14.21,1.24,0.14,0.00,8.13,0.69,68.92,8.67,11.85,1.56,0.15,0.02,9.85,0.41,73.36,1.75,11.65,2.74,0.18,0.06,8.72,0.76,68.86,8.63,10.37,2.48,0.18,0.00,9.86,0.39,72.87,1.36,12.79,2.47,0.15,0.11,11.83,0.44,67.60,8.38,8.35,3.05,0.18,0.18,10.48,0.38,76.10,0.91,8.42,3.13,0.19,0.39,8.86,0.50,70.59,8.26,9.15,2.35,0.19,0.10
46014,14.74,7.30,59.93,6.45,10.48,0.73,0.36,0.00,14.67,9.87,61.92,4.53,7.12,1.42,0.37,0.10,17.07,10.08,59.51,5.72,5.80,1.47,0.34,0.00,16.17,10.02,57.48,5.84,8.60,1.64,0.24,0.00,17.61,9.54,58.09,5.31,7.54,1.71,0.20,0.00,17.79,8.70,59.53,5.14,6.22,2.15,0.37,0.11,17.47,8.91,59.37,5.30,6.05,2.24,0.38,0.28,14.85,8.46,60.73,6.45,7.50,1.54,0.38,0.09
47001,6.94,2.23,80.82,0.65,8.18,0.71,0.38,0.08,7.76,3.86,69.08,0.94,15.78,2.05,0.44,0.09,9.43,3.60,75.78,0.35,8.24,2.16,0.41,0.04,9.35,3.49,75.18,0.34,9.31,1.87,0.40,0.06,9.48,3.40,77.27,0.45,7.06,1.91,0.38,0.05,9.58,3.30,76.74,0.46,7.00,2.29,0.40,0.23,9.90,3.32,74.54,0.72,8.01,2.74,0.40,0.37,8.18,3.37,76.45,0.98,8.16,2.34,0.41,0.10
47004,7.71,4.37,73.67,2.36,10.59,1.30,0.00,0.00,8.23,5.36,67.25,0.58,16.05,2.44,0.04,0.06,9.66,5.12,69.71,0.03,12.90,2.45,0.01,0.12,9.58,4.92,69.17,0.01,13.88,2.40,0.00,0.02,10.10,4.80,69.09,0.12,13.39,2.40,0.01,0.09,10.04,4.23,69.32,0.01,13.31,2.89,0.00,0.20,10.10,4.64,67.54,0.04,14.00,3.38,0.01,0.28,9.39,4.12,68.36,1.28,13.85,2.93,0.00,0.06
47005,3.52,0.89,80.28,0.12,14.72,0.34,0.02,0.11,4.28,1.73,71.23,0.76,20.43,1.50,0.00,0.07,5.23,1.50,81.81,0.00,10.23,1.16,0.02,0.06,5.51,1.58,80.54,0.14,11.00,1.11,0.02,0.10,5.36,1.51,82.97,0.12,8.76,1.17,0.01,0.11,5.63,1.33,82.03,0.18,8.91,1.48,0.00,0.44,5.93,1.42,80.33,0.37,9.35,1.88,0.00,0.72,4.91,1.44,82.52,0.53,8.47,2.05,0.01,0.08
47008,8.33,3.05,80.81,0.53,4.57,0.14,2.56,0.01,11.05,6.34,69.79,0.19,8.66,1.17,2.80,0.00,13.10,6.35,74.54,0.00,2.30,1.11,2.60,0.00,12.47,6.16,75.90,0.00,2.02,0.86,2.60,0.00,12.31,6.16,76.79,0.01,1.31,0.86,2.56,0.00,12.07,5.55,76.20,0.00,2.19,1.28,2.70,0.01,12.92,5.78,73.74,0.04,3.11,1.61,2.71,0.09,10.72,5.60,76.12,0.50,3.07,1.29,2.69,0.01
47009,5.93,1.27,67.56,0.14,23.64,1.39,0.04,0.03,6.78,1.27,59.70,0.00,29.45,2.77,0.04,0.00,7.61,1.14,60.65,0.00,27.98,2.58,0.04,0.00,7.66,1.09,58.12,0.00,30.62,2.47,0.04,0.00,8.05,1.22,59.05,0.00,29.15,2.23,0.04,0.27,8.85,0.87,56.69,0.00,30.22,3.33,0.04,0.00,9.11,0.91,54.50,0.03,31.23,3.98,0.04,0.20,7.87,1.14,57.98,0.02,28.77,4.11,0.04,0.07
47011,8.95,2.26,77.28,6.96,1.89,0.85,0.90,0.91,7.34,4.65,76.39,6.05,2.12,1.53,0.92,0.99,8.43,4.32,73.53,8.57,1.39,1.79,0.92,1.05,8.03,4.18,77.47,5.27,1.66,1.59,0.92,0.89,9.69,4.49,72.83,7.95,2.54,1.60,0.05,0.85,8.85,3.56,71.12,8.06,1.66,2.16,0.89,3.70,9.17,3.00,78.81,3.63,0.99,1.90,0.89,1.62,8.20,3.05,76.25,7.18,1.68,1.67,0.89,1.08
47014,7.33,0.32,74.49,15.51,1.05,1.25,0.00,0.05,7.49,0.45,74.65,15.03,0.46,1.93,0.00,0.00,8.43,0.42,73.97,14.12,0.66,2.41,0.00,0.00,8.45,0.14,74.85,13.75,0.62,2.19,0.00,0.00,8.70,0.35,73.96,14.28,0.37,2.33,0.00,0.00,7.65,0.39,74.42,14.09,0.56,2.51,0.00,0.37,8.27,0.10,75.40,13.44,0.32,2.45,0.00,0.02,7.21,0.12,71.92,17.56,0.97,2.15,0.00,0.07
47018,8.11,2.59,85.63,0.13,3.30,0.21,0.04,0.00,11.33,3.84,75.30,0.15,7.83,1.45,0.12,0.00,13.85,3.80,78.93,0.00,1.99,1.34,0.08,0.00,12.92,3.64,80.39,0.00,1.96,1.03,0.06,0.00,12.83,3.53,81.03,0.00,1.45,1.09,0.07,0.00,12.84,2.85,80.48,0.00,2.18,1.58,0.06,0.02,13.75,3.00,78.09,0.06,2.90,2.01,0.07,0.12,11.84,2.69,79.50,0.71,3.54,1.61,0.09,0.01
48003,10.15,0.14,51.28,3.00,16.21,3.04,0.52,15.66,14.56,0.11,40.09,4.25,20.77,5.47,0.58,14.16,17.16,0.06,43.44,2.56,13.84,4.88,0.26,17.80,16.50,0.06,43.33,2.97,14.78,4.85,0.29,17.21,15.42,0.06,43.91,2.93,15.17,4.65,0.30,17.55,18.29,0.05,43.38,1.80,13.70,5.40,0.30,17.07,15.42,0.10,41.38,4.23,13.04,6.24,0.34,19.25,16.93,0.14,49.48,2.58,12.42,5.82,0.49,12.15
48004,5.14,0.11,89.63,1.98,1.96,0.15,0.73,0.31,5.65,1.30,88.71,2.70,0.47,0.38,0.80,0.00,6.21,1.14,90.48,0.34,0.50,0.45,0.75,0.14,6.37,1.99,89.92,0.38,0.82,0.34,0.10,0.08,6.32,1.22,89.70,0.61,0.78,0.34,0.72,0.31,6.81,1.34,89.80,0.00,0.68,0.62,0.75,0.00,6.96,1.44,86.21,2.04,0.81,1.07,0.75,0.71,7.00,1.48,84.94,4.29,0.94,0.60,0.75,0.00
48005,6.89,0.00,60.16,0.00,25.36,7.53,0.00,0.05,6.78,0.00,35.16,0.08,49.30,8.68,0.00,0.00,9.18,0.00,41.01,0.00,40.99,8.82,0.00,0.00,8.85,0.00,42.55,0.00,39.39,9.22,0.00,0.00,9.10,0.00,39.46,0.00,42.35,9.10,0.00,0.00,9.27,0.00,40.60,0.00,39.93,10.16,0.00,0.04,8.16,0.00,41.23,0.08,38.68,11.81,0.00,0.04,6.85,0.05,49.53,0.00,31.32,12.16,0.00,0.09
48011,10.48,3.90,75.80,0.77,5.06,0.47,2.86,0.66,10.32,4.83,72.69,2.15,5.84,0.99,3.11,0.06,12.41,3.91,74.11,0.36,5.25,1.12,2.72,0.12,11.98,5.49,73.15,0.52,6.31,1.11,1.40,0.04,11.86,3.87,74.51,0.58,5.15,0.99,2.96,0.08,12.97,3.71,73.58,0.03,5.38,1.37,2.93,0.03,12.49,4.14,71.45,1.17,5.65,1.68,2.93,0.49,11.49,4.32,70.53,3.75,5.79,1.17,2.92,0.03
49001,7.92,1.49,74.03,3.77,9.31,2.44,0.24,0.81,7.61,2.55,70.61,3.55,11.13,4.09,0.42,0.04,9.11,2.26,73.50,1.05,10.01,3.86,0.16,0.05,9.69,2.29,71.39,1.49,10.87,3.94,0.15,0.17,8.92,2.13,74.26,1.52,8.89,3.70,0.39,0.17,10.07,1.99,71.80,0.93,9.73,4.10,0.38,1.00,10.21,2.12,68.03,1.94,9.91,4.91,0.39,2.50,9.26,1.99,72.12,2.02,9.98,4.12,0.38,0.12
49002,7.51,0.20,46.67,1.47,41.24,2.06,0.07,0.78,7.16,0.03,36.66,2.92,49.55,3.43,0.07,0.18,9.42,0.00,36.99,3.36,46.77,3.45,0.00,0.00,10.06,0.00,36.77,3.17,45.81,4.17,0.00,0.00,9.43,0.00,36.74,3.19,46.49,4.09,0.07,0.00,10.21,0.00,36.07,3.10,45.65,4.65,0.07,0.22,9.26,0.02,37.16,3.97,42.63,6.72,0.07,0.18,8.74,0.06,41.90,3.51,42.40,3.36,0.03,0.00
49004,6.79,0.00,49.91,2.36,38.69,1.94,0.00,0.30,6.11,0.02,50.56,2.24,36.27,4.40,0.04,0.37,9.66,0.00,50.76,1.63,34.15,3.64,0.00,0.15,9.23,0.00,51.24,1.81,33.93,3.63,0.00,0.16,9.18,0.02,50.90,1.91,34.19,3.75,0.04,0.01,9.93,0.02,50.06,1.79,33.18,4.35,0.00,0.67,9.67,0.02,48.38,2.33,33.67,5.59,0.04,0.30,7.79,0.02,51.57,1.94,33.82,4.30,0.04,0.53
50001,8.71,1.50,75.41,1.59,12.14,0.56,0.02,0.06,9.46,2.47,68.02,0.85,17.81,1.31,0.06,0.03,10.52,2.29,69.49,0.53,15.60,1.53,0.04,0.00,10.55,2.24,69.24,0.53,15.67,1.73,0.04,0.00,10.58,1.94,68.01,0.53,17.52,1.37,0.04,0.00,10.68,2.01,71.73,0.54,12.96,2.04,0.02,0.02,10.97,1.85,70.90,0.54,13.41,2.30,0.02,0.02,9.21,2.08,71.57,1.21,14.07,1.80,0.03,0.02
50002,9.25,2.20,73.81,3.13,10.68,0.54,0.06,0.33,9.40,4.06,61.84,3.60,18.76,1.80,0.26,0.28,11.82,3.94,64.21,2.82,15.00,2.04,0.18,0.00,11.79,3.66,63.96,2.90,15.57,1.94,0.17,0.01,11.84,3.59,65.38,2.92,14.39,1.75,0.13,0.00,12.02,3.59,67.90,2.93,11.03,2.23,0.14,0.16,12.31,3.49,67.56,2.92,10.70,2.78,0.10,0.14,9.75,3.80,69.62,3.64,10.85,1.96,0.19,0.19
50006,7.95,1.79,81.62,1.75,6.28,0.50,0.01,0.10,9.19,2.82,75.48,0.26,11.02,1.08,0.07,0.07,10.14,2.40,75.72,0.00,10.40,1.31,0.03,0.00,9.88,2.42,76.16,0.00,10.00,1.51,0.04,0.00,9.96,2.04,77.25,0.00,9.60,1.12,0.02,0.00,9.92,1.97,77.19,0.02,9.14,1.72,0.01,0.03,10.27,1.89,75.91,0.00,9.86,2.04,0.01,0.01,8.49,2.14,75.79,0.63,11.10,1.78,0.02,0.05
50007,7.46,0.09,67.52,7.09,16.68,0.98,0.03,0.16,7.97,0.17,59.29,6.30,24.08,2.13,0.06,0.00,8.59,0.17,62.90,6.11,20.16,2.04,0.04,0.00,9.31,0.11,62.51,6.10,19.78,2.15,0.04,0.00,8.79,0.10,60.86,6.14,22.16,1.93,0.03,0.00,8.89,0.14,67.11,6.14,15.15,2.50,0.03,0.04,9.20,0.11,65.56,6.22,16.08,2.76,0.01,0.07,7.63,0.13,66.38,6.91,16.82,2.06,0.04,0.02
50008,10.67,0.63,85.54,0.76,2.08,0.23,0.06,0.03,9.87,3.50,68.43,3.06,13.24,1.45,0.39,0.06,13.62,3.33,73.47,0.00,7.81,1.52,0.25,0.00,13.86,3.30,73.27,0.00,7.85,1.39,0.33,0.00,13.82,2.96,75.35,0.00,6.30,1.21,0.37,0.00,12.10,3.25,78.30,0.00,4.72,1.44,0.12,0.06,12.85,3.01,79.34,0.00,2.41,2.16,0.04,0.21,9.89,3.39,79.62,0.92,4.58,1.26,0.31,0.02
50011,8.27,0.80,62.47,21.68,3.92,1.59,0.30,0.97,7.35,1.92,62.16,16.21,7.83,3.27,0.31,0.94,9.21,1.74,57.89,21.44,6.14,3.29,0.29,0.00,9.32,1.96,57.11,21.50,6.60,3.42,0.01,0.08,9.64,2.04,58.18,21.57,5.41,3.17,0.00,0.00,8.53,1.67,60.33,21.49,3.35,3.73,0.29,0.61,8.45,1.59,59.52,21.81,3.66,3.66,0.29,1.02,7.03,1.74,59.38,22.84,4.18,3.79,0.29,0.75
5003,1.94,11.45,35.95,42.51,0.01,0.02,3.89,4.23,1.50,13.68,44.09,31.94,0.00,0.01,3.85,4.93,2.11,14.68,39.56,29.75,0.00,0.01,3.46,10.44,2.12,12.79,41.41,30.44,0.00,0.03,3.83,9.37,2.35,12.84,44.87,28.54,0.00,0.02,3.81,7.57,2.23,12.30,33.85,30.40,0.00,0.05,3.78,17.39,2.58,13.90,34.62,30.01,0.00,0.08,3.86,14.95,2.85,10.15,50.34,30.69,0.05,0.08,3.87,1.97
51001,8.71,3.83,49.55,6.65,28.70,2.39,0.00,0.17,9.21,4.93,47.06,2.09,33.47,3.02,0.20,0.01,13.97,5.37,45.22,4.23,27.91,3.27,0.02,0.00,10.41,5.56,49.04,2.79,28.62,3.53,0.04,0.00,10.49,5.89,46.10,3.90,30.59,2.99,0.03,0.00,11.02,4.60,45.65,5.71,28.27,4.69,0.02,0.00,9.46,4.96,50.21,5.65,25.02,4.64,0.06,0.00,9.08,4.71,55.42,3.01,24.57,3.16,0.05,0.00
52004,4.11,1.22,59.81,0.15,29.46,4.96,0.25,0.04,4.09,1.02,48.69,0.00,39.71,6.23,0.26,0.00,5.90,0.64,42.35,0.00,43.32,7.53,0.25,0.00,5.33,0.85,53.46,0.00,32.88,7.22,0.26,0.00,5.18,0.81,56.45,0.00,30.24,7.04,0.28,0.00,5.26,0.77,49.63,0.00,36.19,7.89,0.26,0.00,5.35,0.76,55.72,0.00,29.42,8.48,0.27,0.00,4.85,0.79,57.47,0.00,29.49,7.12,0.27,0.01
52005,7.59,0.93,63.02,0.72,24.65,2.73,0.32,0.04,7.21,1.72,57.73,0.36,28.33,4.30,0.33,0.02,10.24,1.99,54.34,0.26,27.94,4.95,0.29,0.00,8.11,2.05,58.48,0.18,25.89,4.97,0.32,0.01,8.21,2.14,56.63,0.15,27.94,4.65,0.29,0.00,9.83,0.98,56.79,0.19,26.35,5.56,0.30,0.00,8.39,1.35,60.29,0.00,23.36,6.16,0.35,0.10,7.81,0.98,62.56,0.25,23.08,4.91,0.34,0.07
52006,6.66,1.41,57.18,0.17,28.30,5.92,0.31,0.06,6.43,1.06,60.00,0.01,24.71,7.25,0.50,0.04,8.37,0.95,59.85,0.00,21.90,8.52,0.40,0.00,8.75,0.96,58.65,0.00,22.76,8.46,0.41,0.00,8.34,0.84,60.29,0.00,22.07,8.01,0.42,0.03,8.23,0.83,64.58,0.04,17.08,8.77,0.45,0.02,8.52,0.82,61.30,0.00,19.62,9.32,0.41,0.02,7.97,0.94,64.62,0.01,18.04,8.03,0.40,0.00
52007,3.62,3.76,61.31,0.10,26.34,4.81,0.01,0.06,3.46,3.41,68.31,0.00,19.25,5.54,0.01,0.01,5.44,2.59,64.50,0.00,20.02,7.44,0.01,0.00,5.55,3.17,62.82,0.00,20.93,7.52,0.01,0.00,5.04,3.15,64.73,0.00,20.37,6.69,0.01,0.01,5.49,3.03,57.79,0.06,25.58,8.04,0.01,0.00,5.64,2.79,61.69,0.00,21.50,8.34,0.02,0.02,4.93,3.21,63.50,0.00,21.81,6.49,0.03,0.02
52009,6.28,0.16,79.56,0.09,5.50,8.03,0.00,0.38,6.54,0.28,67.93,0.00,14.64,10.52,0.00,0.08,8.98,0.45,63.00,0.00,15.68,11.76,0.00,0.13,8.34,0.23,62.72,0.00,16.99,11.69,0.00,0.03,8.09,0.40,63.75,0.00,16.33,11.34,0.01,0.07,8.28,0.45,65.95,0.26,12.41,12.54,0.02,0.09,8.41,0.32,61.44,0.00,16.66,13.15,0.00,0.02,7.34,0.65,62.82,0.01,16.88,12.08,0.00,0.22
52010,3.56,0.87,87.09,0.06,6.42,1.95,0.05,0.01,3.56,1.28,74.93,0.00,17.68,2.40,0.07,0.07,4.36,1.49,77.41,0.00,12.62,4.05,0.06,0.01,4.86,1.35,76.39,0.00,13.25,4.09,0.06,0.01,4.30,1.45,77.68,0.00,12.81,3.66,0.09,0.02,4.41,1.33,81.24,0.02,8.60,4.25,0.12,0.02,4.55,1.41,77.32,0.00,11.55,5.07,0.08,0.02,4.27,1.27,78.10,0.00,12.36,3.90,0.08,0.02
52011,5.01,0.13,44.83,0.04,45.44,3.79,0.00,0.76,5.21,0.13,46.90,0.17,43.64,3.83,0.12,0.00,6.29,0.00,45.43,0.00,43.09,5.15,0.03,0.00,6.10,0.09,44.54,0.00,42.93,6.29,0.05,0.00,5.91,0.07,42.26,0.00,45.49,6.21,0.06,0.00,5.92,0.11,49.70,0.01,37.91,6.29,0.06,0.00,6.14,0.09,44.81,0.00,41.96,6.96,0.05,0.00,5.84,0.14,45.91,0.14,41.51,6.33,0.04,0.08
52015,16.75,0.73,53.13,0.34,20.86,4.95,1.51,1.73,15.54,0.14,56.69,0.77,15.58,7.36,1.80,2.11,19.13,0.41,51.45,0.00,15.87,11.38,1.76,0.00,16.86,0.41,52.34,0.00,17.58,8.52,1.55,2.74,16.59,0.04,53.39,0.00,16.92,8.45,1.51,3.10,17.20,0.42,52.26,0.00,17.48,10.83,1.51,0.30,16.57,0.45,51.07,0.05,17.18,9.92,1.51,3.25,15.12,0.87,52.59,0.05,19.10,7.22,1.51,3.54
52016,11.30,32.14,34.49,5.61,15.59,0.87,0.00,0.00,11.01,35.81,29.82,2.42,19.86,1.08,0.00,0.00,11.47,35.56,28.20,3.23,19.96,1.59,0.00,0.00,11.66,33.65,32.27,1.64,19.29,1.49,0.00,0.00,10.38,36.02,34.52,3.45,14.12,1.51,0.00,0.00,11.26,34.33,29.57,3.38,19.67,1.78,0.00,0.00,10.68,34.75,31.47,2.49,18.62,1.99,0.00,0.00,11.17,33.97,37.46,1.89,14.11,1.40,0.00,0.00
53005,4.52,0.25,65.32,0.05,22.95,6.86,0.01,0.05,5.27,0.51,52.07,0.06,32.53,9.42,0.01,0.11,7.60,0.39,48.50,0.00,31.86,11.54,0.06,0.05,7.96,0.21,51.07,0.00,30.19,10.48,0.03,0.06,7.03,0.27,53.57,0.00,28.83,10.23,0.03,0.03,8.28,0.28,49.69,0.00,29.91,11.83,0.01,0.00,7.63,0.29,49.31,0.00,30.37,12.34,0.04,0.02,6.68,0.54,52.16,0.03,29.96,10.49,0.04,0.10
53006,1.82,0.00,63.24,0.09,12.52,21.46,0.06,0.81,2.31,0.04,48.35,0.44,18.65,29.11,0.21,0.88,4.63,0.00,45.28,0.00,18.00,31.81,0.19,0.10,3.65,0.00,46.48,0.00,17.93,31.13,0.34,0.46,3.79,0.03,41.80,0.00,21.42,32.50,0.33,0.13,4.80,0.00,45.03,0.00,18.56,31.30,0.19,0.12,3.93,0.02,43.80,0.03,18.37,32.72,0.23,0.90,3.39,0.02,46.69,0.04,17.23,31.31,0.22,1.09
53007,10.27,1.09,68.72,0.05,14.75,3.28,0.22,1.62,10.14,2.59,54.35,0.06,25.62,4.56,0.43,2.24,12.26,2.43,53.08,0.00,24.32,5.99,0.23,1.69,11.87,2.18,54.15,0.00,23.75,5.71,0.40,1.94,11.65,2.14,56.34,0.00,21.80,5.35,0.43,2.28,12.00,2.02,57.62,0.07,19.29,6.34,0.44,2.23,12.55,1.88,53.61,0.00,22.23,6.92,0.43,2.39,11.28,2.20,55.65,0.18,21.94,5.99,0.42,2.34
53008,5.08,0.43,54.81,0.13,37.82,1.69,0.05,0.00,5.60,0.32,45.01,0.03,46.38,2.59,0.05,0.02,6.74,0.48,41.48,0.00,47.23,4.02,0.05,0.00,6.67,0.27,43.35,0.00,45.83,3.80,0.05,0.01,6.82,0.31,41.24,0.00,47.76,3.80,0.07,0.00,7.12,0.34,42.76,0.00,45.31,4.38,0.05,0.04,6.73,0.47,42.96,0.00,45.00,4.68,0.06,0.09,6.18,0.54,46.35,0.05,42.73,3.90,0.06,0.18
53009,4.02,0.05,59.94,0.06,26.74,9.09,0.00,0.11,4.71,0.62,47.14,0.13,34.99,12.31,0.00,0.10,6.71,0.43,45.72,0.00,32.67,14.38,0.03,0.06,7.29,0.27,46.95,0.00,32.17,13.20,0.03,0.08,6.51,0.35,48.87,0.00,31.12,13.08,0.03,0.04,7.25,0.38,45.58,0.00,32.51,14.27,0.01,0.00,6.76,0.36,45.49,0.00,32.67,14.66,0.04,0.01,6.05,0.64,46.62,0.02,33.09,13.41,0.04,0.13
53013,3.73,0.19,64.10,0.01,27.64,4.17,0.17,0.01,4.19,0.25,46.22,0.00,42.37,6.40,0.21,0.36,5.63,0.27,44.93,0.00,40.84,8.05,0.29,0.00,5.72,0.21,46.78,0.03,39.04,7.94,0.29,0.00,5.50,0.24,50.63,0.00,36.01,7.39,0.23,0.01,6.17,0.21,49.68,0.27,35.30,8.07,0.29,0.01,6.07,0.32,46.93,0.58,36.84,8.92,0.27,0.08,5.65,0.30,51.17,0.02,34.15,7.83,0.22,0.65
53017,1.74,0.00,74.22,0.03,20.78,2.90,0.00,0.33,2.53,0.03,69.40,0.00,23.08,4.23,0.55,0.18,6.23,0.01,63.36,0.00,24.68,5.11,0.56,0.05,3.85,0.00,67.31,0.00,22.91,5.28,0.56,0.09,3.90,0.00,62.28,0.00,27.93,5.31,0.56,0.03,4.76,0.00,65.69,0.00,22.75,6.23,0.56,0.03,3.42,0.06,66.07,0.00,22.95,6.83,0.56,0.12,2.87,0.01,71.28,0.00,20.32,4.78,0.56,0.19
53018,5.89,0.36,62.74,0.09,25.79,4.76,0.09,0.28,6.39,0.64,50.31,0.03,35.09,6.87,0.18,0.48,8.00,0.65,47.36,0.01,35.03,8.50,0.14,0.30,7.90,0.51,49.14,0.01,33.68,8.20,0.17,0.38,7.66,0.52,49.49,0.01,33.66,8.01,0.21,0.45,8.44,0.50,49.25,0.04,32.29,8.91,0.16,0.41,8.09,0.54,48.24,0.06,32.82,9.56,0.21,0.48,7.37,0.65,51.72,0.07,31.10,8.39,0.18,0.51
53022,5.98,0.35,62.89,0.09,25.15,5.18,0.09,0.28,6.47,0.62,50.75,0.04,34.14,7.31,0.19,0.48,8.28,0.63,47.59,0.01,34.09,8.97,0.14,0.29,8.10,0.49,49.41,0.01,32.79,8.66,0.18,0.37,7.81,0.50,49.79,0.01,32.77,8.47,0.22,0.43,8.63,0.48,49.47,0.04,31.45,9.37,0.16,0.40,8.23,0.53,48.50,0.06,31.97,10.03,0.21,0.47,7.48,0.64,52.04,0.07,30.28,8.81,0.19,0.50
53023,5.73,0.14,50.83,0.00,41.84,1.45,0.00,0.00,5.92,0.43,41.36,0.00,50.39,1.90,0.00,0.00,6.97,0.57,34.30,0.00,55.17,2.98,0.02,0.00,6.67,0.50,38.02,0.00,52.07,2.73,0.02,0.00,6.81,0.59,37.71,0.00,52.19,2.69,0.02,0.00,7.10,0.56,37.89,0.00,51.32,3.12,0.02,0.00,6.87,0.53,40.13,0.00,49.12,3.29,0.02,0.04,6.21,0.68,41.14,0.12,48.80,2.65,0.02,0.39
53028,9.03,0.03,52.50,0.13,36.03,2.28,0.01,0.00,9.95,0.14,46.56,0.00,40.36,3.00,0.00,0.00,12.83,0.02,41.57,0.00,40.61,4.98,0.00,0.00,11.82,0.00,43.51,0.00,39.78,4.72,0.01,0.16,11.94,0.02,40.13,0.00,43.32,4.56,0.01,0.03,13.05,0.01,40.28,0.00,41.19,5.44,0.01,0.01,11.83,0.05,41.25,0.00,40.80,5.99,0.01,0.07,10.78,0.12,46.87,0.18,37.66,4.32,0.04,0.04
54001,6.30,3.84,58.35,2.37,25.86,2.63,0.47,0.19,7.23,4.35,55.72,2.09,25.95,4.03,0.56,0.08,8.28,4.12,51.97,1.89,28.94,4.23,0.56,0.00,7.81,3.99,56.05,1.77,25.77,4.02,0.58,0.01,8.38,4.05,53.80,1.85,27.22,4.15,0.53,0.01,8.07,3.98,55.85,1.79,25.26,4.53,0.52,0.00,8.04,3.88,54.68,2.04,25.92,4.86,0.57,0.01,7.38,3.97,55.96,2.25,25.71,4.07,0.55,0.12
54002,4.48,0.33,41.43,0.03,44.06,9.27,0.37,0.02,5.35,0.29,35.59,0.00,47.29,10.98,0.48,0.02,5.52,0.29,37.08,0.00,44.48,11.92,0.70,0.00,5.61,0.27,37.34,0.00,44.13,12.04,0.61,0.01,5.77,0.30,38.57,0.00,42.73,11.93,0.70,0.00,5.69,0.23,37.39,0.00,43.29,12.66,0.73,0.00,5.61,0.31,36.96,0.00,43.15,13.37,0.61,0.00,5.41,0.34,41.47,0.00,40.12,11.98,0.56,0.13
54003,1.14,11.81,27.06,53.75,0.00,0.00,6.24,0.00,1.25,14.54,25.97,51.95,0.00,0.04,6.25,0.00,0.91,15.45,25.65,51.79,0.00,0.02,6.18,0.00,1.10,15.46,26.35,50.87,0.00,0.04,6.18,0.00,1.08,15.24,25.72,51.75,0.00,0.02,6.18,0.00,0.70,15.61,25.35,52.10,0.00,0.05,6.19,0.00,0.51,15.88,23.74,53.67,0.00,0.00,6.18,0.02,1.81,14.56,24.46,52.91,0.00,0.06,6.20,0.00
54004,4.71,0.19,30.78,0.00,33.88,30.19,0.22,0.04,5.91,0.16,28.01,0.00,34.31,31.31,0.28,0.03,5.54,0.24,29.17,0.00,31.49,33.01,0.56,0.00,5.05,0.19,28.38,0.00,33.41,32.62,0.36,0.00,5.55,0.22,29.61,0.00,32.05,32.25,0.33,0.00,5.53,0.25,27.78,0.00,32.48,33.50,0.46,0.00,5.20,0.33,26.21,0.00,33.72,34.10,0.43,0.00,5.36,0.26,29.71,0.00,33.19,31.12,0.32,0.04
54005,5.26,6.54,75.90,4.26,6.65,0.77,0.43,0.17,5.77,7.68,74.21,3.72,6.53,1.47,0.49,0.12,6.49,7.58,74.63,3.53,5.92,1.33,0.50,0.00,6.29,7.45,75.83,3.19,5.31,1.38,0.53,0.01,6.95,7.70,74.28,3.33,5.74,1.53,0.45,0.02,6.48,7.54,75.16,3.32,5.18,1.86,0.45,0.00,6.63,7.53,72.65,3.66,6.78,2.22,0.52,0.01,6.01,7.43,72.65,4.25,7.35,1.72,0.50,0.08
54007,8.54,1.00,51.52,0.00,30.39,8.26,0.30,0.00,8.32,1.00,44.20,0.00,34.74,11.25,0.47,0.02,8.80,0.92,46.54,0.00,30.83,12.32,0.58,0.00,9.39,0.79,47.55,0.00,29.29,12.57,0.41,0.00,9.76,0.89,48.40,0.00,27.61,12.64,0.70,0.00,9.94,0.68,47.53,0.00,28.00,13.27,0.58,0.00,9.88,0.88,47.09,0.00,27.38,14.25,0.52,0.00,9.13,1.01,52.68,0.00,24.97,11.72,0.48,0.02
54008,6.31,3.97,60.57,2.81,25.19,0.89,0.04,0.21,6.63,5.01,60.77,1.83,23.84,1.60,0.10,0.22,7.04,5.27,58.57,0.76,26.09,2.12,0.11,0.03,6.70,5.24,61.43,1.16,23.51,1.82,0.12,0.02,6.62,5.64,62.70,1.01,22.36,1.58,0.08,0.01,6.41,5.64,63.10,0.84,21.79,2.16,0.05,0.00,6.93,5.26,60.47,0.95,23.60,2.68,0.10,0.00,5.99,5.42,61.67,1.12,23.69,2.00,0.09,0.04
54011,4.79,0.14,52.51,0.01,31.03,11.08,0.38,0.05,5.76,0.10,42.39,0.00,36.43,14.81,0.49,0.01,7.41,0.07,36.10,0.00,39.92,16.15,0.35,0.00,6.61,0.06,40.67,0.00,35.93,16.22,0.47,0.03,7.71,0.06,39.89,0.00,35.76,16.14,0.43,0.00,7.22,0.03,38.98,0.00,36.18,17.25,0.35,0.00,5.94,0.08,43.83,0.00,31.59,17.93,0.64,0.00,6.10,0.04,46.35,0.00,31.20,15.75,0.35,0.21
54012,4.69,1.37,42.52,0.64,45.91,4.35,0.34,0.19,6.07,1.05,38.26,0.55,46.88,6.71,0.45,0.03,6.99,0.55,31.82,0.37,52.95,6.87,0.47,0.00,6.71,0.46,37.37,0.49,47.97,6.54,0.45,0.00,7.02,0.36,35.97,0.47,48.99,6.73,0.46,0.00,7.21,0.13,38.41,0.54,46.38,6.90,0.43,0.00,6.99,0.08,37.81,0.68,46.67,7.33,0.44,0.00,6.58,0.20,40.31,0.67,45.42,6.16,0.45,0.20
54015,4.49,0.12,57.54,0.02,33.75,4.03,0.07,0.00,4.69,0.16,47.03,0.00,41.63,6.41,0.09,0.00,5.72,0.06,40.87,0.00,45.82,7.43,0.11,0.00,5.82,0.06,44.53,0.00,42.03,7.45,0.11,0.00,6.24,0.06,43.65,0.00,42.28,7.65,0.13,0.00,6.12,0.06,43.21,0.00,42.31,8.21,0.10,0.00,5.54,0.07,46.24,0.00,39.19,8.64,0.31,0.00,5.48,0.06,48.93,0.00,38.14,7.31,0.08,0.00
54016,3.95,1.31,52.35,2.05,38.00,2.07,0.27,0.01,4.73,0.92,47.31,1.74,41.24,3.66,0.40,0.00,5.97,0.26,39.83,1.18,48.63,3.74,0.39,0.00,5.60,0.13,44.69,1.58,44.32,3.25,0.41,0.00,5.82,0.01,47.20,1.53,41.95,3.10,0.40,0.00,6.14,0.02,46.74,1.70,41.10,3.95,0.36,0.00,5.82,0.00,45.67,2.19,41.39,4.53,0.39,0.00,5.31,0.03,47.77,2.08,41.14,3.06,0.43,0.18
54017,8.92,1.20,52.37,0.32,34.97,2.09,0.01,0.13,9.99,1.69,50.20,0.14,34.06,3.69,0.07,0.17,11.09,1.47,46.60,0.00,35.85,4.92,0.08,0.00,10.71,1.48,49.01,0.00,34.29,4.41,0.10,0.00,11.36,1.50,47.77,0.00,34.46,4.83,0.08,0.00,10.80,1.17,47.52,0.00,35.14,5.31,0.06,0.00,10.14,1.18,47.49,0.00,35.21,5.89,0.09,0.00,9.10,1.56,52.80,0.00,32.08,4.36,0.08,0.03
54018,4.85,2.18,62.84,2.78,25.65,1.43,0.10,0.17,6.41,2.55,61.31,1.97,24.75,2.56,0.13,0.34,8.27,2.06,56.54,2.51,27.65,2.83,0.15,0.00,8.10,1.56,61.80,1.79,24.17,2.46,0.13,0.00,7.98,1.22,57.22,1.74,29.35,2.38,0.11,0.00,7.59,2.42,62.09,0.92,23.71,3.17,0.11,0.00,6.65,2.35,61.85,1.93,23.89,3.21,0.12,0.00,5.82,2.79,61.98,1.43,25.18,2.68,0.12,0.00
54019,3.02,0.22,48.16,0.00,39.14,8.82,0.60,0.05,4.39,0.15,41.27,0.00,42.34,11.12,0.69,0.05,4.10,0.21,40.21,0.00,41.64,12.86,0.98,0.00,3.96,0.20,40.14,0.00,42.30,12.57,0.83,0.00,4.21,0.18,41.21,0.00,41.50,12.13,0.77,0.00,4.02,0.22,39.27,0.00,42.62,12.88,0.99,0.00,3.91,0.26,38.74,0.00,42.30,14.01,0.79,0.00,4.05,0.29,42.40,0.00,38.96,13.07,0.77,0.47
54020,3.41,0.54,59.61,0.10,32.69,2.97,0.67,0.02,4.21,0.44,50.31,0.07,39.51,4.71,0.76,0.00,4.93,0.15,43.61,0.00,45.98,4.59,0.74,0.00,4.79,0.23,50.83,0.00,38.70,4.66,0.79,0.00,4.96,0.18,48.65,0.01,40.80,4.66,0.75,0.00,5.07,0.08,51.10,0.01,37.68,5.26,0.79,0.00,4.84,0.19,51.56,0.17,36.72,5.74,0.79,0.00,4.84,0.19,52.25,0.03,37.34,4.57,0.76,0.03
54022,0.00,67.68,30.67,1.66,0.00,0.00,0.00,0.00,0.00,68.79,28.49,2.72,0.00,0.00,0.00,0.00,0.00,66.39,33.21,0.40,0.00,0.00,0.00,0.00,0.00,68.19,31.69,0.11,0.00,0.00,0.00,0.00,0.00,67.56,32.32,0.11,0.00,0.00,0.00,0.00,0.00,66.45,33.55,0.00,0.00,0.00,0.00,0.00,0.00,66.68,33.32,0.00,0.00,0.00,0.00,0.00,0.00,63.76,34.64,1.60,0.00,0.00,0.00,0.00
54024,6.87,0.93,25.66,0.06,59.56,6.27,0.40,0.24,9.00,0.62,24.61,0.00,56.79,8.49,0.50,0.00,9.97,0.61,18.78,0.01,60.70,9.35,0.57,0.00,9.16,0.60,24.16,0.00,56.56,8.91,0.60,0.00,10.16,0.50,22.31,0.00,57.20,9.28,0.54,0.00,9.95,0.34,21.76,0.00,58.10,9.32,0.53,0.00,9.93,0.17,23.56,0.02,56.30,9.47,0.55,0.00,9.28,0.28,26.85,0.03,54.49,8.50,0.53,0.03
54025,2.28,6.30,90.59,0.55,0.00,0.07,0.00,0.21,3.32,8.39,87.31,0.28,0.20,0.32,0.00,0.18,2.62,8.48,88.36,0.24,0.00,0.30,0.00,0.00,3.49,8.03,88.29,0.00,0.00,0.16,0.00,0.03,3.62,8.50,87.59,0.00,0.00,0.28,0.00,0.00,2.82,8.95,87.77,0.00,0.00,0.45,0.00,0.00,4.19,8.41,86.35,0.24,0.00,0.82,0.00,0.00,4.44,7.52,86.14,0.71,0.67,0.51,0.00,0.00
54027,17.53,0.13,52.55,0.09,23.03,6.56,0.07,0.03,16.39,0.36,50.36,0.02,23.70,9.03,0.13,0.00,23.97,0.20,44.22,0.00,21.52,10.01,0.07,0.00,22.95,0.36,44.97,0.00,21.98,9.61,0.09,0.04,24.15,0.24,44.26,0.00,21.69,9.61,0.05,0.00,21.31,0.19,45.58,0.00,21.72,11.15,0.05,0.00,19.43,0.26,45.53,0.00,21.57,13.08,0.13,0.00,17.23,0.29,51.94,0.00,20.31,10.12,0.10,0.00
54028,5.05,9.12,73.34,9.85,1.56,0.25,0.67,0.17,5.42,11.25,71.26,8.82,1.95,0.53,0.71,0.06,6.53,11.05,71.60,8.75,0.94,0.39,0.74,0.00,6.11,10.94,72.85,8.10,0.75,0.49,0.76,0.00,7.03,11.12,71.04,8.47,1.11,0.55,0.68,0.00,6.67,10.73,70.80,8.46,1.84,0.80,0.70,0.00,6.37,10.97,70.25,8.95,1.76,0.95,0.74,0.01,5.85,10.63,69.68,10.11,2.29,0.66,0.75,0.03
54029,7.20,3.32,59.76,2.42,26.16,0.90,0.04,0.21,7.77,4.19,59.62,1.49,25.10,1.55,0.10,0.19,8.64,4.38,56.16,0.58,27.81,2.31,0.11,0.02,7.90,4.34,59.24,0.92,25.52,1.94,0.13,0.02,8.23,4.61,60.06,0.77,24.49,1.75,0.08,0.01,7.72,4.66,60.40,0.70,24.11,2.37,0.06,0.00,8.08,4.35,58.36,0.79,25.41,2.90,0.11,0.00,7.03,4.49,59.99,0.94,25.34,2.09,0.09,0.03
54032,6.81,3.24,55.91,2.02,26.87,4.58,0.38,0.19,7.78,3.77,53.56,1.65,26.62,6.03,0.48,0.10,8.78,3.66,49.58,1.32,29.60,6.59,0.46,0.01,8.21,3.56,53.43,1.31,26.69,6.30,0.49,0.01,8.83,3.65,51.90,1.33,27.45,6.39,0.44,0.01,8.42,3.60,53.18,1.28,26.21,6.88,0.42,0.00,8.37,3.46,52.54,1.46,26.42,7.26,0.49,0.01,7.60,3.57,54.41,1.62,26.01,6.23,0.45,0.11
54034,35.42,10.53,36.96,0.02,15.92,1.09,0.03,0.03,37.75,10.39,33.59,0.00,16.22,1.95,0.09,0.00,37.51,11.04,25.28,0.00,21.01,5.11,0.06,0.00,36.20,9.80,32.69,0.00,17.58,3.52,0.21,0.00,38.69,9.20,31.33,0.00,17.06,3.65,0.07,0.00,36.78,9.57,31.07,0.00,17.84,4.70,0.03,0.00,37.01,8.83,31.82,0.00,16.89,5.29,0.16,0.00,34.70,10.34,34.51,0.00,16.93,3.47,0.05,0.00
54036,8.23,0.22,49.14,0.62,39.56,2.18,0.05,0.01,11.14,0.21,43.57,0.68,40.70,3.48,0.06,0.17,11.90,0.22,43.31,0.02,40.82,3.64,0.09,0.00,11.91,0.20,46.44,0.02,37.56,3.78,0.10,0.00,12.16,0.12,46.83,0.02,37.04,3.66,0.18,0.00,11.15,0.11,46.66,0.00,37.70,4.26,0.12,0.00,10.85,0.12,46.50,0.00,37.59,4.79,0.15,0.00,9.78,0.17,51.58,0.00,34.84,3.45,0.05,0.13
54038,4.09,4.56,82.79,6.71,1.23,0.20,0.04,0.37,4.11,5.84,81.42,6.31,1.56,0.52,0.09,0.15,5.65,5.50,81.82,5.98,0.72,0.27,0.06,0.00,4.47,5.66,83.45,5.43,0.52,0.41,0.06,0.00,5.65,5.80,81.46,5.75,0.76,0.53,0.05,0.00,5.07,5.38,81.34,6.03,1.36,0.75,0.06,0.00,5.04,5.70,80.25,6.73,1.22,0.97,0.09,0.00,4.24,5.38,79.49,8.29,1.80,0.62,0.09,0.10
54044,8.34,5.25,53.16,0.00,29.03,3.73,0.20,0.29,10.29,3.89,50.90,0.05,29.03,5.56,0.28,0.00,11.97,2.23,48.96,0.00,30.57,5.92,0.36,0.00,11.94,2.14,52.73,0.03,27.30,5.54,0.31,0.00,12.56,2.03,53.42,0.00,25.92,5.78,0.30,0.00,13.58,0.36,54.30,0.08,25.80,5.62,0.26,0.00,13.28,0.40,52.56,0.02,27.37,6.08,0.30,0.00,12.12,0.99,54.40,0.09,26.91,5.01,0.26,0.21
54048,4.72,0.06,34.52,0.00,57.49,2.95,0.27,0.00,6.89,0.12,28.44,0.00,59.23,4.99,0.34,0.00,7.48,0.12,31.53,0.00,55.60,4.91,0.36,0.00,7.64,0.01,33.43,0.00,53.61,4.97,0.34,0.00,7.61,0.07,33.25,0.00,53.39,5.25,0.43,0.00,7.51,0.02,32.20,0.00,53.92,5.90,0.45,0.00,7.65,0.01,32.36,0.00,53.17,6.44,0.37,0.00,7.38,0.12,36.08,0.00,50.34,5.75,0.33,0.00
54049,2.86,0.04,41.88,0.00,48.81,5.53,0.88,0.00,3.85,0.06,39.01,0.00,49.77,6.34,0.97,0.00,3.85,0.06,41.20,0.00,47.07,6.70,1.12,0.00,3.90,0.04,41.45,0.00,46.53,6.98,1.11,0.00,3.94,0.06,42.50,0.00,45.87,6.55,1.08,0.00,3.87,0.05,40.85,0.00,46.58,7.52,1.14,0.00,3.85,0.05,40.51,0.00,46.75,7.81,1.03,0.00,3.86,0.06,44.25,0.00,43.39,7.20,1.04,0.19
54052,2.27,0.00,59.58,0.01,36.36,1.72,0.06,0.00,2.92,0.51,58.16,0.00,35.28,2.84,0.31,0.00,4.07,0.25,46.94,0.00,45.25,3.13,0.36,0.00,3.66,0.36,52.41,0.00,40.18,3.08,0.31,0.00,3.81,0.00,52.86,0.00,40.43,2.56,0.33,0.00,4.06,0.00,51.25,0.00,40.68,3.71,0.31,0.00,3.90,0.00,49.58,0.00,41.92,4.30,0.31,0.00,3.88,0.00,51.03,0.00,41.79,2.98,0.31,0.00
54057,6.09,2.34,52.38,1.42,31.59,5.65,0.38,0.14,7.05,2.70,48.90,1.15,32.46,7.17,0.49,0.07,7.89,2.62,46.07,0.92,34.13,7.86,0.52,0.00,7.50,2.54,49.04,0.91,31.79,7.68,0.53,0.01,8.01,2.62,48.20,0.92,32.01,7.72,0.52,0.00,7.68,2.56,48.77,0.89,31.31,8.29,0.50,0.00,7.57,2.49,48.44,1.01,31.20,8.74,0.54,0.00,6.96,2.57,51.10,1.13,30.03,7.62,0.48,0.11
54060,3.39,0.78,26.33,0.03,68.75,0.69,0.03,0.00,4.92,0.12,22.84,0.00,70.53,1.50,0.10,0.00,5.52,0.12,14.64,0.00,78.27,1.35,0.10,0.00,6.26,0.00,18.28,0.00,74.11,1.25,0.10,0.00,6.18,0.00,12.87,0.00,79.60,1.25,0.10,0.00,6.63,0.00,21.13,0.00,70.47,1.68,0.10,0.00,5.34,0.00,23.07,0.00,69.74,1.74,0.10,0.00,6.04,0.00,25.51,0.00,67.30,1.05,0.10,0.00
54063,7.32,0.34,20.35,0.00,12.78,58.21,0.33,0.68,9.13,0.23,18.78,0.12,8.23,62.78,0.56,0.17,9.33,0.12,14.97,0.00,10.99,64.28,0.30,0.00,8.61,0.27,18.67,0.00,9.53,62.56,0.35,0.01,9.44,0.12,14.55,0.00,11.64,64.01,0.23,0.00,9.69,0.09,17.42,0.00,9.30,63.26,0.24,0.00,8.22,0.07,19.64,0.00,8.55,63.12,0.39,0.00,9.60,0.22,22.41,0.00,8.60,58.63,0.32,0.22
54080,3.15,19.79,73.21,1.54,0.15,0.48,1.52,0.16,3.40,21.04,71.46,0.99,0.35,0.99,1.50,0.27,3.62,20.87,72.37,0.76,0.02,0.90,1.45,0.00,4.18,20.52,73.07,0.02,0.00,0.73,1.47,0.02,3.94,20.97,72.75,0.01,0.00,0.87,1.45,0.01,3.77,20.84,72.93,0.00,0.00,1.10,1.36,0.00,4.37,20.65,72.04,0.07,0.00,1.41,1.45,0.01,4.68,19.86,70.79,1.28,0.72,1.11,1.45,0.11
54095,5.23,4.09,62.48,2.74,22.56,2.26,0.44,0.18,6.05,4.68,59.71,2.43,22.92,3.59,0.52,0.10,7.09,4.43,56.61,2.20,25.55,3.59,0.53,0.00,6.72,4.32,60.26,2.05,22.62,3.46,0.55,0.01,7.20,4.40,57.85,2.15,24.31,3.57,0.50,0.01,6.94,4.32,60.32,2.08,21.88,3.97,0.49,0.00,6.88,4.27,58.75,2.37,22.87,4.31,0.54,0.01,6.31,4.29,59.77,2.61,22.80,3.56,0.52,0.13
54096,5.10,0.10,39.03,0.00,50.96,4.55,0.25,0.00,6.78,0.14,30.88,0.00,56.87,5.09,0.25,0.00,7.79,0.09,26.38,0.00,59.39,6.22,0.14,0.00,7.51,0.04,32.25,0.00,53.93,5.90,0.37,0.00,8.09,0.06,31.38,0.00,54.11,6.09,0.26,0.00,8.00,0.02,31.28,0.00,53.41,7.16,0.14,0.00,6.99,0.11,35.33,0.00,49.68,7.44,0.45,0.00,7.08,0.06,39.03,0.00,46.94,6.01,0.16,0.73
55002,5.41,6.44,74.85,5.90,6.24,0.56,0.55,0.06,5.65,7.49,72.74,5.33,7.01,0.95,0.70,0.14,5.73,7.58,73.44,4.25,7.07,1.20,0.72,0.01,6.19,7.31,74.17,4.05,6.42,1.04,0.77,0.05,5.92,7.31,73.37,4.30,7.40,0.97,0.73,0.02,6.05,7.37,74.09,4.59,5.99,1.25,0.62,0.03,6.23,7.56,72.32,5.14,6.35,1.64,0.74,0.01,5.41,7.28,72.24,5.94,7.16,1.19,0.74,0.04
55007,4.63,8.51,77.70,7.73,0.37,0.41,0.56,0.10,4.44,9.78,76.15,7.59,0.49,0.73,0.68,0.14,4.63,9.80,77.89,6.10,0.14,0.78,0.64,0.02,5.07,9.56,77.79,5.76,0.31,0.75,0.68,0.07,4.78,9.62,78.05,6.20,0.06,0.66,0.61,0.03,4.96,9.66,77.17,6.50,0.20,0.92,0.54,0.05,5.23,9.91,75.44,7.17,0.40,1.19,0.64,0.02,4.70,9.44,74.58,8.38,1.28,0.91,0.66,0.05
55008,0.00,0.58,99.27,0.00,0.00,0.00,0.00,0.15,0.00,0.99,98.42,0.00,0.00,0.00,0.00,0.58,0.00,1.84,97.82,0.00,0.00,0.00,0.00,0.35,0.00,2.03,97.62,0.00,0.00,0.00,0.00,0.35,0.00,1.77,97.73,0.00,0.00,0.00,0.00,0.50,0.00,2.31,97.54,0.00,0.00,0.15,0.00,0.00,0.00,2.08,97.43,0.00,0.00,0.15,0.00,0.35,0.09,2.29,97.06,0.06,0.00,0.15,0.00,0.35
55013,4.46,1.67,73.76,13.80,5.36,0.64,0.00,0.30,4.85,1.81,77.31,6.20,7.25,1.32,0.00,1.26,4.89,2.41,81.00,7.03,2.57,1.31,0.00,0.79,5.21,2.11,79.54,6.02,5.08,1.22,0.00,0.81,5.12,2.17,79.48,6.73,4.01,1.25,0.02,1.22,4.55,2.40,79.39,6.72,4.82,1.60,0.00,0.53,4.70,2.32,75.69,7.73,7.04,2.31,0.00,0.21,3.68,2.54,77.02,7.35,7.44,1.43,0.00,0.54
55014,5.68,10.23,68.19,4.56,10.81,0.35,0.02,0.16,5.65,12.65,65.01,2.29,12.74,1.17,0.02,0.48,5.50,12.89,69.49,2.09,8.70,1.09,0.01,0.22,6.19,12.38,68.16,2.35,9.78,0.98,0.03,0.14,5.00,14.29,67.51,0.92,10.71,1.08,0.02,0.48,5.60,12.80,67.65,4.13,8.34,1.38,0.01,0.09,6.03,12.35,67.06,2.31,10.35,1.80,0.02,0.08,4.86,12.78,64.45,3.57,12.96,1.25,0.02,0.10
55016,4.19,5.24,86.88,2.75,0.24,0.58,0.05,0.09,4.48,6.37,86.19,0.97,0.51,1.14,0.05,0.28,3.96,6.15,88.15,0.24,0.21,1.24,0.04,0.00,4.23,6.25,87.53,0.33,0.35,1.16,0.06,0.09,4.00,6.16,88.52,0.21,0.06,1.04,0.02,0.00,3.86,6.63,87.47,0.36,0.24,1.43,0.02,0.00,4.17,6.89,86.25,0.17,0.68,1.79,0.05,0.00,3.48,6.78,84.87,1.86,1.53,1.44,0.05,0.00
55018,4.52,0.08,52.57,0.36,40.82,1.64,0.01,0.00,5.15,0.11,56.11,0.00,36.72,1.84,0.03,0.03,6.60,0.05,50.92,0.00,39.39,2.98,0.06,0.00,5.89,0.08,53.63,0.00,37.75,2.58,0.07,0.00,6.42,0.09,53.32,0.00,37.37,2.73,0.06,0.00,5.98,0.04,52.06,0.00,38.71,3.17,0.04,0.00,5.61,0.05,51.62,0.00,39.04,3.63,0.06,0.00,4.99,0.11,53.77,0.00,38.46,2.62,0.05,0.00
55021,6.58,7.69,62.34,2.60,19.69,0.85,0.04,0.19,7.10,9.35,58.20,1.29,21.95,1.73,0.09,0.28,7.80,9.33,57.05,1.16,22.35,2.13,0.06,0.12,7.75,9.11,58.86,1.30,20.99,1.80,0.11,0.08,7.45,10.29,50.80,0.51,28.71,1.90,0.08,0.26,7.53,9.40,58.36,2.29,19.99,2.34,0.04,0.05,7.78,8.94,57.38,1.28,21.62,2.84,0.11,0.05,6.38,9.47,56.87,1.98,23.03,2.11,0.10,0.06
55023,6.84,4.64,65.57,4.18,16.95,1.42,0.33,0.08,7.64,5.40,62.63,3.27,18.43,1.97,0.49,0.17,8.20,5.29,61.77,2.65,19.06,2.48,0.50,0.04,8.19,5.10,63.23,2.57,18.09,2.23,0.54,0.06,8.06,5.23,61.42,2.56,19.89,2.26,0.51,0.07,8.01,5.09,63.29,2.87,17.63,2.64,0.45,0.04,7.84,5.15,62.30,3.01,18.05,3.12,0.53,0.02,6.81,5.20,62.89,3.73,18.33,2.46,0.52,0.05
55025,5.95,1.25,81.18,1.20,8.64,0.78,1.00,0.00,6.59,1.17,76.95,0.01,12.53,1.53,1.11,0.11,6.53,1.37,82.43,0.03,6.83,1.75,1.05,0.01,7.32,1.24,78.23,0.10,10.37,1.67,1.04,0.02,6.67,1.05,80.82,0.05,8.49,1.60,1.32,0.00,6.66,1.22,80.17,0.34,8.82,1.80,1.00,0.00,7.37,0.99,77.46,0.31,10.57,2.27,1.03,0.00,6.22,0.98,77.30,0.65,12.23,1.62,1.00,0.00
55026,2.04,13.61,80.67,2.95,0.20,0.40,0.04,0.09,1.94,16.02,78.08,2.99,0.11,0.68,0.03,0.16,1.72,16.49,80.18,0.83,0.03,0.70,0.02,0.02,2.29,16.28,80.51,0.18,0.01,0.68,0.02,0.03,2.09,16.28,80.70,0.15,0.00,0.69,0.02,0.06,2.45,15.99,80.65,0.01,0.01,0.85,0.02,0.02,2.57,16.53,78.67,1.09,0.00,1.09,0.02,0.03,2.75,15.77,77.66,2.22,0.56,0.96,0.02,0.05
55029,7.57,1.84,65.10,7.79,17.07,0.62,0.00,0.01,8.98,2.05,65.80,4.89,17.26,0.93,0.02,0.05,9.83,2.05,66.02,3.66,16.80,1.60,0.03,0.00,8.95,1.61,67.21,3.93,17.05,1.21,0.04,0.01,9.21,1.82,67.55,3.10,16.96,1.33,0.03,0.00,8.80,2.02,67.73,3.23,16.63,1.56,0.02,0.00,8.42,1.99,67.48,2.57,17.36,2.14,0.03,0.00,7.26,2.44,65.74,5.90,17.27,1.36,0.03,0.00
55032,0.60,1.96,65.77,27.86,0.00,0.06,3.69,0.05,0.64,2.61,55.38,37.53,0.00,0.02,3.80,0.00,0.64,2.92,60.34,32.33,0.00,0.01,3.75,0.00,0.93,2.64,62.55,30.09,0.00,0.03,3.76,0.00,0.63,2.81,59.53,33.25,0.00,0.02,3.75,0.00,0.87,2.87,58.61,34.19,0.00,0.03,3.29,0.15,0.78,2.75,55.59,37.10,0.00,0.04,3.72,0.02,1.30,2.27,54.31,38.31,0.01,0.05,3.71,0.02
56001,6.92,5.33,72.34,11.36,2.29,1.18,0.36,0.21,7.17,6.70,74.78,5.90,3.03,1.88,0.51,0.03,8.30,6.70,75.00,5.33,2.05,2.11,0.49,0.01,7.69,6.54,75.16,5.29,2.80,1.89,0.61,0.02,8.11,6.84,75.64,4.93,1.99,1.98,0.51,0.00,7.07,6.94,74.57,6.42,2.54,2.08,0.38,0.01,7.03,7.00,75.05,5.30,2.63,2.41,0.59,0.00,6.51,6.65,74.16,6.61,3.59,1.95,0.53,0.00
56002,11.08,8.28,38.33,25.98,0.93,11.91,0.31,3.19,11.76,12.58,41.98,15.26,0.17,17.09,0.40,0.76,13.88,11.58,37.25,19.93,0.05,16.82,0.35,0.14,13.68,11.96,35.96,20.80,0.42,16.48,0.38,0.32,13.45,12.04,37.00,20.98,0.00,16.20,0.14,0.19,13.35,11.38,34.14,23.30,0.49,17.31,0.03,0.00,12.02,12.14,31.93,24.58,0.43,18.51,0.28,0.12,13.44,9.30,40.59,19.18,0.90,16.29,0.13,0.17
56007,5.22,0.36,93.12,1.14,0.08,0.08,0.00,0.00,4.28,1.40,93.52,0.00,0.57,0.23,0.00,0.00,5.08,2.23,92.50,0.01,0.00,0.18,0.00,0.00,5.27,2.40,92.12,0.01,0.00,0.19,0.00,0.00,5.04,2.41,92.28,0.13,0.00,0.14,0.00,0.00,6.27,1.59,91.81,0.12,0.00,0.21,0.00,0.00,6.30,2.23,91.06,0.13,0.00,0.29,0.00,0.00,7.17,0.47,90.86,0.40,0.92,0.18,0.00,0.00
56012,5.93,13.26,46.62,33.64,0.35,0.04,0.00,0.16,6.48,16.32,52.11,24.07,0.68,0.18,0.15,0.00,7.28,15.93,60.62,15.56,0.00,0.49,0.13,0.00,7.11,15.20,61.96,14.93,0.45,0.22,0.13,0.00,7.98,16.21,63.86,11.47,0.00,0.34,0.15,0.00,5.66,16.23,60.47,17.20,0.16,0.28,0.00,0.00,5.21,16.69,64.45,12.66,0.37,0.50,0.13,0.00,4.95,15.63,55.04,23.58,0.54,0.26,0.00,0.00
56013,4.40,0.66,70.20,24.70,0.01,0.01,0.00,0.02,4.58,1.40,92.20,1.42,0.20,0.18,0.00,0.02,4.77,1.58,92.81,0.61,0.00,0.23,0.00,0.00,4.88,1.47,92.08,1.13,0.13,0.31,0.00,0.00,4.24,1.54,92.97,1.05,0.00,0.20,0.00,0.00,3.96,2.29,92.74,0.56,0.04,0.42,0.00,0.00,5.46,1.75,92.12,0.00,0.00,0.61,0.00,0.05,4.71,1.61,91.08,1.03,1.20,0.37,0.00,0.00
57004,14.42,11.41,50.41,8.04,2.63,9.88,0.50,2.72,17.06,17.08,47.41,1.15,0.42,14.73,0.31,1.84,23.32,16.86,41.74,2.39,0.12,14.20,0.26,1.09,18.98,17.28,45.28,1.99,0.35,13.59,0.22,2.33,21.82,16.91,44.12,1.03,0.06,14.29,0.22,1.56,18.74,16.39,45.51,2.10,0.23,14.66,0.08,2.28,16.77,17.28,46.28,0.54,0.14,16.45,0.24,2.31,18.96,14.62,45.31,3.29,2.35,12.99,0.22,2.26
57005,9.02,14.13,53.61,9.65,1.75,8.95,0.79,2.10,11.23,18.91,51.20,4.29,0.40,12.06,0.81,1.10,14.55,18.82,45.85,7.65,0.09,11.70,0.72,0.62,11.86,19.44,49.20,5.80,0.27,11.38,0.71,1.34,14.09,19.20,47.99,5.38,0.01,11.80,0.69,0.84,12.22,18.34,48.55,7.52,0.41,12.04,0.06,0.86,10.70,19.99,49.29,4.93,0.26,13.31,0.72,0.80,11.99,17.31,44.68,11.95,1.42,11.07,0.70,0.88
57006,4.96,19.50,58.74,1.43,1.71,12.07,0.13,1.46,7.06,28.77,48.60,0.47,0.07,14.66,0.19,0.18,10.53,28.60,46.23,0.01,0.01,14.29,0.33,0.00,7.36,30.80,47.33,0.00,0.09,14.06,0.22,0.13,10.63,29.46,44.49,0.00,0.00,15.19,0.23,0.00,8.47,26.80,50.47,0.00,0.13,13.99,0.14,0.00,8.09,31.41,44.28,0.01,0.02,15.91,0.18,0.11,8.97,26.91,47.49,1.90,1.25,13.27,0.21,0.01
57007,6.60,11.96,53.75,16.01,1.27,6.48,1.50,2.44,8.26,14.15,56.52,8.92,0.43,8.80,1.52,1.40,9.54,14.14,48.58,16.54,0.10,8.88,1.35,0.86,8.17,14.18,53.21,12.47,0.30,8.56,1.38,1.73,9.16,14.59,53.05,11.98,0.00,8.82,1.36,1.03,8.27,14.30,50.38,16.40,0.56,9.28,0.01,0.79,7.40,14.88,54.16,11.19,0.48,10.06,1.35,0.48,7.87,13.49,41.97,24.91,1.10,8.67,1.26,0.74
57008,11.73,3.57,52.53,13.83,4.39,12.01,0.13,1.80,14.88,3.85,50.81,7.74,4.39,17.17,0.29,0.87,20.03,3.05,45.68,10.54,2.90,17.47,0.20,0.13,17.81,3.19,47.26,9.99,4.50,16.63,0.27,0.34,20.72,2.69,46.28,10.32,1.99,17.65,0.09,0.26,17.95,3.64,44.17,11.31,5.32,17.53,0.06,0.01,14.59,4.08,45.43,12.33,4.48,18.55,0.27,0.27,14.91,3.46,49.87,9.78,4.89,16.57,0.14,0.38
57009,15.36,1.54,66.79,2.45,3.79,8.77,0.17,1.11,15.27,3.44,58.20,0.37,8.15,14.17,0.15,0.25,26.01,2.69,52.13,0.00,4.01,15.04,0.11,0.01,20.14,2.69,56.92,0.00,4.97,14.76,0.14,0.38,28.37,2.28,52.36,0.00,0.86,16.05,0.09,0.00,21.89,2.57,54.06,0.00,6.16,15.23,0.08,0.00,19.88,2.63,56.73,0.23,3.74,16.37,0.18,0.23,16.74,3.18,60.65,0.46,3.75,14.48,0.19,0.55
58001,11.10,10.70,61.34,3.58,2.77,9.30,0.00,1.22,13.76,11.51,55.34,0.41,4.75,14.03,0.01,0.19,20.86,10.43,49.87,0.10,4.03,14.59,0.00,0.12,16.38,11.61,54.45,0.17,3.16,14.06,0.02,0.15,19.37,10.55,51.54,0.09,4.05,14.28,0.02,0.10,19.22,10.34,52.59,0.23,3.53,14.08,0.00,0.00,17.97,10.85,52.95,0.27,2.90,15.05,0.01,0.00,16.27,10.35,52.60,5.07,2.83,12.80,0.01,0.07
58002,12.65,16.77,50.54,11.16,2.02,1.61,0.29,4.98,11.35,27.39,53.97,2.00,0.48,2.63,0.42,1.75,14.56,26.14,53.55,0.41,0.60,2.78,0.41,1.55,13.90,27.17,53.59,0.38,0.36,2.81,0.41,1.38,15.07,26.08,53.55,1.61,0.21,2.76,0.35,0.35,15.96,24.31,53.34,1.47,0.06,2.87,0.07,1.85,16.49,24.60,52.88,2.10,0.06,3.32,0.36,0.19,14.78,24.55,51.35,3.86,1.06,2.61,0.37,1.41
58006,4.33,5.16,72.94,17.14,0.01,0.02,0.40,0.00,4.34,7.97,85.55,1.59,0.09,0.06,0.40,0.00,4.45,8.26,86.59,0.20,0.00,0.09,0.41,0.00,4.59,8.43,86.27,0.22,0.00,0.08,0.41,0.00,4.54,8.35,86.29,0.30,0.00,0.12,0.40,0.00,4.55,7.78,87.51,0.03,0.00,0.12,0.00,0.00,4.90,8.16,86.22,0.10,0.00,0.21,0.41,0.00,5.23,7.44,85.83,0.89,0.09,0.13,0.40,0.00
58008,12.69,20.27,46.95,11.54,1.28,3.21,0.12,3.94,16.54,28.73,41.72,1.33,4.67,5.86,0.07,1.08,25.07,21.41,41.88,0.05,4.83,5.51,0.09,1.15,23.63,24.47,41.42,0.03,4.14,5.20,0.02,1.08,25.90,22.61,41.67,0.03,3.26,5.40,0.00,1.12,27.28,20.05,43.67,0.10,1.99,5.74,0.00,1.16,26.69,20.79,44.00,0.94,0.18,6.21,0.00,1.18,21.67,21.31,40.66,8.98,1.74,4.61,0.00,1.02
58009,8.23,0.02,66.14,4.03,7.37,11.43,0.00,2.78,12.28,0.07,55.62,3.02,10.37,18.20,0.09,0.35,23.16,0.01,45.75,0.01,11.40,19.61,0.06,0.00,15.59,0.01,54.12,0.19,11.10,18.52,0.07,0.41,16.98,0.01,48.86,0.06,14.38,19.64,0.07,0.00,18.10,0.02,47.90,0.30,14.82,18.81,0.06,0.00,15.78,0.02,51.31,0.02,13.18,19.61,0.07,0.00,12.99,0.05,56.72,6.73,5.77,17.27,0.07,0.40
58010,0.00,0.00,79.68,20.32,0.00,0.00,0.00,0.00,0.00,0.00,99.20,0.80,0.00,0.00,0.00,0.00,0.00,0.00,99.45,0.55,0.00,0.00,0.00,0.00,0.00,0.00,99.45,0.55,0.00,0.00,0.00,0.00,0.00,0.00,99.45,0.55,0.00,0.00,0.00,0.00,0.00,0.00,99.84,0.16,0.00,0.00,0.00,0.00,0.00,0.00,99.38,0.62,0.00,0.00,0.00,0.00,0.00,0.00,98.38,1.62,0.00,0.00,0.00,0.00
58012,8.64,44.45,35.61,6.88,0.75,3.37,0.00,0.30,9.92,52.45,32.18,0.39,0.42,4.60,0.06,0.00,15.74,47.57,31.60,0.51,0.11,4.46,0.00,0.02,15.08,48.36,31.65,0.49,0.04,4.33,0.03,0.01,15.41,48.44,31.00,0.73,0.04,4.36,0.00,0.01,17.22,43.79,33.02,0.99,0.37,4.61,0.00,0.00,18.86,45.81,28.84,1.29,0.15,5.04,0.01,0.00,17.84,41.95,31.43,3.14,1.44,4.18,0.01,0.00
59001,11.32,3.61,68.53,8.87,1.31,4.57,0.09,1.70,14.38,6.04,67.05,3.38,1.32,6.45,0.08,1.31,18.20,5.38,64.60,1.56,1.52,7.00,0.08,1.64,16.74,5.69,66.28,1.56,1.38,6.63,0.08,1.65,17.72,5.49,65.12,1.93,1.24,6.81,0.08,1.61,17.99,4.91,64.22,3.36,0.69,6.96,0.07,1.80,19.08,5.06,63.93,2.71,0.13,7.29,0.07,1.73,14.21,5.71,63.72,8.04,0.63,5.93,0.08,1.68
60002,14.04,12.08,69.00,4.04,0.54,0.23,0.05,0.02,10.24,17.99,67.87,1.83,1.50,0.51,0.05,0.01,15.29,15.32,68.04,0.00,0.53,0.76,0.05,0.00,16.37,15.15,67.44,0.00,0.29,0.68,0.05,0.00,15.58,15.37,68.15,0.00,0.23,0.61,0.05,0.01,17.33,14.44,67.35,0.00,0.02,0.81,0.00,0.05,18.97,14.00,65.72,0.04,0.07,1.11,0.05,0.03,15.04,14.82,67.73,0.84,0.92,0.60,0.05,0.00
60003,8.94,0.27,83.54,0.09,6.12,0.95,0.00,0.08,9.29,0.89,83.80,0.07,3.86,2.03,0.01,0.05,12.96,0.25,79.92,0.12,4.53,2.20,0.01,0.01,11.60,0.40,82.49,0.05,2.86,2.52,0.01,0.08,11.89,0.39,82.56,0.02,2.68,2.45,0.00,0.02,13.62,0.29,82.45,0.00,0.81,2.81,0.00,0.00,13.40,0.19,81.14,0.04,2.00,3.20,0.00,0.03,11.03,0.24,81.74,0.36,4.38,2.22,0.01,0.03
60005,14.69,27.01,53.95,3.72,0.45,0.18,0.00,0.00,7.75,39.05,50.65,0.00,2.06,0.48,0.00,0.01,11.95,35.76,51.38,0.00,0.38,0.53,0.00,0.00,12.97,34.75,51.49,0.00,0.27,0.52,0.00,0.00,12.80,34.89,51.72,0.00,0.08,0.51,0.00,0.00,13.38,34.18,51.77,0.00,0.00,0.64,0.00,0.03,14.84,34.15,50.20,0.00,0.00,0.82,0.00,0.00,12.88,34.24,50.21,1.00,1.09,0.58,0.00,0.00
60006,15.95,8.41,72.07,1.28,1.63,0.55,0.00,0.10,12.64,13.18,71.62,0.14,0.97,1.42,0.01,0.00,18.06,10.11,69.02,0.00,0.68,2.13,0.00,0.00,17.80,10.36,69.42,0.00,0.58,1.78,0.00,0.05,17.66,10.25,69.88,0.01,0.47,1.73,0.00,0.00,19.10,9.40,69.56,0.02,0.08,1.83,0.00,0.00,20.59,8.31,68.09,0.08,0.52,2.41,0.00,0.00,16.90,9.71,69.82,0.57,1.49,1.51,0.00,0.00
60010,10.40,13.54,72.75,2.05,0.54,0.41,0.23,0.08,8.68,17.01,70.38,0.62,2.12,0.83,0.34,0.02,12.81,15.47,69.37,0.14,0.76,1.18,0.25,0.01,13.22,15.38,69.47,0.02,0.54,1.09,0.25,0.02,12.88,15.36,70.07,0.06,0.33,1.04,0.24,0.01,13.94,14.76,69.58,0.16,0.10,1.20,0.20,0.06,14.98,14.69,68.24,0.17,0.17,1.47,0.23,0.04,11.80,15.01,70.02,1.00,0.91,0.99,0.24,0.03
60012,3.90,7.76,78.75,9.28,0.29,0.01,0.00,0.00,0.38,8.45,90.59,0.44,0.10,0.04,0.00,0.00,6.58,5.58,87.09,0.05,0.15,0.55,0.00,0.00,6.14,6.10,87.12,0.05,0.06,0.51,0.00,0.00,7.18,6.22,86.24,0.05,0.00,0.31,0.00,0.00,7.50,6.57,85.28,0.00,0.00,0.65,0.00,0.00,9.77,6.57,82.74,0.05,0.00,0.87,0.00,0.00,6.94,5.94,84.94,1.05,0.74,0.38,0.00,0.00
6007,4.98,10.55,24.35,51.93,0.39,0.06,6.73,1.01,3.23,16.92,27.76,42.32,0.30,0.09,6.76,2.64,5.03,16.70,26.13,44.15,0.36,0.09,5.46,2.08,5.10,15.87,24.09,44.30,0.27,0.12,6.60,3.64,5.46,15.90,25.83,42.98,0.26,0.12,6.58,2.87,5.84,14.92,33.62,33.15,0.28,0.16,6.62,5.41,6.06,15.85,26.12,40.90,0.34,0.25,6.62,3.85,5.72,12.33,31.26,42.86,0.61,0.24,6.66,0.31
6008,5.40,10.02,9.00,73.32,0.05,0.01,2.21,0.00,4.32,23.86,11.54,58.10,0.00,0.00,2.19,0.00,5.28,26.17,14.59,52.84,0.00,0.00,1.11,0.00,6.52,24.87,8.91,57.51,0.00,0.03,2.16,0.00,7.00,23.25,10.09,57.47,0.00,0.03,2.16,0.00,7.13,21.67,12.12,56.87,0.00,0.05,2.15,0.00,7.75,24.99,8.80,56.05,0.00,0.25,2.16,0.00,6.64,18.36,14.41,58.07,0.13,0.22,2.16,0.00
61001,5.32,1.59,75.81,0.44,15.54,0.94,0.03,0.33,7.68,1.58,73.26,1.00,14.27,2.11,0.04,0.07,11.85,0.61,69.69,0.30,15.18,2.38,0.00,0.00,10.66,0.84,72.04,0.47,13.44,2.53,0.00,0.01,11.85,0.67,73.35,0.41,11.29,2.39,0.00,0.03,13.48,0.58,72.96,0.84,9.20,2.94,0.00,0.00,12.10,0.63,70.76,2.38,10.99,3.11,0.03,0.00,9.76,0.88,70.68,3.11,13.30,2.24,0.03,0.00
61002,7.42,3.89,80.42,0.71,6.41,0.58,0.54,0.03,8.02,3.45,80.14,1.72,4.75,1.26,0.61,0.04,11.74,2.04,75.48,0.84,7.83,1.49,0.54,0.03,10.77,2.73,78.09,0.21,5.88,1.74,0.54,0.02,11.50,2.24,79.47,0.23,4.27,1.71,0.54,0.02,14.10,2.35,79.30,0.04,2.18,1.93,0.00,0.10,13.14,2.40,78.45,0.04,3.08,2.31,0.54,0.05,10.19,2.94,77.24,2.83,4.64,1.58,0.54,0.04
62001,5.70,5.31,83.19,1.57,3.37,0.70,0.09,0.08,6.46,5.79,80.50,1.80,3.31,1.96,0.11,0.07,9.14,5.31,79.26,1.15,2.59,2.40,0.10,0.05,9.41,5.26,79.75,1.16,1.95,2.29,0.10,0.07,9.41,5.20,79.97,1.04,1.98,2.23,0.10,0.06,10.01,4.96,80.51,1.12,0.79,2.45,0.06,0.10,10.32,5.03,79.06,1.14,1.29,3.02,0.10,0.04,8.21,4.95,79.22,2.06,3.37,2.04,0.10,0.06
63001,7.23,14.75,68.80,7.13,1.30,0.33,0.13,0.33,5.77,17.26,69.21,5.17,1.31,0.77,0.23,0.28,7.94,15.83,72.33,2.07,0.64,1.04,0.15,0.00,8.85,15.54,70.98,3.10,0.48,0.87,0.16,0.03,9.59,15.06,72.70,0.83,0.57,0.91,0.15,0.20,9.91,14.68,72.49,1.40,0.34,1.06,0.00,0.12,10.84,13.92,71.49,1.50,0.69,1.28,0.15,0.13,8.70,14.60,70.28,3.66,1.53,0.92,0.13,0.19
63004,0.53,24.70,44.41,29.48,0.02,0.08,0.00,0.78,0.26,28.12,51.37,19.44,0.02,0.05,0.09,0.64,0.20,27.88,63.54,8.19,0.00,0.09,0.09,0.00,0.38,28.42,57.58,13.42,0.00,0.05,0.14,0.00,0.38,28.32,67.47,3.10,0.00,0.15,0.09,0.49,0.29,28.46,66.75,3.82,0.00,0.31,0.00,0.37,0.40,28.02,66.27,4.14,0.00,0.53,0.09,0.54,0.35,28.02,56.66,13.78,0.11,0.32,0.06,0.69
64001,8.58,17.12,70.54,3.16,0.08,0.18,0.11,0.22,7.09,21.37,68.05,2.55,0.42,0.30,0.16,0.05,10.46,20.84,64.96,3.27,0.01,0.24,0.13,0.08,11.32,20.56,64.95,2.61,0.02,0.30,0.14,0.11,11.03,20.57,65.86,1.95,0.02,0.33,0.11,0.12,13.03,19.29,64.57,2.49,0.00,0.44,0.09,0.09,12.07,19.01,64.70,3.10,0.10,0.81,0.12,0.08,10.70,18.63,65.66,3.70,0.47,0.61,0.11,0.10
64002,5.50,14.01,72.09,4.84,1.68,0.20,0.96,0.73,4.39,15.45,74.98,3.33,0.45,0.20,0.89,0.31,9.51,14.50,65.27,9.13,0.02,0.17,0.89,0.51,9.03,15.08,65.39,8.92,0.00,0.20,0.89,0.48,9.31,13.94,66.42,8.69,0.03,0.24,0.89,0.46,13.77,12.02,60.57,12.42,0.00,0.18,0.89,0.14,10.31,12.84,60.36,15.02,0.06,0.33,0.89,0.19,6.84,12.44,67.02,11.68,0.51,0.34,0.89,0.28
64006,6.72,7.45,84.93,0.30,0.07,0.21,0.21,0.11,5.58,7.50,85.17,0.05,0.55,0.91,0.23,0.00,8.83,6.28,83.50,0.07,0.09,0.99,0.23,0.00,9.07,6.81,83.13,0.02,0.00,0.76,0.23,0.00,10.05,6.04,82.69,0.06,0.11,0.82,0.23,0.00,8.68,6.19,84.19,0.00,0.00,0.93,0.00,0.00,10.51,6.21,80.93,0.50,0.44,1.19,0.23,0.00,8.25,6.34,81.77,1.69,0.91,0.81,0.23,0.00
65001,7.39,8.39,59.38,20.87,0.01,0.09,2.26,1.62,8.67,9.73,53.38,25.48,0.00,0.14,2.41,0.18,10.08,9.16,52.37,25.47,0.12,0.18,2.25,0.38,9.34,9.25,52.07,26.54,0.06,0.15,2.26,0.34,10.02,8.97,51.06,26.80,0.00,0.22,2.24,0.69,11.87,8.13,46.94,29.86,0.00,0.13,2.25,0.81,10.67,7.89,48.40,29.58,0.00,0.37,2.27,0.82,9.59,8.13,47.91,30.17,1.02,0.21,2.27,0.70
65004,5.24,6.67,70.66,7.64,1.48,0.43,2.80,5.08,5.31,7.98,69.23,12.83,0.13,0.63,2.82,1.06,9.24,7.42,62.88,15.13,0.08,0.58,2.75,1.92,7.74,7.85,62.22,16.55,0.43,0.73,2.75,1.72,8.66,7.38,63.56,15.17,0.13,0.79,2.75,1.55,9.21,7.32,60.25,18.49,0.00,0.62,2.73,1.38,6.77,7.19,60.22,20.61,0.00,0.99,2.75,1.46,8.16,7.29,64.18,14.44,0.88,0.98,2.75,1.31
65005,6.76,9.82,68.30,4.02,8.03,0.12,0.33,2.61,2.72,14.57,77.96,2.82,1.04,0.39,0.41,0.09,6.55,10.44,76.99,3.48,1.43,0.27,0.33,0.50,7.52,11.30,76.77,3.31,0.09,0.41,0.50,0.09,4.84,13.24,77.35,3.15,0.15,0.59,0.50,0.17,15.39,3.91,76.48,3.13,0.00,0.45,0.41,0.23,16.63,4.17,73.44,4.21,0.00,0.66,0.45,0.44,10.67,10.31,70.40,4.79,2.03,0.55,0.45,0.79
65006,8.02,0.80,68.59,7.63,1.69,2.02,2.48,8.77,7.62,1.11,72.27,8.44,0.15,2.79,2.45,5.17,12.47,0.53,62.78,14.23,0.00,3.00,2.41,4.59,10.33,0.85,63.97,14.43,0.07,3.19,2.37,4.79,11.26,0.56,61.78,15.48,0.11,3.19,2.40,5.23,10.44,0.65,66.95,11.74,0.00,2.81,2.38,5.04,8.48,0.50,62.16,17.10,0.00,4.08,2.38,5.29,10.39,0.53,63.81,12.00,1.88,3.57,2.38,5.45
65007,4.28,0.11,81.71,11.03,1.13,0.01,0.79,0.93,3.03,0.26,87.82,5.34,2.24,0.09,0.85,0.37,4.71,0.16,75.63,14.75,3.55,0.13,0.80,0.26,4.94,0.17,75.51,16.12,1.85,0.08,0.79,0.53,5.35,0.10,77.68,13.99,1.45,0.12,0.81,0.50,5.63,0.05,69.29,24.06,0.00,0.05,0.79,0.13,3.65,0.01,66.98,28.14,0.00,0.24,0.78,0.19,5.27,0.04,71.69,21.55,0.10,0.16,0.78,0.40
65008,0.02,0.00,81.35,9.30,0.00,0.00,0.00,9.33,0.07,0.00,91.69,4.24,0.00,0.00,0.00,4.00,1.24,0.15,63.69,31.13,0.00,0.00,0.36,3.44,0.05,0.00,67.13,28.03,0.00,0.00,0.00,4.80,0.48,0.00,55.69,37.62,0.00,0.00,0.22,5.98,0.61,0.90,73.89,19.26,0.00,0.00,0.00,5.35,0.41,0.00,59.18,36.26,0.00,0.00,0.00,4.14,0.07,0.07,56.54,35.34,0.68,0.07,0.00,7.22
66001,7.68,7.44,77.20,1.74,3.92,1.37,0.02,0.62,7.46,8.57,75.55,1.11,4.68,2.16,0.05,0.43,8.38,8.18,77.36,0.81,2.66,2.49,0.05,0.07,8.11,8.30,76.70,1.04,3.29,2.32,0.06,0.18,8.74,8.34,76.64,0.85,2.85,2.29,0.04,0.23,8.41,8.34,74.85,1.15,4.38,2.80,0.05,0.01,8.34,8.24,74.67,1.14,4.50,2.80,0.06,0.25,7.63,8.42,73.12,2.18,5.76,2.51,0.06,0.32
66004,9.32,1.55,79.89,0.69,5.52,1.02,0.01,2.00,9.73,2.01,79.32,0.51,3.99,2.39,0.19,1.85,11.33,0.81,80.23,0.17,3.15,3.78,0.19,0.33,10.92,1.18,79.76,1.01,3.04,2.76,0.23,1.10,11.21,1.42,81.11,0.29,2.23,2.09,0.19,1.47,11.45,1.32,78.37,1.15,3.32,4.12,0.23,0.04,11.43,1.16,78.15,0.42,3.78,3.53,0.23,1.29,10.17,1.30,75.36,2.88,5.83,2.39,0.27,1.80
66006,4.57,1.93,82.65,6.33,3.56,0.17,0.41,0.38,4.58,2.01,83.35,8.93,0.20,0.31,0.42,0.21,5.30,1.46,82.96,9.53,0.00,0.28,0.42,0.05,5.41,1.48,81.58,10.63,0.00,0.39,0.42,0.08,6.01,2.06,79.14,11.93,0.00,0.31,0.42,0.13,6.46,0.67,80.58,11.22,0.00,0.52,0.41,0.14,6.38,1.71,78.20,12.56,0.00,0.50,0.43,0.22,4.85,1.51,75.80,14.93,1.89,0.60,0.43,0.00
66011,5.41,12.59,64.50,15.05,1.24,0.08,0.46,0.69,5.25,15.01,58.18,20.35,0.01,0.24,0.50,0.46,5.58,14.27,60.69,18.35,0.00,0.17,0.45,0.49,6.17,14.09,62.28,16.30,0.01,0.22,0.44,0.49,6.29,14.06,60.36,18.08,0.00,0.24,0.46,0.50,7.03,13.40,60.08,18.37,0.00,0.17,0.44,0.51,7.39,12.79,60.51,18.17,0.00,0.31,0.45,0.37,7.17,11.93,57.34,21.80,0.47,0.41,0.45,0.43
67001,1.54,8.96,73.73,12.13,0.09,0.21,3.16,0.18,1.67,11.80,66.52,16.23,0.17,0.34,3.24,0.02,1.70,12.11,65.44,16.97,0.27,0.32,3.15,0.04,2.35,11.48,66.45,15.95,0.18,0.36,3.14,0.09,2.26,11.84,64.75,16.98,0.51,0.39,3.16,0.11,2.50,11.64,66.11,16.21,0.00,0.32,3.12,0.11,2.01,11.98,64.52,17.78,0.00,0.49,3.15,0.08,2.71,10.66,62.97,19.62,0.31,0.53,3.15,0.05
67005,5.38,7.44,69.09,17.22,0.25,0.47,0.01,0.14,5.73,8.02,68.68,16.59,0.14,0.80,0.04,0.01,6.49,8.40,69.93,14.63,0.00,0.55,0.00,0.00,5.46,8.26,69.92,15.70,0.00,0.65,0.01,0.00,6.63,8.38,69.59,14.67,0.06,0.66,0.01,0.00,5.53,8.39,69.02,16.00,0.20,0.87,0.00,0.00,4.97,9.20,67.29,17.11,0.27,1.13,0.02,0.00,5.10,8.94,66.42,17.70,0.84,0.96,0.03,0.00
67006,2.18,16.47,68.59,9.30,0.05,0.08,3.05,0.28,1.96,18.57,66.91,8.99,0.12,0.20,3.12,0.13,2.34,18.51,67.52,8.43,0.00,0.11,3.04,0.05,2.11,18.62,65.85,10.15,0.00,0.15,3.04,0.08,2.43,18.65,66.19,9.43,0.00,0.20,3.03,0.07,2.30,18.54,67.00,8.69,0.08,0.19,3.02,0.18,2.23,18.76,66.87,8.61,0.14,0.17,3.03,0.19,2.52,18.36,64.27,10.42,0.91,0.47,3.03,0.02
67008,9.54,5.97,67.71,5.97,3.79,5.29,0.18,1.56,10.28,6.59,66.16,4.99,3.65,7.24,0.29,0.80,10.84,6.81,69.30,4.17,1.11,7.05,0.27,0.45,10.51,6.54,69.33,4.20,1.71,6.95,0.28,0.48,11.56,6.66,67.85,4.32,1.77,7.00,0.27,0.55,11.09,6.82,66.03,4.50,2.89,8.15,0.29,0.22,10.23,7.41,65.45,4.74,3.05,8.48,0.31,0.32,9.97,7.29,64.38,5.57,4.66,7.17,0.30,0.68
67010,0.00,0.00,69.52,29.52,0.00,0.00,0.96,0.00,0.00,0.08,54.71,44.25,0.00,0.00,0.96,0.00,0.00,0.08,48.46,50.50,0.00,0.00,0.96,0.00,0.00,0.08,49.27,49.70,0.00,0.00,0.96,0.00,0.00,0.20,46.82,52.03,0.00,0.00,0.96,0.00,0.00,0.08,50.42,48.54,0.00,0.00,0.96,0.00,0.00,0.08,53.40,45.56,0.00,0.00,0.96,0.00,0.14,0.08,58.65,40.06,0.00,0.12,0.96,0.00
67015,4.60,10.72,66.83,14.20,1.04,0.79,1.47,0.36,4.58,12.32,63.85,15.37,1.05,1.13,1.55,0.15,5.12,12.43,64.50,14.93,0.45,0.92,1.60,0.03,5.09,12.16,64.45,15.05,0.52,1.03,1.61,0.09,5.91,12.25,63.21,15.25,0.69,1.08,1.55,0.06,5.26,12.13,64.30,14.69,0.71,1.22,1.60,0.09,4.89,12.50,62.90,15.83,0.72,1.43,1.62,0.12,5.00,11.79,61.78,17.03,1.44,1.28,1.62,0.06
67018,0.64,16.07,75.59,7.56,0.05,0.06,0.00,0.03,1.30,24.80,62.70,11.04,0.02,0.11,0.03,0.00,1.19,25.08,58.93,14.65,0.00,0.05,0.03,0.06,2.57,24.01,62.91,10.29,0.00,0.14,0.00,0.08,2.33,24.46,59.38,13.30,0.29,0.12,0.03,0.09,2.85,24.12,60.94,11.91,0.00,0.11,0.00,0.07,2.46,24.36,54.62,18.23,0.00,0.22,0.03,0.07,3.38,21.92,56.21,17.80,0.43,0.21,0.03,0.03
67025,5.61,0.81,53.36,10.91,9.36,18.02,0.34,1.59,6.45,1.27,45.61,11.33,13.21,21.15,0.27,0.72,8.11,0.94,50.78,11.06,8.32,20.53,0.25,0.01,7.06,0.96,49.01,10.86,10.96,20.86,0.27,0.03,8.59,0.99,48.33,10.97,10.11,20.71,0.27,0.03,7.80,0.93,48.79,10.96,10.50,20.75,0.27,0.00,7.97,1.07,47.77,11.11,10.58,21.16,0.29,0.05,7.33,0.92,47.15,11.28,13.41,19.29,0.29,0.34
67033,5.28,6.88,68.30,9.34,5.61,3.11,0.95,0.53,5.52,7.89,63.23,9.90,7.99,4.15,1.06,0.25,6.35,7.89,63.59,9.53,7.47,4.00,1.09,0.08,6.13,7.72,63.93,9.59,7.35,4.07,1.10,0.11,6.84,7.76,63.10,9.73,7.37,4.05,1.04,0.11,6.24,7.71,63.09,9.44,8.04,4.31,1.09,0.08,5.89,8.00,63.30,10.14,6.93,4.52,1.12,0.11,5.84,7.58,63.02,10.93,7.39,3.99,1.12,0.14
68001,4.29,0.58,73.64,0.04,15.57,5.29,0.51,0.08,4.84,0.55,64.98,0.01,20.86,8.08,0.64,0.03,5.67,0.14,64.65,0.00,20.77,8.13,0.64,0.00,5.32,0.15,65.97,0.00,20.17,7.75,0.65,0.00,5.27,0.05,67.54,0.03,18.44,7.96,0.70,0.00,5.58,0.04,64.85,0.00,20.84,8.07,0.62,0.00,5.23,0.02,65.50,0.03,20.08,8.49,0.64,0.00,5.05,0.05,66.69,0.03,20.27,7.25,0.62,0.04
68003,6.27,0.18,69.14,4.13,11.24,8.45,0.48,0.11,6.26,0.39,64.60,4.83,11.79,11.51,0.55,0.09,6.86,0.41,64.36,3.33,12.79,11.67,0.58,0.00,6.16,0.32,65.11,3.28,13.19,11.37,0.56,0.01,6.37,0.40,67.80,2.47,9.76,12.48,0.71,0.01,6.21,0.39,67.07,1.75,12.70,11.36,0.52,0.01,5.51,0.48,68.72,2.20,10.84,11.70,0.55,0.00,5.59,0.37,67.88,2.95,11.58,10.69,0.54,0.41
68004,4.23,0.06,54.40,0.10,23.68,17.21,0.27,0.05,5.09,0.04,50.16,0.00,21.29,22.81,0.54,0.06,5.70,0.00,50.35,0.00,21.12,22.26,0.57,0.00,5.24,0.00,51.20,0.00,21.32,21.75,0.49,0.00,5.24,0.02,54.10,0.00,17.88,22.22,0.54,0.00,5.40,0.00,51.28,0.00,21.00,21.83,0.49,0.00,5.01,0.00,50.92,0.01,20.04,23.52,0.50,0.00,4.46,0.00,50.65,0.00,22.81,21.58,0.50,0.00
68005,4.27,0.44,78.30,0.03,14.83,1.54,0.59,0.00,4.36,0.50,69.62,0.02,22.11,2.71,0.68,0.00,5.17,0.14,68.63,0.00,22.34,3.04,0.68,0.00,4.86,0.17,70.08,0.00,21.50,2.70,0.69,0.00,4.79,0.00,70.73,0.10,20.99,2.65,0.74,0.00,5.11,0.05,68.37,0.00,22.66,3.11,0.69,0.00,4.93,0.00,68.13,0.07,22.80,3.35,0.71,0.00,4.73,0.09,70.14,0.03,21.87,2.48,0.67,0.00
68020,4.44,1.41,70.65,0.07,19.81,3.48,0.05,0.09,4.75,2.18,59.73,0.00,27.82,5.27,0.04,0.20,6.99,0.96,57.48,0.00,28.70,5.83,0.04,0.00,6.29,0.80,57.16,0.00,30.00,5.65,0.10,0.00,6.89,0.31,56.31,0.00,30.64,5.72,0.12,0.00,6.79,0.05,59.15,0.00,28.35,5.53,0.13,0.00,6.45,0.02,63.76,0.00,24.20,5.44,0.13,0.00,6.02,0.21,65.79,0.03,23.37,4.43,0.14,0.00
69002,9.25,0.66,51.69,9.69,1.88,24.19,1.58,1.06,8.35,1.06,44.77,13.45,1.84,28.26,1.56,0.71,8.85,0.98,37.23,19.94,0.19,30.60,1.34,0.87,7.55,1.16,39.98,19.93,0.20,28.61,1.47,1.10,8.62,1.12,38.46,20.41,0.22,29.03,1.30,0.84,7.32,1.31,37.61,22.53,0.48,28.75,1.45,0.55,6.81,1.75,37.48,22.28,0.37,29.16,1.52,0.63,6.61,1.29,47.83,13.91,1.73,26.25,1.56,0.81
69007,8.03,0.76,45.14,20.14,1.29,23.12,1.21,0.31,7.31,1.41,40.78,21.62,0.58,26.86,1.22,0.21,8.95,1.40,38.72,22.67,0.49,26.49,1.17,0.11,6.93,1.26,40.60,22.21,0.78,26.82,1.19,0.22,7.80,1.30,39.93,22.64,0.16,26.77,1.19,0.21,6.58,1.31,42.81,21.25,0.55,26.20,1.11,0.18,6.64,1.49,41.93,20.90,0.55,27.10,1.17,0.20,6.30,1.21,45.39,19.76,1.13,24.89,1.15,0.17
69012,8.93,4.74,61.44,0.96,3.60,19.72,0.53,0.07,7.63,4.64,57.88,0.89,2.71,25.70,0.54,0.00,11.64,3.78,56.07,0.18,1.38,26.54,0.41,0.00,7.70,3.99,59.14,0.19,2.05,26.42,0.52,0.00,8.65,4.03,59.18,0.16,1.17,26.37,0.45,0.00,8.30,4.34,58.89,0.05,1.74,26.16,0.51,0.00,7.63,4.74,57.96,0.27,1.82,27.08,0.50,0.00,7.19,4.74,60.76,0.49,2.13,24.17,0.50,0.00
69015,8.02,0.44,38.54,46.20,0.28,4.79,1.59,0.13,6.65,1.29,35.33,47.72,0.14,7.05,1.74,0.08,8.31,1.14,33.72,48.17,0.09,6.99,1.52,0.06,6.55,1.02,35.37,47.82,0.17,7.28,1.61,0.19,7.30,0.95,34.20,48.23,0.00,7.32,1.58,0.41,6.04,1.17,36.53,46.86,0.21,7.45,1.55,0.19,6.18,1.40,35.66,46.51,0.38,8.10,1.60,0.17,5.98,1.11,39.33,44.76,0.59,6.50,1.58,0.16
69017,6.26,2.08,72.03,14.31,0.23,3.86,0.76,0.47,6.72,3.39,66.65,15.39,0.07,6.62,0.84,0.33,7.93,3.66,65.63,14.97,0.01,6.71,0.75,0.34,6.21,3.27,67.98,14.60,0.02,6.68,0.80,0.44,6.45,3.56,67.93,14.14,0.00,6.71,0.78,0.44,5.50,3.37,70.12,12.83,0.15,6.85,0.69,0.49,5.68,3.75,68.13,13.51,0.29,7.44,0.79,0.41,5.22,2.88,69.56,14.81,0.37,6.16,0.69,0.31
69023,6.61,0.02,50.61,12.62,2.15,25.13,1.59,1.26,5.83,0.33,42.30,17.87,2.21,28.92,1.69,0.85,6.13,0.21,34.76,26.02,0.03,30.04,1.55,1.26,4.64,0.42,37.19,25.21,0.07,29.51,1.58,1.38,5.94,0.25,35.13,26.24,0.06,29.86,1.54,0.99,4.59,0.62,32.73,29.67,0.37,29.75,1.44,0.84,4.97,0.66,32.63,28.66,0.27,30.40,1.56,0.85,4.48,0.62,46.47,16.72,2.08,26.93,1.60,1.11
69027,9.50,0.26,37.89,24.80,1.24,24.35,1.37,0.60,8.21,0.61,29.34,30.27,0.45,29.26,1.40,0.46,10.28,0.43,24.99,34.03,0.40,28.54,1.34,0.00,7.32,0.45,26.79,34.07,0.83,28.97,1.35,0.23,9.28,0.29,24.83,35.57,0.01,28.65,1.39,0.00,7.33,0.34,29.54,32.97,0.24,28.31,1.27,0.01,7.24,0.47,29.82,30.84,0.49,29.53,1.36,0.25,6.48,0.55,37.95,25.59,1.33,26.55,1.32,0.23
69030,5.53,0.19,13.57,0.69,47.67,30.33,0.61,1.41,8.26,0.21,16.10,0.00,40.73,33.87,0.67,0.15,10.50,0.07,12.34,0.00,41.44,35.05,0.59,0.00,9.44,0.07,14.02,0.00,41.23,34.62,0.61,0.00,10.60,0.02,6.46,0.00,46.69,35.66,0.56,0.00,7.52,0.00,20.60,0.00,37.03,34.22,0.63,0.00,6.84,0.00,22.30,0.00,36.25,33.95,0.66,0.00,9.71,0.02,18.74,0.06,37.71,33.05,0.67,0.02
69032,5.82,0.29,17.12,1.51,28.64,46.20,0.41,0.01,7.35,0.29,16.33,0.02,22.45,53.16,0.39,0.00,8.43,0.03,17.56,0.00,20.37,53.24,0.36,0.00,8.11,0.07,15.26,0.00,21.95,54.11,0.50,0.00,10.54,0.03,12.92,0.00,22.31,53.83,0.37,0.00,7.34,0.01,21.05,0.00,18.69,52.53,0.39,0.00,7.17,0.00,22.25,1.27,16.95,51.97,0.39,0.00,8.45,0.03,21.39,1.28,16.58,51.87,0.41,0.00
69043,9.50,0.02,27.43,0.00,3.71,58.25,0.83,0.26,10.30,0.00,22.67,0.00,2.51,63.75,0.75,0.03,11.14,0.00,22.72,0.09,0.21,65.37,0.47,0.00,8.54,0.03,25.58,0.00,0.29,64.85,0.72,0.00,10.82,0.00,21.53,0.00,0.44,66.65,0.55,0.00,9.89,0.03,24.92,0.29,0.53,64.04,0.30,0.00,10.60,0.03,22.35,0.52,0.74,65.01,0.75,0.00,9.66,0.03,26.58,0.00,3.32,59.63,0.78,0.00
70002,11.33,0.09,32.45,3.19,25.02,24.71,1.98,1.23,12.40,0.37,33.21,3.24,19.50,28.82,2.13,0.32,13.27,0.41,33.13,2.24,19.91,28.95,2.04,0.05,13.12,0.39,32.90,3.82,18.87,28.62,2.09,0.19,13.18,0.38,31.99,4.75,18.22,29.28,2.03,0.18,13.19,0.55,35.95,2.97,16.03,29.16,2.01,0.13,12.86,0.59,34.18,2.65,18.93,28.53,2.05,0.21,13.22,0.47,35.50,4.05,17.03,27.11,2.01,0.60
7001,0.02,4.96,16.98,75.65,0.00,0.00,0.25,2.13,0.43,6.94,24.30,59.39,0.01,0.06,0.30,8.56,0.34,7.39,20.78,63.52,0.00,0.00,0.02,7.95,0.78,6.33,18.83,64.90,0.00,0.07,0.25,8.84,0.82,6.54,18.09,66.37,0.02,0.06,0.25,7.85,1.30,6.06,12.67,69.48,0.00,0.09,0.23,10.17,1.15,6.90,11.41,75.93,0.00,0.12,0.30,4.20,0.96,5.74,13.24,79.20,0.07,0.11,0.31,0.39
7002,2.05,7.42,13.50,75.02,0.26,0.01,0.60,1.13,2.28,10.68,17.03,64.35,0.41,0.06,0.64,4.55,3.08,10.74,19.72,61.87,0.26,0.02,0.08,4.23,3.16,10.23,14.24,66.80,0.25,0.07,0.55,4.70,2.91,10.57,13.84,67.54,0.26,0.06,0.64,4.17,3.63,10.15,11.64,68.24,0.33,0.10,0.52,5.41,3.32,10.38,9.43,73.46,0.35,0.14,0.70,2.23,3.11,9.71,11.56,74.03,0.54,0.12,0.72,0.21
7003,6.95,28.21,25.29,29.16,9.93,0.12,0.21,0.13,6.03,37.94,23.59,23.19,8.61,0.38,0.27,0.00,8.74,39.00,35.15,10.79,5.49,0.59,0.24,0.00,9.27,37.36,23.89,21.41,7.43,0.46,0.18,0.00,10.20,37.54,23.42,20.87,7.33,0.46,0.18,0.00,12.26,36.28,22.31,19.89,8.70,0.56,0.01,0.00,12.17,34.89,20.04,22.45,9.37,0.84,0.25,0.00,10.75,35.59,23.90,19.72,9.20,0.59,0.25,0.00
7005,1.65,6.59,9.19,80.80,0.06,0.00,1.71,0.00,1.56,9.18,8.61,78.81,0.06,0.01,1.77,0.00,2.00,11.87,23.11,62.77,0.00,0.01,0.23,0.00,2.07,9.78,9.22,77.18,0.00,0.02,1.74,0.00,1.92,10.13,9.39,76.79,0.00,0.02,1.75,0.00,1.81,11.28,12.72,72.48,0.00,0.05,1.66,0.00,2.03,9.84,6.85,79.41,0.07,0.07,1.74,0.00,1.65,10.15,11.25,74.89,0.28,0.05,1.73,0.00
7006,0.65,48.73,2.27,48.09,0.00,0.00,0.25,0.00,0.39,56.49,1.93,40.90,0.00,0.00,0.29,0.00,0.18,57.26,6.87,35.06,0.00,0.00,0.63,0.00,0.48,56.41,1.69,41.13,0.00,0.00,0.29,0.00,0.50,56.64,1.99,40.59,0.00,0.00,0.29,0.00,0.42,56.98,1.64,40.90,0.00,0.00,0.06,0.00,0.48,56.65,1.54,41.04,0.00,0.00,0.29,0.00,0.45,56.03,1.88,41.35,0.00,0.00,0.29,0.00
71001,5.25,1.75,71.86,14.26,0.66,4.96,0.53,0.73,4.95,2.70,68.37,14.69,1.21,6.79,0.61,0.68,5.80,2.89,64.60,17.97,0.50,7.08,0.56,0.60,5.01,2.77,66.19,17.29,0.53,7.13,0.58,0.50,5.46,2.87,66.70,16.41,0.42,6.91,0.53,0.69,4.82,2.93,65.38,17.97,0.57,7.21,0.55,0.57,4.69,3.12,65.35,17.87,0.49,7.28,0.59,0.61,4.14,2.88,69.78,14.19,1.50,6.43,0.62,0.46
71004,6.02,0.45,65.19,12.13,1.24,13.67,0.77,0.53,6.88,0.93,60.07,12.51,0.97,17.51,0.80,0.33,8.58,1.13,50.82,20.30,0.05,18.09,0.70,0.33,6.61,0.97,54.01,19.25,0.14,18.11,0.74,0.16,7.79,1.12,54.49,17.56,0.06,17.74,0.67,0.57,6.26,1.29,54.00,19.83,0.16,17.77,0.61,0.07,5.53,1.82,55.00,18.80,0.15,17.76,0.75,0.19,5.36,1.20,63.68,11.33,1.21,16.08,0.74,0.40
71006,3.33,1.69,77.60,13.65,0.52,1.74,0.02,1.46,3.04,2.00,76.98,12.82,1.04,2.57,0.06,1.50,3.41,2.13,74.68,15.04,0.54,2.86,0.06,1.29,3.10,2.08,74.74,15.30,0.43,3.08,0.09,1.18,3.38,2.21,75.76,14.14,0.32,2.82,0.04,1.33,3.06,2.11,72.82,16.83,0.46,3.23,0.08,1.42,3.36,2.27,73.69,15.59,0.26,3.33,0.09,1.41,2.59,2.13,77.09,12.75,1.81,2.62,0.12,0.88
71008,5.20,3.38,66.48,23.93,0.11,0.30,0.55,0.05,4.34,6.31,61.06,26.87,0.14,0.63,0.60,0.03,4.63,6.68,59.60,27.80,0.11,0.64,0.56,0.00,4.41,6.46,62.13,25.67,0.21,0.60,0.51,0.00,4.48,6.57,61.90,25.87,0.07,0.55,0.49,0.07,3.84,6.72,62.56,25.44,0.08,0.79,0.56,0.00,3.96,6.64,59.40,28.33,0.19,0.86,0.58,0.03,3.45,6.56,62.29,26.06,0.31,0.65,0.68,0.00
71014,11.69,0.07,59.45,5.94,0.99,20.14,0.66,1.07,9.07,0.55,52.03,7.02,3.59,26.99,0.66,0.08,10.12,0.66,50.45,9.29,1.61,27.23,0.55,0.08,9.96,0.64,51.22,9.17,2.40,26.01,0.58,0.01,9.45,0.86,50.94,9.26,1.39,27.65,0.43,0.02,9.99,1.55,51.50,7.42,1.72,27.22,0.58,0.01,8.66,1.79,50.81,8.09,2.98,27.07,0.59,0.00,8.67,1.52,51.81,8.49,3.75,25.18,0.58,0.00
72002,5.45,0.24,69.55,19.17,2.44,2.51,0.49,0.16,5.19,0.75,64.86,18.42,5.71,4.47,0.59,0.01,5.68,0.96,62.68,19.85,5.73,4.54,0.54,0.00,5.61,0.86,63.24,18.13,7.26,4.35,0.56,0.00,5.56,0.57,65.68,18.56,4.70,4.39,0.53,0.00,5.66,0.90,63.54,16.71,7.99,4.66,0.53,0.00,5.61,0.81,60.86,18.42,8.96,4.78,0.55,0.00,4.89,0.68,65.30,18.98,5.30,4.30,0.55,0.00
72004,3.41,1.24,78.94,13.77,0.54,0.56,0.14,1.40,3.18,1.57,80.75,11.46,1.08,0.79,0.13,1.03,3.28,1.64,82.22,10.28,0.52,0.95,0.16,0.94,3.75,1.47,81.65,10.66,0.38,0.95,0.18,0.97,3.70,1.55,81.70,10.54,0.32,0.90,0.15,1.14,3.34,1.52,83.98,8.54,0.59,1.07,0.17,0.80,3.26,1.74,80.69,11.24,0.61,1.19,0.18,1.10,2.95,1.48,79.92,13.12,1.05,0.83,0.19,0.47
72005,1.55,0.78,90.73,5.14,0.48,0.26,0.03,1.04,1.49,1.54,89.96,5.48,0.36,0.55,0.05,0.56,1.85,1.15,92.97,2.52,0.09,0.84,0.03,0.56,2.29,1.03,92.42,2.80,0.07,0.75,0.04,0.59,2.34,1.24,90.45,4.46,0.08,0.77,0.03,0.62,1.77,0.83,93.85,1.87,0.22,0.82,0.03,0.59,1.50,1.46,86.70,8.07,0.35,1.01,0.04,0.86,1.33,1.13,84.56,10.80,1.42,0.54,0.07,0.14
72007,8.48,1.13,81.28,8.21,0.79,0.10,0.00,0.00,8.13,2.44,78.85,8.13,1.87,0.52,0.06,0.00,7.82,3.24,76.13,9.62,2.27,0.88,0.03,0.00,7.71,2.99,77.13,9.45,1.82,0.81,0.09,0.00,7.88,2.40,78.19,9.97,0.71,0.82,0.03,0.00,7.47,3.34,76.45,9.70,1.98,1.03,0.03,0.00,8.37,2.87,75.31,10.35,1.93,1.09,0.09,0.00,7.01,2.45,77.71,9.62,2.65,0.53,0.03,0.00
72009,3.36,0.92,68.76,21.73,0.44,0.68,0.04,4.06,3.16,1.02,72.77,16.65,1.77,1.06,0.03,3.55,3.12,1.27,71.57,18.54,0.55,1.15,0.01,3.78,3.41,1.02,71.75,18.20,0.19,1.18,0.04,4.22,3.09,1.29,76.20,13.98,0.11,1.04,0.01,4.29,2.79,1.48,71.74,18.09,0.35,1.31,0.04,4.20,2.98,1.49,70.87,18.30,0.34,1.44,0.04,4.55,2.83,1.34,75.22,16.72,1.10,1.08,0.04,1.67
72014,8.59,0.41,75.61,11.80,1.41,1.33,0.86,0.00,8.48,0.47,74.73,10.47,2.02,2.88,0.95,0.00,10.16,0.44,70.68,13.12,1.36,3.32,0.92,0.00,9.61,0.00,73.80,11.32,1.35,2.98,0.92,0.00,10.38,0.00,71.18,12.71,1.37,3.43,0.92,0.00,10.28,0.03,73.27,10.98,1.27,3.25,0.92,0.00,9.78,0.09,72.02,12.34,1.49,3.41,0.88,0.00,8.57,0.07,73.21,12.01,2.41,2.79,0.94,0.00
72015,1.03,1.21,89.17,6.58,0.49,0.37,0.04,1.11,0.89,1.69,88.56,6.94,0.27,0.71,0.06,0.87,1.41,1.19,91.86,3.62,0.02,0.99,0.05,0.87,1.79,1.06,91.47,3.77,0.07,0.88,0.04,0.92,1.72,1.37,88.36,6.59,0.05,0.89,0.05,0.97,1.14,0.94,93.19,2.69,0.01,1.06,0.05,0.92,0.88,1.71,82.98,11.47,0.42,1.15,0.05,1.34,0.88,1.48,80.92,14.17,1.51,0.77,0.05,0.22
73005,4.18,0.16,86.15,4.42,0.86,3.56,0.27,0.39,4.74,0.84,83.99,4.53,0.84,4.60,0.31,0.15,4.66,0.76,86.78,2.79,0.33,4.30,0.33,0.06,5.35,0.56,86.99,2.36,0.17,4.26,0.25,0.07,5.72,0.64,85.90,2.84,0.17,4.38,0.27,0.08,4.47,0.59,88.63,0.92,0.34,4.73,0.32,0.00,4.46,0.88,87.15,1.73,0.43,4.90,0.35,0.11,4.03,0.64,86.01,3.52,0.92,4.38,0.36,0.14
73009,4.35,0.15,79.25,15.59,0.28,0.31,0.01,0.06,4.47,0.19,80.03,14.99,0.01,0.31,0.01,0.00,4.63,0.14,85.79,9.12,0.00,0.32,0.00,0.00,5.40,0.08,85.63,8.66,0.01,0.21,0.01,0.00,5.48,0.17,84.10,9.89,0.00,0.34,0.01,0.00,4.21,0.13,92.20,3.06,0.00,0.40,0.00,0.00,4.13,0.27,91.72,2.95,0.00,0.73,0.01,0.18,4.40,0.21,87.33,7.70,0.06,0.28,0.01,0.00
73010,19.87,3.82,64.25,2.22,0.30,1.91,7.23,0.41,18.46,5.52,63.85,1.56,0.26,2.82,7.25,0.27,20.37,4.44,63.91,0.57,0.38,2.91,7.20,0.22,21.16,4.43,63.39,0.49,0.24,2.85,7.20,0.24,22.00,4.50,62.79,0.25,0.08,2.95,7.19,0.24,19.82,3.93,65.16,0.42,0.41,3.05,7.19,0.01,19.27,3.83,64.97,0.67,0.31,3.63,7.22,0.09,18.07,3.59,64.75,1.36,1.87,2.96,7.22,0.17
73011,2.93,0.17,94.34,0.74,1.10,0.30,0.13,0.29,3.60,1.54,91.75,0.73,1.28,0.93,0.16,0.00,2.82,1.83,94.35,0.24,0.15,0.47,0.15,0.00,3.59,1.55,94.16,0.07,0.04,0.43,0.16,0.00,3.68,1.51,93.84,0.28,0.05,0.53,0.11,0.00,2.69,1.51,94.40,0.35,0.08,0.80,0.16,0.00,2.49,2.11,93.06,1.19,0.05,0.93,0.16,0.00,2.21,1.81,91.89,3.03,0.30,0.60,0.16,0.00
73014,13.97,0.40,80.06,3.56,0.28,0.43,0.83,0.48,12.73,0.77,81.78,2.18,0.02,0.63,0.84,1.06,15.37,0.24,78.91,1.99,0.73,1.03,0.79,0.95,16.08,0.08,79.48,1.40,0.18,0.91,0.81,1.05,16.61,0.32,79.33,0.74,0.00,1.17,0.81,1.02,14.42,0.11,81.91,1.43,0.12,1.15,0.81,0.04,13.00,0.08,82.21,1.46,0.48,1.73,0.83,0.22,11.77,0.15,77.77,3.02,4.76,1.10,0.83,0.61
73015,9.78,1.84,83.24,1.91,2.19,0.60,0.22,0.22,10.39,1.31,80.11,0.77,5.96,1.13,0.28,0.04,11.83,1.36,83.27,0.00,1.35,1.91,0.24,0.04,13.33,0.36,83.36,0.00,0.93,1.59,0.27,0.17,14.32,0.50,82.37,0.00,1.00,1.54,0.19,0.08,13.57,0.70,81.62,0.01,2.05,1.79,0.24,0.03,13.62,0.37,81.92,0.01,1.91,1.93,0.24,0.00,12.04,0.34,84.07,0.09,2.07,1.10,0.24,0.04
74001,6.63,5.84,82.82,4.16,0.20,0.04,0.31,0.00,7.11,5.70,84.65,2.00,0.04,0.18,0.31,0.01,6.91,5.61,86.74,0.07,0.28,0.09,0.31,0.00,7.01,4.58,87.63,0.12,0.27,0.09,0.31,0.00,8.41,4.54,86.43,0.05,0.15,0.10,0.31,0.00,6.72,4.86,87.66,0.05,0.24,0.17,0.31,0.00,7.33,5.78,85.66,0.44,0.30,0.18,0.31,0.00,7.02,5.00,83.95,3.41,0.23,0.08,0.31,0.01
74005,4.30,7.78,66.48,7.79,6.18,3.28,2.55,1.64,4.03,11.25,65.23,6.49,4.70,5.20,2.60,0.49,8.76,8.79,62.19,7.16,4.47,5.76,2.57,0.31,8.07,6.81,67.02,6.11,3.56,5.54,2.57,0.32,9.70,6.90,68.62,3.50,3.04,5.44,2.54,0.28,10.03,6.20,60.64,4.49,9.59,6.38,2.55,0.12,8.24,9.13,62.45,6.76,4.39,6.44,2.59,0.00,8.19,6.87,63.53,8.03,5.33,4.81,2.57,0.67
74006,3.06,3.21,85.93,4.62,2.86,0.32,0.00,0.00,3.05,4.31,89.26,0.15,2.69,0.54,0.00,0.00,3.79,2.57,88.48,0.58,3.74,0.83,0.00,0.00,3.57,2.18,88.91,0.03,4.60,0.72,0.00,0.00,3.73,2.26,89.49,0.03,3.75,0.73,0.00,0.00,4.61,1.72,88.40,0.02,4.53,0.72,0.00,0.00,3.67,4.12,88.11,0.32,2.94,0.83,0.00,0.00,3.53,2.44,90.64,0.87,1.95,0.56,0.00,0.00
74007,5.95,0.68,84.46,7.15,0.04,0.05,0.99,0.70,4.92,0.87,90.59,1.46,0.08,0.31,1.02,0.75,6.81,0.52,90.03,0.51,0.66,0.36,0.99,0.12,5.71,0.47,91.06,0.45,0.92,0.39,0.99,0.01,6.35,0.47,91.27,0.01,0.31,0.28,0.99,0.33,5.75,0.11,92.61,0.04,0.31,0.20,0.99,0.00,6.17,0.02,91.95,0.24,0.38,0.25,0.99,0.00,5.81,0.02,90.65,1.40,0.82,0.14,0.99,0.17
75003,6.32,5.86,72.15,10.43,0.15,0.60,3.91,0.57,6.23,6.25,71.75,10.46,0.18,1.14,3.92,0.07,7.93,5.49,71.97,9.01,0.40,1.27,3.88,0.04,8.00,4.34,73.67,8.52,0.29,1.32,3.86,0.00,8.67,5.09,73.40,7.44,0.11,1.37,3.86,0.05,8.97,4.19,73.70,7.64,0.26,1.35,3.86,0.03,7.66,5.27,73.59,7.56,0.32,1.64,3.90,0.06,7.14,4.85,70.14,11.23,1.43,1.24,3.88,0.08
75004,4.23,2.84,71.94,16.17,0.23,0.12,3.62,0.85,3.86,4.90,74.14,12.55,0.40,0.43,3.71,0.02,5.78,3.91,70.54,14.78,0.67,0.53,3.65,0.13,5.95,3.12,72.47,13.74,0.46,0.54,3.72,0.00,5.88,4.16,72.79,12.76,0.27,0.48,3.67,0.00,6.06,3.29,75.49,10.65,0.31,0.54,3.65,0.00,4.97,4.70,72.37,12.87,0.38,0.74,3.65,0.30,3.99,4.10,72.42,13.91,1.14,0.47,3.65,0.30
75017,2.26,0.49,85.61,0.79,9.10,1.50,0.25,0.00,2.37,0.76,80.47,0.82,12.79,2.21,0.31,0.26,3.06,0.39,77.88,0.00,15.58,2.65,0.25,0.19,3.04,0.51,77.24,0.00,16.07,2.80,0.30,0.04,3.01,0.48,78.22,0.00,14.91,3.04,0.29,0.04,3.33,0.21,77.45,0.02,15.62,2.95,0.30,0.10,2.98,0.51,82.17,0.20,10.79,2.89,0.30,0.15,2.59,0.37,83.80,0.11,10.33,2.25,0.30,0.24
76003,3.38,1.64,82.79,4.09,2.32,1.40,3.54,0.84,4.26,2.44,80.42,4.59,1.85,2.43,3.59,0.42,5.48,1.75,80.91,3.15,2.29,2.47,3.57,0.39,5.68,1.53,83.15,2.43,0.84,2.46,3.54,0.37,5.64,1.64,81.71,3.50,1.08,2.50,3.55,0.37,5.59,1.45,83.63,2.55,0.34,2.57,3.52,0.35,4.74,1.89,76.42,7.00,2.96,2.90,3.56,0.53,4.65,1.55,75.84,7.62,3.95,2.55,3.55,0.29
76005,2.14,1.73,79.80,11.41,2.82,0.63,0.03,1.44,3.10,1.91,76.22,13.44,2.56,1.17,0.06,1.53,4.33,1.11,74.79,14.92,1.86,1.51,0.05,1.43,4.55,1.24,75.68,14.89,0.69,1.39,0.06,1.50,4.69,1.18,74.90,15.42,0.71,1.40,0.05,1.65,4.56,0.92,74.61,16.48,0.41,1.50,0.04,1.48,4.20,1.28,66.31,21.16,3.12,1.68,0.06,2.20,3.84,1.03,74.74,14.48,3.96,1.44,0.05,0.47
76007,3.66,4.72,75.31,7.75,5.54,1.57,0.80,0.66,4.32,5.85,71.67,8.37,5.87,2.52,0.83,0.57,5.73,4.79,70.48,8.84,6.15,2.70,0.82,0.50,6.05,4.80,71.47,8.47,5.14,2.71,0.81,0.53,5.99,4.79,71.07,9.05,4.94,2.76,0.81,0.58,6.24,4.34,71.48,9.16,4.77,2.75,0.77,0.49,5.58,4.85,65.84,11.72,7.44,3.01,0.82,0.73,5.37,4.37,68.49,10.28,7.89,2.57,0.82,0.22
76008,4.92,19.69,55.00,16.87,2.47,0.71,0.18,0.16,5.15,23.88,52.17,15.17,1.99,1.23,0.17,0.25,6.01,23.13,49.90,16.89,2.37,1.31,0.17,0.23,7.07,23.20,49.70,16.15,1.98,1.37,0.17,0.36,6.64,23.15,51.12,15.63,1.62,1.38,0.17,0.31,6.93,21.86,52.50,15.26,1.74,1.44,0.14,0.12,6.04,23.18,50.42,16.23,2.20,1.57,0.17,0.19,5.78,22.03,50.11,17.33,3.12,1.26,0.16,0.21
76011,0.00,93.56,5.37,1.07,0.00,0.00,0.00,0.00,0.00,96.17,3.53,0.31,0.00,0.00,0.00,0.00,0.00,95.86,4.14,0.00,0.00,0.00,0.00,0.00,0.00,96.78,1.84,1.38,0.00,0.00,0.00,0.00,0.00,98.16,0.46,1.38,0.00,0.00,0.00,0.00,0.00,97.39,1.23,1.38,0.00,0.00,0.00,0.00,0.00,96.47,2.15,1.38,0.00,0.00,0.00,0.00,0.92,93.56,3.53,1.99,0.00,0.00,0.00,0.00
76014,1.09,0.00,76.83,20.27,0.27,0.80,0.00,0.74,1.05,0.20,77.03,20.20,0.09,1.00,0.02,0.42,2.09,0.10,74.33,21.65,0.00,1.21,0.01,0.61,2.41,0.12,73.36,22.41,0.00,1.17,0.01,0.52,2.11,0.13,73.96,22.07,0.00,1.21,0.01,0.51,1.78,0.15,73.52,22.59,0.00,1.30,0.01,0.65,1.56,0.31,59.40,36.59,0.12,1.49,0.01,0.52,1.28,0.17,73.48,22.87,0.46,1.32,0.01,0.40
77002,2.83,30.29,58.95,5.93,0.72,0.22,0.17,0.90,3.22,40.48,52.55,2.97,0.30,0.31,0.17,0.00,4.13,40.59,52.39,1.92,0.41,0.41,0.14,0.00,5.27,39.52,52.73,1.93,0.10,0.33,0.12,0.00,4.29,39.38,54.20,1.39,0.14,0.43,0.16,0.00,4.92,38.96,53.14,2.20,0.26,0.44,0.07,0.00,4.01,40.23,51.78,3.08,0.21,0.49,0.19,0.00,3.85,39.10,50.14,4.91,1.48,0.36,0.16,0.00
77003,4.17,29.51,56.24,9.07,0.60,0.19,0.09,0.14,3.68,35.88,52.30,7.32,0.46,0.25,0.10,0.01,5.58,34.70,51.22,7.16,0.94,0.38,0.02,0.00,5.78,34.36,52.22,6.64,0.41,0.35,0.01,0.22,4.99,34.98,53.27,5.96,0.34,0.34,0.05,0.07,6.87,32.49,53.32,6.71,0.05,0.37,0.00,0.18,4.90,34.74,55.51,3.86,0.43,0.41,0.13,0.01,5.70,32.38,51.78,7.63,2.05,0.33,0.11,0.02
77004,7.18,4.26,80.02,0.26,6.88,1.23,0.15,0.03,6.50,11.75,71.68,0.20,7.74,1.83,0.16,0.16,9.06,9.67,68.83,0.27,9.22,2.81,0.15,0.00,10.97,8.86,69.18,0.07,8.01,2.70,0.15,0.06,8.61,9.18,70.79,0.32,7.96,2.95,0.15,0.04,12.54,7.39,65.34,0.02,11.43,3.10,0.13,0.05,9.10,9.62,70.35,0.67,7.25,2.75,0.15,0.12,8.40,7.81,72.00,0.24,8.98,2.14,0.18,0.24
78003,4.66,20.65,64.16,4.33,5.06,0.63,0.31,0.21,4.29,27.59,58.63,2.69,4.93,1.47,0.33,0.06,6.71,25.99,59.94,1.30,4.31,1.46,0.30,0.00,7.30,25.38,61.06,0.72,3.85,1.37,0.29,0.01,6.67,25.66,61.00,0.73,4.04,1.57,0.31,0.02,8.10,24.31,59.39,1.00,5.63,1.37,0.20,0.00,6.77,25.72,58.85,2.02,4.87,1.40,0.31,0.07,6.29,24.52,59.91,2.08,5.74,1.14,0.31,0.02
78004,6.23,19.13,68.14,4.31,2.04,0.14,0.00,0.00,4.61,31.53,54.87,7.06,1.60,0.30,0.03,0.01,8.39,27.92,61.96,0.30,0.79,0.35,0.29,0.00,9.65,27.31,62.36,0.04,0.32,0.29,0.02,0.00,7.46,28.77,62.37,0.63,0.39,0.36,0.02,0.00,11.33,25.98,61.72,0.01,0.55,0.38,0.02,0.00,8.13,28.43,59.58,2.48,0.99,0.37,0.02,0.00,8.36,27.24,59.54,1.57,3.03,0.25,0.02,0.00
78006,2.97,32.28,49.77,13.29,0.82,0.38,0.15,0.34,2.57,39.10,51.85,4.94,0.07,1.18,0.17,0.12,4.54,37.68,53.81,2.62,0.19,1.02,0.14,0.00,5.14,36.82,54.36,2.40,0.24,0.86,0.14,0.05,4.36,37.58,54.36,2.22,0.00,1.27,0.14,0.08,4.02,37.07,54.44,2.84,0.82,0.81,0.01,0.00,4.83,37.33,52.48,3.13,0.66,1.13,0.14,0.31,3.81,36.00,53.64,4.50,0.89,0.94,0.14,0.07
79002,3.50,9.52,73.74,9.56,1.79,0.48,0.23,1.18,3.24,14.60,68.96,8.81,2.15,0.75,0.24,1.25,4.64,13.90,72.18,5.60,1.13,0.78,0.07,1.70,4.90,13.57,75.85,2.22,0.97,0.74,0.15,1.60,4.88,13.64,74.52,3.49,0.90,0.77,0.13,1.68,5.07,12.76,77.75,1.19,0.42,0.79,0.12,1.89,4.93,13.54,75.64,2.13,0.91,0.89,0.21,1.76,4.32,12.84,73.67,5.62,1.85,0.71,0.21,0.77
79003,0.33,15.82,66.12,14.55,0.15,0.56,0.45,2.02,0.35,21.70,51.86,18.40,1.33,0.91,0.61,4.84,0.71,22.57,55.72,11.82,0.04,0.99,0.16,8.00,1.34,21.73,62.84,6.09,0.04,0.88,0.45,6.62,1.10,22.10,56.96,11.35,0.03,0.91,0.44,7.12,1.14,20.68,66.60,2.91,0.00,0.88,0.44,7.36,1.16,21.43,63.75,5.49,0.00,0.99,0.44,6.74,0.99,20.39,66.51,6.53,1.41,0.82,0.44,2.91
79004,2.63,12.51,72.53,11.80,0.38,0.04,0.02,0.08,2.46,16.61,79.52,1.13,0.10,0.16,0.02,0.00,3.96,15.94,78.29,1.49,0.01,0.18,0.02,0.12,3.74,15.91,79.24,0.96,0.00,0.12,0.02,0.00,3.77,15.73,79.24,1.07,0.00,0.16,0.02,0.01,4.04,14.68,79.07,2.01,0.00,0.19,0.01,0.00,3.57,16.04,78.99,0.96,0.00,0.25,0.02,0.17,3.34,14.45,77.90,3.98,0.13,0.19,0.02,0.00
79005,3.94,15.52,75.60,2.08,2.35,0.17,0.25,0.09,4.12,22.33,65.59,4.28,2.87,0.46,0.26,0.09,5.81,20.98,64.18,5.90,2.35,0.49,0.28,0.00,6.19,20.68,65.06,5.10,2.11,0.58,0.28,0.00,6.15,21.25,65.66,4.62,1.60,0.47,0.25,0.00,6.01,21.68,67.15,3.95,0.54,0.43,0.24,0.00,5.08,22.81,63.49,6.50,1.19,0.57,0.38,0.00,4.83,20.71,59.38,11.33,2.90,0.48,0.28,0.09
79006,2.11,8.83,74.98,11.07,0.34,0.55,0.17,1.94,1.83,14.91,66.40,12.99,0.81,0.71,0.22,2.12,2.50,14.72,73.31,5.75,0.08,0.75,0.05,2.86,2.82,14.49,75.69,3.38,0.05,0.71,0.15,2.71,2.66,14.61,74.02,4.97,0.03,0.71,0.14,2.85,2.69,13.66,78.23,1.31,0.00,0.76,0.14,3.20,2.83,14.55,76.12,2.50,0.09,0.84,0.15,2.92,2.23,14.07,73.83,6.88,0.88,0.65,0.16,1.30
80001,4.03,15.40,75.39,0.13,3.97,0.36,0.73,0.00,4.50,22.07,66.39,0.08,5.40,0.81,0.75,0.01,5.06,22.07,68.15,1.73,1.49,0.90,0.60,0.00,5.56,21.75,69.89,0.50,0.81,0.82,0.69,0.00,5.40,21.82,68.90,0.31,2.06,0.83,0.69,0.00,5.33,21.54,68.54,1.87,1.15,0.89,0.69,0.00,5.18,21.87,61.81,7.32,2.13,0.95,0.74,0.00,4.79,21.16,57.75,11.07,3.70,0.78,0.73,0.01
80002,3.50,33.88,54.83,4.57,0.72,0.16,2.29,0.05,2.69,42.65,47.41,4.23,0.49,0.17,2.35,0.00,5.21,41.79,46.95,3.67,0.04,0.08,2.25,0.00,4.51,41.37,46.66,4.92,0.02,0.20,2.29,0.01,4.61,41.78,48.12,2.93,0.07,0.24,2.25,0.01,5.24,41.16,45.44,5.85,0.01,0.29,2.02,0.00,4.68,41.76,44.30,6.46,0.09,0.31,2.35,0.05,4.44,39.51,40.23,11.74,1.56,0.26,2.28,0.00
80003,0.00,12.94,54.53,32.45,0.00,0.00,0.09,0.00,0.00,18.29,79.40,2.05,0.00,0.00,0.26,0.00,0.65,18.64,80.18,0.35,0.00,0.00,0.17,0.00,0.35,18.82,80.84,0.00,0.00,0.00,0.00,0.00,0.00,19.25,80.49,0.17,0.00,0.00,0.09,0.00,0.00,18.73,81.18,0.00,0.00,0.00,0.09,0.00,0.00,19.38,80.53,0.00,0.00,0.00,0.09,0.00,0.00,14.63,84.23,1.05,0.00,0.00,0.09,0.00
80004,0.00,65.62,30.68,3.69,0.00,0.00,0.00,0.00,0.00,67.52,32.48,0.00,0.00,0.00,0.00,0.00,0.00,67.33,32.67,0.00,0.00,0.00,0.00,0.00,0.00,67.33,32.67,0.00,0.00,0.00,0.00,0.00,0.00,67.33,32.67,0.00,0.00,0.00,0.00,0.00,0.00,67.33,32.67,0.00,0.00,0.00,0.00,0.00,0.00,67.33,32.67,0.00,0.00,0.00,0.00,0.00,0.00,53.60,46.40,0.00,0.00,0.00,0.00,0.00
80005,0.00,0.00,87.79,12.21,0.00,0.00,0.00,0.00,0.00,0.00,99.88,0.12,0.00,0.00,0.00,0.00,0.00,0.00,100.00,0.00,0.00,0.00,0.00,0.00,0.00,0.00,100.00,0.00,0.00,0.00,0.00,0.00,0.00,0.00,100.00,0.00,0.00,0.00,0.00,0.00,0.00,0.00,100.00,0.00,0.00,0.00,0.00,0.00,0.00,0.00,100.00,0.00,0.00,0.00,0.00,0.00,0.00,0.00,99.88,0.12,0.00,0.00,0.00,0.00
80006,0.00,20.74,56.31,16.57,0.00,0.00,6.38,0.00,0.00,26.84,64.39,2.37,0.00,0.00,6.39,0.00,0.24,27.08,65.11,1.02,0.00,0.00,6.55,0.00,0.13,26.96,65.59,0.89,0.00,0.00,6.44,0.00,0.00,27.16,65.51,0.95,0.00,0.00,6.38,0.00,0.00,27.04,66.38,0.29,0.00,0.00,6.30,0.00,0.00,27.21,65.39,1.10,0.00,0.00,6.30,0.00,0.00,21.93,69.58,2.19,0.00,0.00,6.30,0.00
8004,1.62,7.99,16.99,67.45,0.22,0.04,0.21,5.48,2.35,9.08,17.61,61.87,0.21,0.11,0.27,8.52,1.19,10.65,23.03,54.42,0.00,0.03,0.00,10.68,2.00,9.31,18.32,60.97,0.00,0.07,0.16,9.17,2.11,9.05,18.17,61.29,0.00,0.06,0.06,9.27,1.56,9.06,18.17,60.79,0.01,0.08,0.11,10.18,1.35,9.91,17.46,61.27,0.06,0.09,0.22,9.64,2.00,9.12,16.25,66.24,0.43,0.15,0.28,5.53
8005,1.63,10.26,18.03,62.99,0.01,0.12,0.94,6.03,2.97,12.24,17.04,53.02,0.06,0.36,0.94,13.36,2.20,13.59,12.55,56.30,0.00,0.45,0.17,14.74,3.80,12.11,13.87,55.62,0.00,0.44,0.91,13.25,3.08,12.36,13.71,51.28,0.00,0.51,0.84,18.23,3.66,12.35,12.53,52.97,0.00,0.48,0.88,17.12,3.33,13.10,10.94,57.74,0.02,0.57,0.94,13.37,2.88,12.02,19.93,59.69,0.24,0.47,0.98,3.79
8006,2.68,12.50,19.84,59.62,0.66,0.16,0.64,3.91,3.37,15.65,19.40,51.99,0.69,0.43,0.64,7.82,3.34,16.62,21.66,48.98,0.05,0.44,0.08,8.82,4.12,15.49,18.70,52.66,0.09,0.45,0.61,7.88,3.86,15.42,18.41,51.11,0.14,0.49,0.56,10.02,3.88,16.07,17.68,51.17,0.34,0.52,0.43,9.89,3.79,16.31,16.24,53.97,0.42,0.59,0.63,8.05,3.47,15.47,19.46,56.36,1.24,0.54,0.66,2.80
8009,0.67,10.52,11.17,77.40,0.06,0.01,0.07,0.10,0.78,15.42,11.61,70.64,0.21,0.16,0.05,1.14,0.58,16.92,19.25,62.63,0.00,0.18,0.03,0.40,1.24,14.63,10.77,72.65,0.00,0.19,0.06,0.46,1.27,13.85,10.62,73.93,0.00,0.18,0.07,0.07,1.16,16.56,9.44,70.97,0.00,0.27,0.06,1.54,1.53,16.66,7.77,73.33,0.00,0.31,0.07,0.32,1.35,14.52,8.60,74.44,0.73,0.24,0.06,0.04
8011,0.94,10.02,30.51,58.09,0.42,0.02,0.00,0.00,1.85,10.76,32.19,54.66,0.41,0.13,0.00,0.00,0.64,12.51,42.26,44.57,0.00,0.01,0.00,0.00,1.51,11.10,32.96,54.36,0.00,0.06,0.00,0.00,1.43,10.50,33.56,54.48,0.00,0.03,0.00,0.00,0.94,10.52,33.44,55.02,0.00,0.08,0.00,0.00,0.59,11.71,32.52,55.07,0.00,0.11,0.00,0.00,1.06,10.68,30.76,56.55,0.69,0.27,0.00,0.00
8013,0.05,11.98,3.27,75.54,0.00,0.00,0.05,9.10,0.28,13.40,2.86,70.47,0.00,0.02,0.03,12.94,0.21,11.48,3.84,55.26,0.00,0.02,0.00,29.19,0.65,12.84,2.62,67.24,0.00,0.01,0.03,16.62,0.46,12.45,2.51,55.45,0.00,0.01,0.03,29.08,0.88,12.98,1.98,67.45,0.00,0.03,0.03,16.66,0.49,14.22,1.59,67.25,0.03,0.20,0.04,16.18,0.43,12.94,5.94,74.64,0.25,0.06,0.04,5.70
81002,5.59,45.90,34.51,12.42,0.33,0.29,0.96,0.01,4.27,54.99,26.65,12.29,0.46,0.37,0.96,0.01,5.60,54.25,27.59,11.24,0.03,0.39,0.91,0.00,5.57,53.61,28.14,11.14,0.23,0.40,0.91,0.00,5.96,53.33,28.48,10.85,0.04,0.40,0.93,0.01,8.07,51.80,27.94,10.96,0.00,0.41,0.82,0.00,8.71,51.39,27.60,10.64,0.27,0.44,0.95,0.00,8.67,49.10,27.11,13.03,0.74,0.37,0.97,0.00
81003,1.86,9.71,21.44,66.39,0.17,0.05,0.38,0.00,1.17,15.90,17.88,64.02,0.54,0.04,0.46,0.00,1.52,15.52,14.69,67.81,0.00,0.09,0.38,0.00,1.39,15.33,11.64,70.99,0.14,0.13,0.38,0.00,1.66,15.41,12.82,69.55,0.00,0.18,0.38,0.00,2.29,14.88,15.96,66.25,0.07,0.17,0.38,0.00,2.42,14.72,15.94,66.38,0.00,0.16,0.38,0.00,2.15,14.64,24.03,58.25,0.41,0.12,0.41,0.00
81004,5.94,32.23,32.59,27.44,0.36,0.10,1.32,0.01,3.01,38.91,21.19,33.87,1.61,0.13,1.27,0.00,4.37,38.15,19.72,36.16,0.21,0.13,1.25,0.00,4.07,37.71,19.78,36.49,0.50,0.19,1.26,0.00,4.11,37.99,20.05,36.05,0.27,0.25,1.25,0.01,7.60,32.53,20.01,38.02,0.33,0.30,1.21,0.00,7.56,34.44,20.03,35.79,0.54,0.34,1.30,0.00,8.04,30.51,22.79,35.26,1.91,0.19,1.30,0.00
81006,2.67,44.37,43.31,8.36,0.08,0.00,1.21,0.00,2.15,48.21,40.64,7.69,0.01,0.02,1.24,0.02,3.62,46.92,45.26,2.99,0.00,0.02,1.19,0.00,3.99,46.18,45.30,3.33,0.00,0.02,1.18,0.01,4.01,46.32,45.39,3.03,0.00,0.01,1.23,0.01,6.36,43.86,44.83,3.75,0.00,0.02,1.18,0.00,6.46,44.23,45.06,3.01,0.00,0.03,1.21,0.00,7.02,42.35,41.15,8.00,0.25,0.04,1.20,0.00
81007,6.70,35.39,46.26,11.19,0.16,0.01,0.22,0.07,3.50,44.68,38.84,10.44,2.31,0.00,0.22,0.00,5.57,45.70,28.42,19.84,0.18,0.07,0.22,0.00,4.68,44.54,28.41,21.81,0.26,0.07,0.22,0.00,6.04,44.22,39.67,9.65,0.13,0.07,0.22,0.00,5.71,43.04,26.77,24.13,0.00,0.13,0.22,0.00,5.17,43.57,26.52,24.37,0.08,0.08,0.22,0.00,5.08,40.20,27.68,24.33,2.43,0.06,0.22,0.00
82001,7.28,17.23,61.00,9.25,2.92,0.85,1.46,0.01,5.78,25.35,54.33,7.97,4.10,0.97,1.49,0.02,7.85,24.20,54.62,8.24,2.53,1.13,1.43,0.00,8.13,23.67,53.04,9.79,2.63,1.19,1.45,0.09,7.72,23.70,56.02,7.97,2.02,1.08,1.42,0.06,9.05,23.31,56.01,7.45,1.47,1.24,1.46,0.01,9.09,22.96,50.82,10.85,3.33,1.36,1.47,0.11,7.88,22.82,53.96,8.57,4.16,1.15,1.46,0.01
82003,5.48,21.94,45.70,25.96,0.40,0.18,0.24,0.10,3.68,39.82,30.92,24.39,0.60,0.26,0.24,0.09,5.12,37.70,32.52,23.66,0.27,0.49,0.23,0.00,5.17,37.61,33.18,23.12,0.22,0.47,0.23,0.00,5.18,37.64,34.71,21.71,0.13,0.39,0.15,0.09,5.72,37.59,31.31,24.76,0.03,0.35,0.23,0.00,6.31,37.22,29.60,26.06,0.05,0.51,0.24,0.00,5.47,37.01,32.76,23.60,0.48,0.36,0.24,0.08
83003,2.04,5.43,60.36,30.03,0.69,0.79,0.43,0.25,2.62,5.74,77.57,11.49,0.61,0.78,0.17,1.02,3.42,6.80,70.86,15.61,0.00,0.86,0.14,2.31,3.51,6.17,66.08,20.45,0.26,0.89,0.17,2.46,3.41,6.40,66.55,20.74,0.30,0.82,0.17,1.62,3.29,5.90,64.44,21.53,0.23,0.99,0.14,3.47,3.46,6.73,48.05,37.28,0.41,1.03,0.19,2.87,2.93,5.66,49.01,39.73,0.89,0.80,0.16,0.81
83004,2.29,12.91,61.32,19.54,1.35,1.78,0.07,0.75,2.58,18.67,60.36,10.01,1.60,2.35,0.29,4.14,3.85,18.52,55.89,13.10,0.03,2.54,0.11,5.97,4.09,18.34,58.26,11.64,0.13,2.44,0.24,4.86,3.94,18.30,54.73,13.95,0.05,2.61,0.09,6.35,4.12,17.50,56.32,12.15,0.02,2.65,0.09,7.16,4.23,18.20,51.83,16.18,0.17,2.79,0.15,6.47,3.41,17.64,48.16,22.64,1.85,2.48,0.12,3.70
83006,3.11,7.89,65.46,17.65,3.65,1.56,0.19,0.49,3.67,10.74,68.15,8.71,4.52,2.03,0.26,1.93,5.08,10.93,65.48,10.89,2.21,2.40,0.15,2.86,5.17,10.96,65.14,11.31,2.37,2.28,0.27,2.50,5.21,11.11,63.79,12.14,2.36,2.40,0.15,2.84,5.20,10.33,63.57,12.05,2.46,2.47,0.15,3.76,5.25,10.90,56.32,18.44,2.84,2.64,0.20,3.41,4.42,10.50,55.92,21.08,3.96,2.18,0.17,1.77
83007,7.18,0.48,81.64,2.72,5.90,1.47,0.56,0.06,8.01,0.73,78.60,4.32,5.77,2.27,0.30,0.00,9.86,0.18,82.56,1.86,2.89,2.38,0.26,0.00,10.21,0.18,81.53,2.89,2.58,2.34,0.26,0.00,8.32,0.31,85.82,2.80,0.45,2.03,0.26,0.00,10.60,0.12,81.01,4.44,0.83,2.75,0.26,0.00,10.11,0.23,77.57,5.46,3.17,2.89,0.56,0.01,9.19,0.34,81.07,4.90,2.27,1.94,0.29,0.00
83009,5.46,0.64,60.02,24.34,3.37,5.15,0.98,0.03,5.61,2.92,63.90,16.73,4.04,5.81,0.99,0.00,8.41,2.76,55.81,22.93,3.22,6.04,0.83,0.00,8.33,2.53,56.58,23.56,1.93,6.06,0.95,0.06,5.69,2.47,60.63,24.52,0.32,5.36,0.95,0.06,7.58,2.12,58.89,23.58,0.61,6.31,0.87,0.04,7.42,2.53,57.03,22.28,3.34,6.49,0.76,0.15,7.19,2.35,62.59,19.68,2.22,4.98,0.76,0.22
83010,2.53,17.72,52.28,24.89,0.63,1.89,0.00,0.07,2.86,26.31,46.23,19.32,2.91,2.35,0.02,0.00,3.86,27.09,44.13,21.06,0.10,2.64,0.00,1.13,4.25,26.52,45.97,20.22,0.28,2.38,0.02,0.35,4.28,27.59,43.90,20.30,1.03,2.35,0.02,0.55,3.39,21.16,44.70,26.27,0.65,2.44,0.00,1.40,3.37,26.59,43.28,22.56,1.04,2.93,0.00,0.23,2.97,18.99,44.17,29.91,1.62,2.31,0.00,0.04
83013,2.91,8.82,67.33,12.65,4.77,3.47,0.01,0.04,3.41,12.92,63.21,10.20,6.05,4.14,0.06,0.00,4.61,13.71,64.48,11.16,1.06,4.52,0.00,0.46,5.06,13.59,63.99,10.74,2.11,4.34,0.04,0.13,5.07,13.90,63.84,10.56,1.80,4.53,0.03,0.26,4.47,11.49,63.93,13.33,1.74,4.40,0.02,0.61,4.43,13.64,62.23,12.21,2.69,4.67,0.03,0.10,3.92,10.43,63.53,15.45,2.67,3.96,0.03,0.01
84001,8.81,2.77,51.48,7.15,13.87,14.19,1.09,0.63,12.88,3.90,46.91,7.60,10.28,16.71,1.26,0.46,17.64,3.03,40.29,6.21,14.91,17.03,0.90,0.00,17.76,3.10,41.84,7.35,12.33,16.24,0.99,0.40,16.76,3.31,46.14,4.04,10.92,17.49,0.99,0.34,17.60,3.36,43.26,8.23,8.72,17.44,1.08,0.32,16.35,3.26,42.25,8.47,10.90,17.21,1.13,0.43,13.08,3.57,44.48,10.34,11.27,15.65,1.12,0.48
84004,1.01,5.96,64.87,22.70,4.23,0.37,0.59,0.27,1.38,10.55,66.11,16.89,3.18,0.86,0.65,0.37,1.35,10.82,68.58,15.40,2.61,0.76,0.46,0.02,1.13,10.58,75.04,9.56,2.15,0.53,0.55,0.46,1.10,10.75,74.47,10.25,1.83,0.54,0.53,0.54,1.42,9.74,81.21,5.32,0.52,0.64,0.32,0.84,1.11,10.11,77.23,6.59,0.39,0.69,0.61,3.26,1.05,9.49,71.63,12.20,4.05,0.63,0.56,0.39
84005,3.30,7.04,62.29,17.60,4.98,3.80,0.51,0.49,3.81,13.49,59.57,12.46,4.73,4.67,0.56,0.71,4.47,13.81,63.23,10.95,1.71,4.61,0.29,0.92,4.45,13.52,65.41,8.53,2.26,4.33,0.40,1.12,4.80,13.69,64.73,8.91,1.71,4.39,0.38,1.39,4.65,12.13,68.94,6.71,0.71,4.41,0.26,2.18,4.26,13.37,64.87,8.30,1.17,4.58,0.48,2.95,4.00,12.13,61.70,12.18,4.58,4.32,0.46,0.64
84008,5.87,1.48,58.96,12.43,7.03,13.62,0.22,0.40,6.52,5.50,51.82,11.80,6.34,16.80,0.08,1.14,8.42,4.91,55.84,11.93,0.45,17.55,0.00,0.89,9.03,5.06,51.62,12.11,5.40,16.38,0.08,0.32,9.22,4.92,53.72,10.85,3.47,16.82,0.08,0.92,9.11,4.37,55.16,10.36,1.85,17.21,0.07,1.87,8.89,4.95,50.27,12.25,3.08,17.28,0.07,3.22,8.72,4.61,54.85,9.73,6.30,15.67,0.07,0.06
84009,2.78,17.33,59.29,16.97,1.33,1.92,0.26,0.12,3.70,19.95,53.96,14.85,4.13,2.82,0.42,0.18,3.92,22.10,66.35,3.77,0.32,2.78,0.25,0.50,4.30,21.81,59.60,9.49,0.51,2.87,0.40,1.02,4.54,21.96,58.07,10.20,0.48,2.83,0.37,1.54,3.80,20.63,66.46,4.25,0.00,2.96,0.25,1.65,4.38,22.11,55.41,13.42,0.00,2.98,0.40,1.30,4.00,19.87,52.60,18.80,1.55,2.66,0.40,0.12
84012,5.18,0.62,56.61,7.49,3.05,25.15,1.78,0.12,6.79,4.44,49.97,4.97,3.40,28.39,1.79,0.26,8.03,4.50,47.71,6.59,0.09,30.94,1.53,0.62,9.46,4.41,46.80,5.65,3.12,28.33,1.75,0.46,8.58,4.57,48.48,4.73,2.09,29.28,1.73,0.53,8.05,4.03,47.11,7.61,2.05,28.87,1.74,0.54,7.29,4.49,47.12,6.53,2.15,29.38,1.75,1.29,7.04,3.75,50.19,6.41,3.19,27.61,1.49,0.32
84013,3.72,6.37,60.15,17.04,5.53,6.00,0.63,0.57,4.38,12.44,57.27,12.18,4.96,7.37,0.68,0.72,5.28,12.71,60.78,10.92,1.63,7.38,0.38,0.93,5.28,12.46,62.28,8.73,2.74,6.89,0.53,1.09,5.66,12.63,61.86,8.99,1.87,7.13,0.50,1.37,5.53,11.18,65.71,7.01,0.93,7.05,0.40,2.20,5.02,12.36,61.65,8.51,1.71,7.21,0.61,2.94,4.70,11.26,58.99,11.92,5.05,6.80,0.58,0.69
84014,2.06,9.35,59.47,23.45,3.00,2.17,0.18,0.31,2.12,21.75,51.60,13.45,7.41,3.19,0.21,0.26,2.61,22.51,54.63,14.88,0.78,3.24,0.15,1.19,2.90,21.65,56.78,13.59,1.05,3.12,0.18,0.74,3.27,22.02,54.20,14.93,1.37,3.21,0.16,0.85,2.82,18.90,56.40,16.09,0.22,3.25,0.15,2.17,2.59,21.62,55.26,14.70,0.65,3.36,0.16,1.64,2.55,17.87,55.67,17.07,3.00,3.25,0.16,0.43
84016,8.57,0.22,58.15,9.64,9.36,11.91,0.24,1.91,15.68,5.89,46.11,7.17,7.77,14.48,0.28,2.62,25.78,2.20,39.09,13.70,3.82,15.38,0.03,0.00,27.07,3.13,46.88,6.56,0.76,12.78,0.23,2.57,22.93,3.72,48.81,6.40,0.74,14.60,0.22,2.57,24.76,3.91,46.98,6.44,0.27,14.68,0.19,2.77,27.30,2.34,42.93,7.56,2.28,13.94,0.28,3.36,19.10,3.37,44.08,9.23,11.84,12.13,0.23,0.01
84017,6.04,1.26,53.33,28.86,1.95,3.98,4.29,0.29,7.20,1.18,53.70,25.46,3.61,4.68,4.05,0.11,9.73,1.19,51.09,28.44,0.95,4.62,3.98,0.00,8.59,0.96,48.38,32.07,0.78,5.22,4.00,0.00,8.15,1.01,51.41,28.74,1.58,5.02,3.97,0.11,8.56,0.88,49.43,30.71,0.90,5.33,3.99,0.18,7.59,1.03,46.82,31.70,3.08,5.76,4.01,0.00,6.42,0.97,51.44,30.48,1.90,4.40,4.01,0.39
84018,1.11,6.42,65.94,21.05,3.94,0.50,0.58,0.45,1.55,12.72,65.98,14.20,3.18,0.93,0.61,0.83,1.57,12.97,68.92,12.48,2.39,0.84,0.38,0.45,1.28,12.83,73.61,7.97,2.09,0.62,0.49,1.11,1.29,12.93,72.90,8.60,1.78,0.64,0.47,1.39,1.53,11.57,79.07,4.53,0.54,0.70,0.27,1.80,1.33,12.42,74.64,6.12,0.40,0.76,0.55,3.79,1.19,11.73,68.95,11.88,4.36,0.72,0.51,0.66
84019,7.27,0.58,37.50,13.79,10.46,26.51,2.16,1.74,9.28,3.20,34.30,10.31,7.38,32.36,2.29,0.88,12.39,3.27,35.91,11.52,1.26,32.76,1.72,1.17,12.81,3.42,32.72,11.17,6.40,30.12,2.15,1.19,12.81,3.62,33.79,10.46,3.18,32.47,2.14,1.52,13.16,3.04,34.09,10.43,3.06,31.18,2.14,2.89,11.62,3.84,30.75,10.76,6.64,31.23,2.15,3.01,10.28,4.22,29.93,11.00,10.97,29.67,2.14,1.78
84020,6.93,3.25,74.79,7.22,4.27,3.05,0.18,0.32,6.14,4.77,64.94,17.73,2.86,3.37,0.19,0.00,9.15,4.42,68.57,12.23,2.02,3.45,0.15,0.00,8.93,4.36,63.97,18.28,1.08,3.23,0.15,0.00,7.94,4.38,73.20,9.86,1.18,3.34,0.11,0.00,8.34,4.42,67.88,14.62,0.72,3.81,0.15,0.06,8.80,4.51,66.13,15.50,1.25,3.62,0.15,0.04,6.78,4.29,61.96,22.25,1.35,3.24,0.13,0.00
84022,0.28,8.24,74.52,16.70,0.00,0.06,0.00,0.20,0.38,16.74,65.92,16.21,0.22,0.16,0.00,0.38,0.14,16.89,71.86,10.97,0.01,0.13,0.00,0.00,0.05,16.84,72.42,10.22,0.00,0.02,0.00,0.44,0.01,16.83,75.22,7.42,0.00,0.05,0.00,0.46,0.12,16.15,76.14,6.94,0.00,0.06,0.00,0.59,0.05,16.99,79.85,2.16,0.00,0.11,0.00,0.83,0.06,15.85,78.43,4.62,0.51,0.10,0.00,0.44
84026,11.69,17.62,31.99,27.55,0.15,8.81,2.19,0.00,17.01,16.30,37.22,16.73,0.59,9.59,2.57,0.00,23.61,14.49,30.18,17.98,1.09,10.41,2.23,0.00,21.85,14.88,28.51,21.56,0.76,10.17,1.06,1.22,18.66,16.33,42.73,8.19,2.63,9.77,1.53,0.15,20.99,16.30,27.65,22.06,0.17,10.46,2.23,0.14,19.60,16.82,21.40,29.12,0.20,10.55,2.30,0.02,17.89,19.26,24.78,17.44,8.78,9.58,2.28,0.00
84030,1.71,0.84,69.11,11.54,3.03,12.45,1.29,0.03,3.08,9.18,57.55,8.28,3.70,16.47,1.36,0.38,3.84,8.85,55.05,12.50,0.00,17.59,1.23,0.95,4.54,8.97,57.41,9.11,1.60,16.29,1.30,0.78,4.17,9.14,59.02,7.89,1.09,16.58,1.30,0.80,3.76,8.11,55.83,12.39,1.15,16.66,1.30,0.82,3.71,8.97,55.39,9.92,1.99,16.83,1.30,1.89,3.85,7.69,57.44,9.28,3.93,16.03,1.30,0.48
85001,8.68,5.28,49.92,23.33,1.37,1.05,9.91,0.47,9.14,7.53,52.04,17.81,1.29,1.22,9.96,1.00,11.68,7.55,49.47,16.76,2.20,1.26,9.90,1.17,11.35,7.57,48.29,17.84,2.52,1.29,9.80,1.33,10.94,7.27,53.35,13.81,2.20,1.26,9.89,1.28,10.88,6.86,48.79,18.51,2.29,1.33,9.92,1.41,10.70,6.33,48.86,20.06,1.29,1.41,9.90,1.44,9.53,5.58,51.92,20.78,1.13,1.10,9.89,0.07
85002,8.23,7.38,54.99,24.91,2.84,1.07,0.45,0.12,8.25,9.37,53.59,23.92,2.72,1.69,0.46,0.00,11.77,8.87,52.04,21.27,3.74,1.88,0.42,0.00,11.62,8.77,46.64,25.20,5.49,1.84,0.23,0.21,10.34,8.72,60.50,14.81,3.44,1.76,0.42,0.00,10.29,8.18,49.60,26.41,3.07,1.93,0.45,0.08,10.27,7.79,51.02,26.00,2.38,2.03,0.46,0.04,9.31,7.41,49.48,29.67,2.13,1.54,0.46,0.00
85003,1.12,1.72,86.13,8.18,0.03,0.05,0.21,2.58,1.48,3.26,81.62,5.31,0.67,0.02,0.21,7.44,1.57,3.96,80.61,4.73,0.16,0.01,0.16,8.80,1.60,4.41,79.13,4.80,0.38,0.06,0.02,9.61,1.49,3.81,82.32,3.25,0.08,0.04,0.18,8.85,1.79,2.88,79.23,5.00,0.03,0.04,0.21,10.82,1.73,2.88,76.14,7.78,0.00,0.05,0.21,11.23,1.82,1.37,87.18,9.25,0.01,0.03,0.21,0.15
85004,3.25,0.00,81.70,15.02,0.00,0.03,0.00,0.00,4.45,0.02,85.54,10.00,0.00,0.00,0.00,0.00,4.43,0.10,78.65,16.65,0.06,0.02,0.00,0.08,4.64,0.10,77.57,17.66,0.00,0.04,0.00,0.00,5.07,1.25,77.05,14.82,0.00,0.04,0.00,1.77,4.26,0.10,78.03,17.57,0.00,0.04,0.00,0.00,4.88,0.05,78.98,16.07,0.00,0.02,0.00,0.00,2.83,0.00,80.67,16.47,0.02,0.00,0.00,0.00
88001,4.29,34.99,6.91,53.31,0.20,0.13,0.17,0.00,3.10,72.81,5.26,18.29,0.18,0.17,0.17,0.00,4.37,72.85,9.58,12.86,0.08,0.10,0.17,0.00,4.95,71.97,9.50,13.24,0.08,0.11,0.15,0.00,6.14,70.85,10.55,11.95,0.23,0.10,0.17,0.00,7.98,70.25,9.12,12.19,0.24,0.05,0.17,0.00,5.77,72.48,9.93,11.58,0.00,0.08,0.17,0.00,6.92,67.09,11.64,14.11,0.00,0.08,0.17,0.00
89002,0.12,0.10,84.34,9.05,0.02,0.01,0.88,5.49,0.03,9.04,73.92,6.13,0.00,0.00,0.80,10.08,0.21,9.04,58.67,6.08,0.00,0.00,0.88,25.11,0.00,10.20,62.08,4.61,0.00,0.00,0.90,22.22,0.03,10.22,72.76,4.15,0.00,0.00,0.79,12.06,1.36,7.97,70.47,4.13,0.00,0.00,0.88,15.18,0.27,9.02,65.46,2.91,0.07,0.00,0.90,21.37,0.34,8.77,83.70,4.08,0.07,0.00,0.90,2.14
89003,0.86,6.61,70.73,16.74,0.04,0.07,1.36,3.57,0.43,14.09,66.96,10.53,0.67,0.01,1.43,5.87,0.62,15.15,66.29,4.41,0.05,0.03,1.37,12.08,0.39,15.53,67.47,3.76,0.43,0.05,1.43,10.94,0.51,15.73,67.52,5.67,0.02,0.02,1.39,9.12,1.59,13.18,71.30,2.91,0.04,0.03,1.28,9.67,1.59,14.12,67.60,4.15,0.15,0.04,1.40,10.93,1.58,12.77,73.83,8.88,0.41,0.03,1.43,1.05
89005,1.28,30.40,58.47,6.60,0.04,0.03,0.33,2.85,1.47,43.17,49.00,3.29,0.05,0.03,0.33,2.66,2.28,42.86,45.84,2.68,0.00,0.00,0.33,6.01,2.24,41.37,47.45,2.48,0.04,0.01,0.33,6.07,2.42,42.72,44.96,3.42,0.00,0.00,0.33,6.14,5.21,39.66,44.72,2.33,0.00,0.04,0.33,7.71,3.96,41.85,45.25,2.28,0.00,0.10,0.38,6.20,4.15,38.47,54.81,1.23,0.73,0.02,0.33,0.26
89007,0.11,68.63,19.37,10.03,0.00,0.00,1.86,0.00,0.14,70.75,18.40,8.81,0.00,0.00,1.90,0.00,0.62,70.05,15.36,12.07,0.00,0.00,1.90,0.00,0.80,70.29,15.83,11.19,0.00,0.00,1.90,0.00,0.62,70.15,12.70,14.68,0.00,0.00,1.80,0.05,0.98,70.01,24.10,2.98,0.00,0.00,1.93,0.00,0.83,69.86,15.89,11.52,0.00,0.00,1.90,0.00,1.00,68.09,10.64,18.34,0.00,0.00,1.93,0.00
90003,3.10,6.33,58.23,12.92,0.26,0.49,0.00,18.66,2.80,7.03,54.41,17.03,0.30,0.30,0.00,18.13,4.00,6.98,45.28,14.22,0.06,0.21,0.00,29.26,3.84,6.58,47.26,15.99,0.00,0.30,0.02,26.02,5.17,5.87,50.03,13.08,0.00,0.20,0.00,25.66,6.95,4.20,46.80,14.23,0.01,0.42,0.00,27.38,5.86,4.60,48.10,10.84,0.00,0.61,0.02,29.97,7.77,2.89,61.28,13.96,0.46,0.37,0.01,13.25
9002,2.77,13.01,45.55,19.80,18.39,0.41,0.06,0.01,3.35,18.88,42.50,17.25,17.22,0.74,0.06,0.00,4.21,19.25,48.57,13.89,13.12,0.87,0.10,0.00,5.18,18.44,44.51,16.35,14.41,0.99,0.12,0.00,5.12,18.56,46.31,16.27,12.74,0.95,0.05,0.00,5.87,18.25,46.00,15.84,12.90,1.15,0.00,0.00,5.96,17.94,44.11,16.94,13.88,1.14,0.03,0.00,5.28,17.57,41.41,16.89,17.67,1.02,0.14,0.02
9003,3.15,22.36,51.11,8.98,13.30,0.91,0.12,0.06,3.16,25.75,49.64,7.77,12.00,1.57,0.11,0.00,4.00,26.53,62.67,2.94,2.43,1.42,0.00,0.00,4.24,27.63,54.59,4.35,7.34,1.81,0.04,0.00,3.94,27.40,58.38,4.57,3.90,1.73,0.09,0.00,4.58,27.34,57.75,4.19,4.11,2.02,0.00,0.00,4.96,26.64,54.81,6.23,5.35,1.92,0.09,0.00,4.46,25.54,48.89,6.56,12.41,1.94,0.09,0.11
9004,1.27,23.31,43.29,20.11,11.89,0.14,0.00,0.00,1.24,31.23,40.00,15.96,11.24,0.32,0.00,0.00,1.21,33.01,40.35,15.34,9.57,0.52,0.00,0.00,2.75,30.93,41.63,15.08,9.09,0.52,0.00,0.00,2.74,30.32,42.74,14.98,8.72,0.50,0.00,0.00,2.89,31.50,42.18,14.25,8.54,0.63,0.00,0.00,2.83,31.67,40.20,14.46,10.20,0.65,0.00,0.00,3.94,30.10,37.02,14.23,14.18,0.53,0.00,0.00
9005,0.00,0.44,22.14,77.30,0.12,0.00,0.00,0.00,0.06,3.17,23.64,73.11,0.00,0.03,0.00,0.00,0.00,3.45,31.43,65.12,0.00,0.00,0.00,0.00,0.00,3.18,22.88,73.94,0.00,0.00,0.00,0.00,0.00,3.20,22.01,74.79,0.00,0.00,0.00,0.00,0.00,3.20,23.13,73.67,0.00,0.00,0.00,0.00,0.00,3.24,21.12,75.65,0.00,0.00,0.00,0.00,0.00,3.19,21.84,74.97,0.00,0.00,0.00,0.00
92001,6.22,8.65,53.61,22.49,0.08,0.02,8.39,0.55,3.31,17.81,45.71,23.60,0.33,0.09,8.40,0.75,4.74,17.92,48.34,20.25,0.00,0.02,8.43,0.30,4.64,17.03,48.62,19.64,0.00,0.07,8.34,1.67,4.98,16.74,49.47,19.37,0.00,0.08,8.33,1.02,5.48,15.76,50.88,19.39,0.00,0.08,8.34,0.08,5.85,16.37,51.76,16.45,0.00,0.17,8.33,1.08,5.02,15.24,53.76,17.49,0.00,0.15,8.32,0.02
93001,1.95,6.34,18.39,67.24,0.06,0.01,1.61,4.42,2.93,8.16,15.65,66.00,0.18,0.03,1.46,5.60,2.92,8.00,22.87,53.68,0.00,0.00,1.49,11.04,3.62,7.94,14.77,60.48,0.00,0.02,1.50,11.67,3.14,7.91,10.28,67.43,0.00,0.02,1.50,9.73,5.06,6.20,21.92,54.10,0.02,0.00,1.48,11.21,5.72,7.21,23.70,47.34,0.77,0.06,1.54,13.67,4.93,4.47,32.15,52.00,0.47,0.04,1.52,4.42
94001,1.75,2.67,8.47,74.87,0.04,0.00,8.70,3.50,1.94,2.99,3.54,78.99,0.03,0.03,8.64,3.83,2.32,2.51,10.45,67.65,0.00,0.02,8.63,8.43,2.44,2.96,6.16,71.59,0.00,0.02,8.66,8.16,3.20,2.71,8.47,65.96,0.00,0.02,8.66,10.97,3.86,2.33,10.29,64.87,0.00,0.00,8.72,9.93,3.15,3.27,15.82,58.04,0.05,0.05,8.61,10.99,2.89,1.93,13.13,67.88,0.13,0.05,8.60,5.39
95001,0.12,0.04,8.00,79.36,0.00,0.00,7.76,4.72,0.38,0.15,8.02,79.45,0.01,0.01,7.77,4.21,0.68,0.06,11.64,70.72,0.00,0.01,7.76,9.14,0.68,0.24,10.98,71.12,0.00,0.00,7.71,9.27,0.62,0.11,15.58,66.58,0.00,0.01,7.71,9.40,1.80,0.05,10.81,70.25,0.00,0.00,7.67,9.41,0.72,0.16,28.37,53.61,0.00,0.00,7.70,9.44,0.92,0.06,27.77,57.21,0.00,0.01,7.75,6.27
96001,0.03,0.20,3.58,95.30,0.00,0.00,0.88,0.01,0.06,24.45,1.94,72.65,0.00,0.00,0.90,0.00,0.11,24.49,4.86,69.62,0.00,0.00,0.90,0.00,0.07,24.93,3.21,70.89,0.00,0.00,0.89,0.00,0.04,24.71,3.18,71.15,0.00,0.00,0.91,0.00,0.16,23.77,4.15,71.01,0.00,0.00,0.90,0.00,0.13,24.85,5.09,69.03,0.00,0.00,0.90,0.00,0.07,20.55,14.02,64.46,0.00,0.00,0.90,0.00
96002,0.39,5.11,9.61,81.39,0.03,0.00,3.45,0.01,0.59,5.87,6.06,84.00,0.00,0.00,3.49,0.00,0.55,6.29,6.18,83.20,0.00,0.00,3.62,0.15,0.57,5.80,7.38,82.71,0.00,0.00,3.47,0.05,0.58,5.87,8.67,81.19,0.00,0.00,3.45,0.20,0.79,5.46,8.55,81.61,0.00,0.00,3.38,0.20,0.81,5.90,6.28,83.02,0.00,0.00,3.48,0.51,1.06,4.75,33.49,57.25,0.00,0.00,3.43,0.02
96004,0.00,1.36,30.93,64.39,0.00,0.00,0.98,2.33,0.00,1.59,15.70,79.27,0.00,0.00,1.00,2.44,0.13,1.48,22.02,68.62,0.00,0.00,1.01,6.74,0.05,1.54,24.84,67.29,0.00,0.00,1.01,5.28,0.10,1.39,13.32,79.60,0.00,0.00,1.00,4.60,0.71,0.89,26.81,65.95,0.00,0.00,0.99,4.67,0.05,2.12,34.30,56.46,0.00,0.00,1.01,6.07,0.10,1.73,36.41,56.46,0.00,0.00,1.01,4.28
97002,0.00,4.36,10.73,81.19,0.75,0.03,2.94,0.00,0.01,13.93,10.94,71.54,0.50,0.05,3.04,0.00,0.03,13.91,11.35,71.58,0.02,0.06,3.05,0.01,0.12,13.71,11.33,71.70,0.02,0.07,3.05,0.01,0.06,13.86,11.03,71.92,0.02,0.07,3.04,0.01,0.09,12.43,11.65,72.76,0.00,0.09,2.98,0.00,0.09,13.86,10.43,72.48,0.00,0.11,3.02,0.00,0.13,13.20,14.06,68.27,1.18,0.13,3.04,0.00
