gauge_id,station_type,daily_flow_period_start,daily_flow_period_end,daily_flow_perc_complete,hourly_flow_period_start,hourly_flow_period_end,hourly_flow_perc_complete,bankfull_flow,structurefull_flow,max_gauging_flow_date,max_gauging_flow,max_daily_flow,daily_flow_extrap_dur,max_hourly_flow,hourly_flow_extrap_dur,q5_uncert_upper,q5_uncert_lower,q25_uncert_upper,q25_uncert_lower,q50_uncert_upper,q50_uncert_lower,q75_uncert_upper,q75_uncert_lower,q95_uncert_upper,q95_uncert_lower,q99_uncert_upper,q99_uncert_lower,quncert_meta
10002,VA,1971-02-01,2022-09-30,99.35,1990-10-01 09:00:00,2022-10-01 08:00:00,100.00,100.00,NaN,27-Apr-2000 11:30:00,103.87,131.00,0.01,214.13,0.03,NaN,NaN,11.94,-12.37,9.53,-9.37,9.35,-9.62,9.01,-9.19,8.25,-9.50,Calculated discharge uncertainties
10003,VA,1983-05-18,2022-09-30,75.72,1990-10-01 09:00:00,2005-08-13 14:00:00,46.46,80.00,NaN,04-Nov-1984 12:00:00,90.68,137.10,0.02,117.24,0.04,NaN,NaN,13.37,-13.21,8.92,-8.91,11.25,-11.30,8.01,-8.08,NaN,NaN,Calculated discharge uncertainties
1001,VA,1995-11-09,2022-09-30,51.72,1995-11-09 12:00:00,2022-10-01 08:00:00,84.04,31.20,NaN,NaN,NaN,NaN,NaN,NaN,NaN,26.26,-26.87,17.54,-17.03,9.12,-9.76,9.14,-8.91,8.96,-8.91,9.97,-9.74,Calculated discharge uncertainties
101002,US,1970-10-01,2022-09-30,97.27,1997-03-01 13:00:00,2022-10-01 08:00:00,79.66,17.80,7.30,NaN,NaN,NaN,NaN,NaN,NaN,NaN,NaN,29.89,-28.81,21.73,-21.24,14.13,-14.40,10.63,-10.45,9.67,-9.30,Calculated discharge uncertainties
101005,FV,1982-04-14,2022-09-30,77.69,1990-10-01 09:00:00,2022-10-01 08:00:00,100.00,NaN,NaN,NaN,NaN,NaN,NaN,NaN,NaN,NaN,NaN,18.88,-18.23,23.15,-24.28,14.74,-14.94,9.11,-8.69,9.51,-9.01,Calculated discharge uncertainties
102001,TP,1988-10-10,2022-09-30,65.28,1990-10-01 09:00:00,2022-10-01 08:00:00,99.87,NaN,NaN,NaN,NaN,NaN,NaN,NaN,NaN,39.11,-39.72,25.88,-25.83,29.10,-28.54,45.77,-45.45,17.64,-17.18,NaN,NaN,Calculated discharge uncertainties
106001,CC,1993-03-13,2022-09-30,49.53,1998-02-25 19:00:00,2022-10-01 08:00:00,76.86,NaN,NaN,NaN,NaN,NaN,NaN,NaN,NaN,37.60,-37.37,39.47,-40.81,19.32,-18.73,11.97,-11.08,NaN,NaN,NaN,NaN,Calculated discharge uncertainties
107001,VA,1999-08-05,2022-09-30,44.50,1999-08-05 14:00:00,2022-10-01 08:00:00,72.36,NaN,NaN,NaN,NaN,NaN,NaN,NaN,NaN,NaN,NaN,22.70,-20.08,28.39,-30.11,21.11,-21.27,NaN,NaN,NaN,NaN,Calculated discharge uncertainties
11001,VA,1970-10-01,2022-09-30,100.00,1990-10-01 09:00:00,2022-10-01 08:00:00,100.00,300.00,NaN,27-Apr-2000 13:20:00,307.11,329.50,0.02,573.54,0.03,26.71,-26.66,25.46,-25.57,15.89,-16.13,17.67,-17.77,15.86,-15.39,10.06,-8.97,Calculated discharge uncertainties
11003,VA,1973-05-01,2022-09-30,95.04,1990-10-01 09:00:00,2022-10-01 08:00:00,100.00,240.00,NaN,13-Oct-1982 13:00:00,163.80,195.20,0.01,333.19,0.02,NaN,NaN,NaN,NaN,NaN,NaN,NaN,NaN,NaN,NaN,NaN,NaN,No stage-discharge measurements available
11004,VA,1984-03-10,2022-09-30,71.98,1990-10-01 09:00:00,2022-10-01 08:00:00,100.00,30.00,NaN,NaN,NaN,NaN,NaN,NaN,NaN,NaN,NaN,12.95,-12.06,11.08,-10.86,12.10,-12.11,11.98,-11.69,10.37,-10.11,Calculated discharge uncertainties
12001,VA,1970-10-01,2022-09-30,100.00,1990-10-01 09:00:00,2022-10-01 08:00:00,100.00,1000.00,NaN,03-Oct-1981 12:00:00,450.60,860.80,0.04,1360.11,0.08,15.08,-14.90,13.44,-13.24,11.25,-11.31,10.22,-10.22,9.54,-9.63,8.49,-8.40,Calculated discharge uncertainties
12002,VA,1972-11-01,2022-09-30,95.99,1990-10-01 09:00:00,2022-10-01 08:00:00,100.00,1100.00,NaN,22-Nov-2002 10:41:00,671.79,803.70,0.02,1245.02,0.04,23.95,-23.77,13.53,-13.07,10.45,-10.43,9.47,-9.50,8.91,-9.20,8.28,-8.51,Calculated discharge uncertainties
12005,VA,1976-10-01,2022-09-30,88.46,1990-10-01 09:00:00,2022-10-01 08:00:00,100.00,60.00,NaN,03-Oct-1981 12:00:00,71.99,87.92,0.04,233.46,0.04,24.67,-24.75,14.86,-14.85,20.74,-20.93,27.80,-26.26,14.46,-13.54,11.13,-10.20,Calculated discharge uncertainties
12006,VA,1978-11-01,2022-09-30,84.45,1990-10-01 09:00:00,2022-10-01 08:00:00,100.00,60.00,NaN,08-Nov-2000 14:21:00,48.83,70.13,0.04,119.33,0.12,18.98,-18.24,15.87,-16.06,12.50,-12.52,9.75,-9.79,15.02,-14.22,9.95,-10.11,Calculated discharge uncertainties
12007,VA,1982-09-10,2022-09-30,77.03,1990-10-01 09:00:00,2022-10-01 08:00:00,100.00,250.00,NaN,17-May-1993 12:00:00,195.30,225.60,0.01,393.72,0.03,21.66,-22.10,19.14,-18.52,16.83,-16.78,11.67,-11.24,11.06,-10.39,7.65,-7.72,Calculated discharge uncertainties
12008,VA,1985-01-14,2022-09-30,72.52,1990-10-01 09:00:00,2022-10-01 08:00:00,100.00,400.00,NaN,22-Jan-2014 10:31:00,141.49,163.00,0.04,308.47,0.07,24.05,-23.96,15.69,-15.47,19.98,-20.19,16.42,-16.40,14.93,-15.02,14.00,-13.77,Calculated discharge uncertainties
12009,FL,1983-01-01,2021-04-01,73.09,1991-01-01 09:00:00,2021-04-01 11:00:00,94.52,30.00,NaN,NaN,NaN,NaN,NaN,NaN,NaN,NaN,NaN,NaN,NaN,NaN,NaN,NaN,NaN,NaN,NaN,NaN,NaN,Less than 20 stage-discharge measurements available for most recent rating
13001,VA,1979-09-01,2022-09-30,82.85,1990-10-01 09:00:00,2022-10-01 08:00:00,100.00,50.00,NaN,07-Nov-2000 13:57:00,42.34,58.32,0.01,105.82,0.07,NaN,NaN,NaN,NaN,NaN,NaN,NaN,NaN,NaN,NaN,NaN,NaN,Less than 20 stage-discharge measurements available for most recent rating
13004,VA,1985-01-01,2022-09-30,72.59,1991-01-01 09:00:00,2022-10-01 08:00:00,99.21,NaN,NaN,NaN,NaN,NaN,NaN,NaN,NaN,22.46,-19.50,26.08,-25.71,19.88,-17.58,10.74,-11.70,10.82,-11.57,7.55,-8.14,Calculated discharge uncertainties
13005,VA,1981-02-01,2022-09-30,80.12,1991-01-01 09:00:00,2022-10-01 08:00:00,99.20,NaN,NaN,NaN,NaN,NaN,NaN,NaN,NaN,NaN,NaN,28.42,-28.07,23.19,-21.41,14.31,-14.05,14.59,-15.33,9.14,-9.35,Calculated discharge uncertainties
13007,CC,1976-01-01,2022-09-30,89.90,1990-12-11 17:00:00,2022-10-01 08:00:00,99.39,NaN,NaN,NaN,NaN,NaN,NaN,NaN,NaN,14.55,-14.17,11.69,-11.25,27.62,-31.29,10.86,-11.96,17.45,-19.03,8.78,-8.97,Calculated discharge uncertainties
13008,VA,1983-01-01,2022-09-30,76.44,1990-10-01 09:00:00,2022-10-01 08:00:00,100.00,NaN,NaN,NaN,NaN,NaN,NaN,NaN,NaN,16.09,-15.71,11.29,-11.39,10.83,-11.35,9.74,-9.82,8.74,-8.65,10.14,-10.27,Calculated discharge uncertainties
14001,VA,1970-10-01,2022-09-30,100.00,1991-01-01 09:00:00,2022-10-01 08:00:00,99.21,47.00,NaN,01-Apr-1992 12:20:00,66.33,68.85,0.01,64.77,0.00,17.41,-17.28,17.47,-17.56,26.15,-31.51,20.11,-20.42,15.24,-15.09,9.01,-8.47,Calculated discharge uncertainties
14002,VA,1970-10-01,2022-09-30,98.07,1990-10-04 11:00:00,2022-10-01 08:00:00,99.97,55.00,NaN,23-Sep-1985 11:30:00,29.42,31.38,0.01,47.09,0.04,NaN,NaN,12.35,-12.05,10.62,-10.67,9.59,-9.38,10.78,-10.09,10.63,-10.25,Calculated discharge uncertainties
14005,VA,1984-01-01,2022-09-30,74.52,1991-01-01 09:00:00,2022-10-01 08:00:00,99.20,NaN,NaN,NaN,NaN,NaN,NaN,NaN,NaN,20.60,-20.49,45.49,-47.49,27.38,-27.81,12.59,-12.48,14.04,-13.89,8.45,-7.98,Calculated discharge uncertainties
15006,VA,1970-10-01,2022-09-30,100.00,1990-10-01 09:00:00,2022-10-01 08:00:00,100.00,620.00,NaN,08-Oct-2023 14:13:51,1617.45,1965.00,0.02,2273.15,0.02,15.74,-15.37,11.51,-11.58,9.93,-10.08,6.62,-6.70,10.45,-10.48,9.54,-9.25,Calculated discharge uncertainties
15007,VA,1970-10-01,2022-09-30,100.00,1991-01-01 09:00:00,2022-10-01 08:00:00,99.21,NaN,NaN,07-Feb-1989 14:45:00,521.12,601.60,0.02,795.31,0.03,14.41,-14.43,10.57,-10.41,9.45,-9.28,10.23,-10.29,9.60,-9.47,9.66,-9.70,Calculated discharge uncertainties
15010,VA,1972-01-01,2022-09-30,95.67,1991-01-01 09:00:00,2022-10-01 08:00:00,99.21,57.00,NaN,NaN,NaN,NaN,NaN,NaN,NaN,15.39,-14.70,13.56,-13.60,11.89,-11.78,10.08,-9.58,10.54,-10.12,14.69,-14.33,Calculated discharge uncertainties
15011,VA,1970-10-01,2022-09-30,100.00,1991-01-01 09:00:00,2022-10-01 08:00:00,99.21,370.00,NaN,04-Feb-1990 15:15:00,294.66,365.70,0.01,530.49,0.02,12.85,-12.37,13.39,-13.08,9.24,-9.26,11.57,-11.02,8.06,-7.37,14.14,-12.93,Calculated discharge uncertainties
15012,VA,1973-01-01,2022-09-30,95.67,1990-11-23 15:00:00,2022-10-01 08:00:00,99.54,NaN,NaN,NaN,NaN,NaN,NaN,NaN,NaN,NaN,NaN,NaN,NaN,NaN,NaN,NaN,NaN,NaN,NaN,NaN,NaN,Less than 20 stage-discharge measurements available for most recent rating
15013,VA,1970-10-01,2022-09-30,99.89,1990-12-11 12:00:00,2022-10-01 08:00:00,99.39,195.00,NaN,17-May-1993 17:30:00,136.69,169.30,0.01,232.97,0.03,22.85,-23.18,14.54,-14.19,13.79,-13.71,10.49,-10.39,11.18,-11.38,9.85,-9.69,Calculated discharge uncertainties
15014,VA,1985-01-01,2022-09-30,72.59,1991-01-01 09:00:00,2022-10-01 08:00:00,99.21,NaN,NaN,NaN,NaN,NaN,NaN,NaN,NaN,26.66,-26.45,16.04,-14.13,11.52,-11.33,14.74,-13.88,11.29,-11.61,9.51,-9.27,Calculated discharge uncertainties
15016,VA,1974-01-01,2022-09-30,93.75,1991-01-01 10:00:00,2022-10-01 08:00:00,99.21,34.00,NaN,01-Jan-1974 20:00:00,600.00,361.60,0.00,336.51,0.00,13.65,-14.02,14.18,-12.29,8.74,-8.94,8.24,-8.06,11.18,-11.78,11.38,-12.78,Calculated discharge uncertainties
15021,VA,1984-01-01,2021-03-31,71.45,1991-01-01 09:00:00,2021-04-01 09:00:00,94.22,NaN,NaN,NaN,NaN,NaN,NaN,NaN,NaN,37.46,-36.06,29.48,-27.86,19.28,-19.05,15.93,-15.88,12.40,-12.62,9.58,-10.63,Calculated discharge uncertainties
15023,VA,1983-01-01,2022-09-30,76.44,1991-01-01 09:00:00,2022-10-01 08:00:00,99.21,NaN,NaN,27-Nov-1984 14:45:00,142.53,125.00,0.00,354.62,0.03,28.67,-28.67,16.42,-16.11,17.60,-17.49,12.29,-12.19,9.69,-9.58,12.06,-11.90,Calculated discharge uncertainties
15024,VA,1982-01-01,2022-09-30,78.36,1990-10-25 15:00:00,2022-10-01 08:00:00,99.79,NaN,NaN,NaN,NaN,NaN,NaN,NaN,NaN,21.46,-21.28,15.59,-15.21,13.18,-13.65,11.25,-11.38,8.86,-9.15,8.91,-8.50,Calculated discharge uncertainties
15025,VA,1985-01-01,2022-09-30,72.59,1990-11-15 13:00:00,2022-10-01 08:00:00,99.61,NaN,NaN,17-Jan-1993 08:15:00,381.66,231.90,0.00,422.90,0.00,15.50,-15.06,14.24,-14.58,11.45,-11.41,11.70,-11.65,9.96,-9.94,8.74,-8.54,Calculated discharge uncertainties
15030,VA,1989-07-14,2022-09-30,63.88,1990-10-01 09:00:00,2022-10-01 08:00:00,100.00,NaN,NaN,NaN,NaN,NaN,NaN,NaN,NaN,18.20,-18.47,13.87,-13.25,11.96,-11.67,9.32,-8.55,13.03,-12.73,8.89,-8.95,Calculated discharge uncertainties
15039,VA,1992-01-01,2022-09-30,59.13,1991-08-15 13:00:00,2022-10-01 08:00:00,97.28,NaN,NaN,NaN,NaN,NaN,NaN,NaN,NaN,NaN,NaN,NaN,NaN,NaN,NaN,NaN,NaN,NaN,NaN,NaN,NaN,Less than 20 stage-discharge measurements available for most recent rating
16001,VA,1970-10-01,2022-09-30,100.00,1990-10-01 09:00:00,2022-10-01 08:00:00,100.00,147.70,NaN,16-Jan-1993 00:00:00,358.00,287.10,0.00,356.28,0.00,19.42,-19.37,46.97,-46.95,39.82,-39.79,23.55,-23.56,15.61,-15.58,19.12,-19.12,Calculated discharge uncertainties
16003,VA,1970-10-01,2022-09-30,99.99,1991-01-01 09:00:00,2022-10-01 08:00:00,99.21,159.40,NaN,01-Jan-1998 00:00:00,229.43,123.90,0.00,228.02,0.00,24.74,-25.85,16.60,-17.31,13.27,-13.41,13.65,-13.59,9.96,-10.24,8.93,-8.72,Calculated discharge uncertainties
16004,VA,1972-10-01,2022-09-30,96.15,1991-01-01 09:00:00,2022-10-01 08:00:00,99.21,130.00,NaN,17-Jan-1993 00:01:00,415.00,356.40,0.00,412.61,0.00,25.14,-23.77,33.53,-33.30,19.76,-19.75,15.08,-15.04,16.83,-16.90,12.40,-12.43,Calculated discharge uncertainties
17001,FV,1970-10-01,2022-09-30,98.87,1992-06-21 09:00:00,2022-10-01 08:00:00,94.62,150.00,NaN,21-Feb-2020 14:23:00,104.26,121.10,0.01,158.81,0.02,NaN,NaN,13.88,-13.73,11.81,-11.31,10.67,-10.53,16.60,-17.08,11.48,-15.10,Calculated discharge uncertainties
17003,VA,1970-10-01,2022-09-30,99.99,1992-06-17 13:00:00,2022-10-01 08:00:00,94.64,NaN,NaN,23-Mar-1994 12:25:00,26.21,34.66,0.02,44.30,0.01,NaN,NaN,NaN,NaN,NaN,NaN,NaN,NaN,NaN,NaN,NaN,NaN,Less than 20 stage-discharge measurements available for most recent rating
17004,VA,1972-12-01,2019-09-30,90.06,1992-06-21 09:00:00,2019-09-30 09:00:00,85.23,26.34,NaN,NaN,NaN,NaN,NaN,NaN,NaN,NaN,NaN,NaN,NaN,NaN,NaN,NaN,NaN,NaN,NaN,NaN,NaN,Less than 20 stage-discharge measurements available for most recent rating
17005,VA,1970-10-01,2022-09-30,100.00,1992-06-17 09:00:00,2022-10-01 08:00:00,94.60,138.68,NaN,11-Dec-1997 00:01:00,69.99,130.80,0.04,173.29,0.07,NaN,NaN,16.95,-16.47,16.16,-16.18,10.88,-10.87,9.74,-9.66,9.63,-9.59,Calculated discharge uncertainties
17015,VA,1987-01-01,2022-09-30,68.74,1992-09-18 09:00:00,2022-10-01 08:00:00,93.86,NaN,NaN,NaN,NaN,NaN,NaN,NaN,NaN,32.55,-32.14,26.49,-26.61,14.48,-14.35,13.23,-13.29,8.08,-7.92,NaN,NaN,Calculated discharge uncertainties
17018,C,1994-08-02,2022-09-30,54.04,1994-08-01 09:00:00,2022-10-01 08:00:00,88.01,NaN,NaN,NaN,NaN,NaN,NaN,NaN,NaN,50.36,-47.17,24.70,-24.57,22.24,-22.06,21.23,-21.29,22.26,-21.84,20.44,-20.86,Calculated discharge uncertainties
18001,VA,1970-10-01,2022-09-30,100.00,1992-06-21 09:00:00,2022-10-01 08:00:00,94.62,NaN,NaN,14-Dec-2011 10:03:00,82.72,88.23,0.01,111.58,0.04,NaN,NaN,NaN,NaN,NaN,NaN,NaN,NaN,NaN,NaN,NaN,NaN,Less than 20 stage-discharge measurements available for most recent rating
18002,VA,1970-10-01,2021-11-04,98.26,1992-06-21 09:00:00,2021-11-04 11:00:00,91.79,59.00,NaN,NaN,NaN,NaN,NaN,NaN,NaN,NaN,NaN,30.47,-30.31,39.58,-40.72,12.49,-14.62,14.15,-14.37,11.58,-11.87,Calculated discharge uncertainties
18003,VA,1970-10-01,2022-09-30,100.00,1992-06-21 09:00:00,2022-10-01 08:00:00,94.61,163.00,NaN,10-Jan-2005 14:04:00,256.42,315.60,0.05,400.64,0.06,NaN,NaN,NaN,NaN,NaN,NaN,NaN,NaN,NaN,NaN,NaN,NaN,Less than 20 stage-discharge measurements available for most recent rating
18008,VA,1973-11-01,2022-09-30,92.07,1992-06-21 09:00:00,2022-10-01 08:00:00,94.62,127.00,NaN,30-Mar-1993 12:00:00,109.69,150.00,0.07,165.17,0.11,33.07,-34.02,16.87,-16.76,15.30,-15.83,13.16,-13.02,11.59,-11.11,10.24,-9.73,Calculated discharge uncertainties
18010,VA,1970-10-01,2022-09-30,94.73,1992-06-21 09:00:00,2022-10-01 08:00:00,92.34,137.76,NaN,NaN,NaN,NaN,NaN,NaN,NaN,NaN,NaN,NaN,NaN,NaN,NaN,NaN,NaN,NaN,NaN,NaN,NaN,Less than 20 stage-discharge measurements available for most recent rating
18011,VA,1981-06-01,2022-09-30,79.49,1992-06-21 09:00:00,2022-10-01 08:00:00,94.62,190.08,NaN,NaN,NaN,NaN,NaN,NaN,NaN,18.16,-17.16,19.07,-19.08,12.16,-12.30,9.77,-9.75,9.10,-8.93,9.88,-9.50,Calculated discharge uncertainties
18014,VA,1979-01-01,2022-09-30,84.13,1992-10-01 09:00:00,2022-10-01 08:00:00,93.75,NaN,NaN,19-Nov-2009 10:15:00,21.50,35.05,0.01,33.24,0.02,NaN,NaN,21.30,-20.20,15.87,-16.24,10.76,-10.44,10.29,-10.34,9.51,-8.80,Calculated discharge uncertainties
18017,C,1982-01-21,1996-12-31,28.69,,,0.00,NaN,NaN,NaN,NaN,NaN,NaN,NaN,NaN,NaN,NaN,NaN,NaN,NaN,NaN,NaN,NaN,NaN,NaN,NaN,NaN,No stage-discharge measurements available
18018,C,1983-01-01,1996-12-31,26.93,,,0.00,NaN,NaN,NaN,NaN,NaN,NaN,NaN,NaN,NaN,NaN,NaN,NaN,NaN,NaN,NaN,NaN,NaN,NaN,NaN,NaN,No stage-discharge measurements available
19001,VA,1970-10-01,2022-09-30,100.00,1992-06-01 09:00:00,2022-10-01 08:00:00,94.79,215.00,NaN,22-Nov-1963 00:01:00,120.33,147.20,0.03,188.44,0.09,26.40,-26.23,20.28,-20.50,17.36,-17.51,12.65,-12.66,13.27,-13.11,6.08,-5.85,Calculated discharge uncertainties
19006,VA,1970-10-01,2022-09-30,99.99,1992-06-01 09:00:00,2022-10-01 08:00:00,94.79,86.00,NaN,08-Jan-1991 00:00:00,32.17,52.25,0.01,87.47,0.05,NaN,NaN,NaN,NaN,NaN,NaN,NaN,NaN,NaN,NaN,NaN,NaN,Less than 20 stage-discharge measurements available for most recent rating
19010,C+C,1970-10-01,2022-09-30,98.49,1990-10-01 09:00:00,2022-10-01 08:00:00,99.98,NaN,20.00,NaN,NaN,NaN,NaN,NaN,NaN,NaN,NaN,NaN,NaN,NaN,NaN,NaN,NaN,NaN,NaN,NaN,NaN,Discharge uncertainty estimates not provided
19017,MIS,1986-01-01,2022-09-30,70.63,1992-07-01 09:00:00,2022-10-01 08:00:00,94.46,NaN,NaN,26-Apr-2000 10:45:00,14.18,17.88,0.02,25.40,0.04,NaN,NaN,NaN,NaN,NaN,NaN,NaN,NaN,NaN,NaN,NaN,NaN,Less than 20 stage-discharge measurements available for most recent rating
19020,MIS,1986-01-01,2022-09-30,70.66,1992-10-01 12:00:00,2022-10-01 08:00:00,93.73,27.67,NaN,NaN,NaN,NaN,NaN,NaN,NaN,NaN,NaN,NaN,NaN,NaN,NaN,NaN,NaN,NaN,NaN,NaN,NaN,Less than 20 stage-discharge measurements available for most recent rating
20002,MIS,1970-10-01,2022-09-30,100.00,1992-10-01 09:00:00,2022-10-01 08:00:00,93.73,78.00,1.10,NaN,NaN,NaN,NaN,NaN,NaN,NaN,NaN,NaN,NaN,NaN,NaN,NaN,NaN,NaN,NaN,NaN,NaN,Less than 20 stage-discharge measurements available for most recent rating
20003,VA,1970-10-01,2022-09-30,99.67,1992-06-21 11:00:00,2022-10-01 08:00:00,94.62,130.00,NaN,04-Sep-2009 09:00:00,41.92,59.98,0.03,89.81,0.04,NaN,NaN,NaN,NaN,NaN,NaN,NaN,NaN,NaN,NaN,NaN,NaN,Less than 20 stage-discharge measurements available for most recent rating
20007,VA,1973-01-01,2022-09-30,95.63,1992-05-30 09:00:00,2022-10-01 08:00:00,94.73,NaN,NaN,07-Nov-2000 13:18:00,25.19,46.09,0.02,43.06,0.02,NaN,NaN,NaN,NaN,NaN,NaN,NaN,NaN,NaN,NaN,NaN,NaN,Less than 20 stage-discharge measurements available for most recent rating
2001,VA,1975-01-01,2022-09-30,91.82,1990-10-01 09:00:00,2022-10-01 08:00:00,100.00,103.60,NaN,19-Jan-2004 14:27:00,167.75,187.60,0.01,257.48,0.08,NaN,NaN,NaN,NaN,NaN,NaN,NaN,NaN,NaN,NaN,NaN,NaN,Less than 20 stage-discharge measurements available for most recent rating
2002,VA,1993-05-01,2022-09-30,56.57,1993-05-01 09:00:00,2022-10-01 08:00:00,91.93,39.30,NaN,19-Jan-2004 13:02:00,160.79,229.70,0.01,334.91,0.07,NaN,NaN,NaN,NaN,NaN,NaN,NaN,NaN,NaN,NaN,NaN,NaN,No stage-discharge measurements available
21003,VA,1970-10-01,2022-09-30,100.00,1990-10-01 09:00:00,2022-10-01 08:00:00,100.00,220.00,NaN,24-Jan-2018 12:35:00,346.12,306.70,0.00,495.34,0.01,20.80,-20.40,13.03,-13.11,12.98,-12.37,8.34,-8.34,8.73,-8.85,8.30,-8.26,Calculated discharge uncertainties
21006,VA,1970-10-01,2022-09-30,100.00,1990-10-01 09:00:00,2022-10-01 08:00:00,100.00,808.00,NaN,12-Oct-2005 10:00:00,571.76,632.30,0.01,739.00,0.03,NaN,NaN,NaN,NaN,NaN,NaN,NaN,NaN,NaN,NaN,NaN,NaN,Less than 20 stage-discharge measurements available for most recent rating
21008,VA,1970-10-01,2022-09-30,100.00,1990-10-01 09:00:00,2022-10-01 08:00:00,100.00,411.00,NaN,12-Sep-1962 00:00:00,370.14,554.80,0.04,668.25,0.09,16.12,-15.71,11.27,-11.43,9.32,-9.23,9.60,-9.73,10.34,-10.44,7.75,-7.90,Calculated discharge uncertainties
21009,VA,1970-10-01,2022-09-30,100.00,1990-10-01 09:00:00,2022-10-01 08:00:00,100.00,1300.00,NaN,01-Jan-1956 00:00:00,1184.20,1327.00,0.01,1474.76,0.02,18.53,-18.64,16.30,-16.17,9.53,-9.58,8.63,-8.51,7.37,-7.47,8.35,-8.48,Calculated discharge uncertainties
21011,VA,1970-10-01,2022-09-30,100.00,1990-10-01 09:00:00,2022-10-01 08:00:00,99.98,296.00,NaN,11-Jan-1965 00:00:00,79.69,177.60,0.06,243.68,0.13,NaN,NaN,NaN,NaN,NaN,NaN,NaN,NaN,NaN,NaN,NaN,NaN,Less than 20 stage-discharge measurements available for most recent rating
21012,VA,1970-10-01,2022-09-30,100.00,1990-10-01 09:00:00,2022-10-01 08:00:00,100.00,134.00,NaN,14-Jan-1975 12:01:00,185.50,263.50,0.02,334.74,0.09,51.21,-50.78,21.06,-21.30,12.51,-12.35,10.81,-10.67,11.08,-11.12,8.67,-8.60,Calculated discharge uncertainties
21013,VA,1970-10-01,2022-09-30,100.00,1990-10-01 09:00:00,2022-10-01 08:00:00,99.90,180.00,NaN,22-Oct-2002 00:00:00,83.73,78.80,0.00,105.81,0.01,18.64,-17.48,17.81,-17.26,14.61,-14.52,9.89,-9.97,9.43,-9.49,8.14,-8.09,Calculated discharge uncertainties
21015,VA,1970-10-01,2022-09-30,100.00,1990-10-01 09:00:00,2022-10-01 08:00:00,100.00,120.00,NaN,31-Oct-1977 00:00:00,68.96,125.70,0.02,165.74,0.07,NaN,NaN,NaN,NaN,NaN,NaN,NaN,NaN,NaN,NaN,NaN,NaN,Less than 20 stage-discharge measurements available for most recent rating
21016,VA,1970-10-01,2022-09-30,100.00,1990-10-01 09:00:00,2022-10-01 08:00:00,99.96,92.00,NaN,28-Dec-1978 00:00:00,32.63,49.73,0.05,161.70,0.11,NaN,NaN,NaN,NaN,NaN,NaN,NaN,NaN,NaN,NaN,NaN,NaN,Less than 20 stage-discharge measurements available for most recent rating
21017,VA,1970-10-01,2022-09-30,100.00,1990-10-01 09:00:00,2022-10-01 08:00:00,100.00,200.00,NaN,25-Feb-1966 00:00:00,61.83,54.42,0.00,110.35,0.02,30.85,-30.67,14.68,-13.92,15.33,-15.45,17.34,-17.89,8.66,-8.14,11.58,-22.52,Calculated discharge uncertainties
21018,VA,1970-10-01,2022-09-30,99.96,1990-10-01 09:00:00,2022-10-01 08:00:00,100.00,36.00,NaN,NaN,NaN,NaN,NaN,NaN,NaN,NaN,NaN,NaN,NaN,NaN,NaN,NaN,NaN,NaN,NaN,NaN,NaN,Less than 20 stage-discharge measurements available for most recent rating
21022,CC,1970-10-01,2022-09-30,100.00,1990-10-01 09:00:00,2022-10-01 08:00:00,99.47,NaN,175.00,NaN,NaN,NaN,NaN,NaN,NaN,NaN,NaN,NaN,NaN,NaN,NaN,NaN,NaN,NaN,NaN,NaN,NaN,Less than 20 stage-discharge measurements available for most recent rating
21023,VA,1970-11-01,2022-09-30,99.84,1990-10-01 09:00:00,2022-10-01 08:00:00,99.96,NaN,3.00,NaN,NaN,NaN,NaN,NaN,NaN,20.66,-20.49,22.55,-22.32,12.98,-12.32,10.64,-9.84,9.26,-9.39,NaN,NaN,Calculated discharge uncertainties
21024,VA,1971-08-01,2022-09-30,98.40,1990-10-01 09:00:00,2022-10-01 08:00:00,99.94,112.00,NaN,08-Dec-1994 00:00:00,69.57,84.84,0.01,138.95,0.05,NaN,NaN,NaN,NaN,NaN,NaN,NaN,NaN,NaN,NaN,NaN,NaN,Less than 20 stage-discharge measurements available for most recent rating
21026,VA,1973-06-01,2022-09-30,91.03,1990-10-01 09:00:00,2022-10-01 08:00:00,99.49,80.00,NaN,14-Jan-1975 00:00:00,31.43,51.16,0.04,56.84,0.17,NaN,NaN,NaN,NaN,NaN,NaN,NaN,NaN,NaN,NaN,NaN,NaN,Less than 20 stage-discharge measurements available for most recent rating
21027,VA,1973-11-01,2022-09-30,94.07,1990-10-01 09:00:00,2022-10-01 08:00:00,100.00,21.00,NaN,01-Apr-1992 00:00:00,85.65,78.57,0.00,134.38,0.01,NaN,NaN,NaN,NaN,NaN,NaN,NaN,NaN,NaN,NaN,NaN,NaN,Less than 20 stage-discharge measurements available for most recent rating
22001,FVVA,1970-10-01,2022-09-30,99.38,1990-10-01 09:00:00,2022-10-01 08:00:00,98.92,175.00,6.00,05-Jan-2016 15:32:00,189.69,394.00,0.04,519.50,0.08,26.68,-27.64,15.00,-15.11,12.49,-12.21,8.57,-8.39,10.77,-10.95,7.45,-7.23,Calculated discharge uncertainties
22006,FVVA,1970-10-01,2022-09-30,99.99,1990-10-01 09:00:00,2022-10-01 08:00:00,100.00,190.00,36.00,14-May-1993 09:00:00,92.18,138.00,0.02,223.85,0.03,32.00,-31.44,29.82,-29.15,16.99,-16.14,10.42,-10.78,10.47,-10.47,11.20,-11.26,Calculated discharge uncertainties
22007,MIS,1970-10-01,2022-09-30,99.97,1990-10-01 09:00:00,2022-10-01 08:00:00,99.87,NaN,35.00,01-Apr-1992 09:04:00,183.00,225.00,0.02,329.69,0.01,NaN,NaN,NaN,NaN,NaN,NaN,NaN,NaN,NaN,NaN,NaN,NaN,No stage-discharge measurements available
22009,VA,1972-06-01,2022-09-30,96.78,1990-10-01 09:00:00,2022-10-01 08:00:00,100.00,223.00,NaN,06-Sep-2008 12:13:00,298.19,284.00,0.00,411.34,0.00,21.29,-20.99,17.85,-17.57,9.98,-10.11,12.36,-12.26,13.62,-13.91,11.50,-11.36,Calculated discharge uncertainties
23001,VA,1970-10-02,2022-09-30,99.77,1990-10-01 09:00:00,2022-10-01 08:00:00,98.52,1471.00,NaN,05-Dec-2015 14:11:00,1267.05,1450.00,0.01,1721.63,0.01,24.36,-24.33,15.84,-15.41,13.87,-13.79,11.77,-11.82,12.82,-12.34,12.28,-12.12,Calculated discharge uncertainties
23004,VA,1970-10-01,2022-09-30,100.00,1990-10-01 09:00:00,2022-10-01 08:00:00,99.75,NaN,3.00,06-Jan-1988 09:01:00,496.23,693.00,0.01,924.25,0.04,21.91,-21.33,20.53,-18.82,15.57,-14.37,8.46,-8.86,10.31,-10.25,14.89,-15.61,Calculated discharge uncertainties
23006,CC,1970-10-01,2022-09-30,99.37,1990-10-01 09:00:00,2022-10-01 08:00:00,99.45,NaN,500.00,21-Nov-1972 09:02:00,222.28,280.00,0.01,493.89,0.07,17.91,-18.01,18.90,-18.82,22.81,-23.24,11.52,-11.40,9.83,-9.99,11.38,-12.59,Calculated discharge uncertainties
23007,CC,1970-10-01,2022-09-30,99.38,1990-10-01 09:00:00,2022-10-01 08:00:00,99.65,NaN,NaN,05-Nov-2019 13:48:44,25.31,122.00,0.39,174.14,0.54,31.98,-30.67,16.89,-16.31,18.22,-18.89,19.10,-18.50,13.71,-13.20,NaN,NaN,Calculated discharge uncertainties
23008,FVVA,1970-10-01,2022-09-30,99.12,1990-10-01 09:00:00,2022-10-01 08:00:00,99.62,NaN,27.00,06-Sep-2008 08:55:00,210.00,218.00,0.01,279.74,0.02,29.36,-29.32,18.58,-18.61,15.45,-15.35,14.01,-13.94,9.20,-9.27,11.60,-11.59,Calculated discharge uncertainties
23011,FVVA,1970-10-01,2022-09-30,97.95,1990-10-01 09:00:00,2022-10-01 08:00:00,99.97,46.00,9.10,10-Jul-2008 15:14:00,76.80,53.50,0.00,106.58,0.01,65.05,-65.23,38.87,-38.75,29.47,-29.40,26.01,-25.93,16.47,-16.45,17.20,-16.95,Calculated discharge uncertainties
23016,TP B,1990-01-01,2022-09-30,62.73,1990-10-01 09:00:00,2022-10-01 08:00:00,99.38,NaN,4.00,NaN,NaN,NaN,NaN,NaN,NaN,NaN,NaN,NaN,NaN,NaN,NaN,NaN,NaN,NaN,NaN,NaN,NaN,No stage-discharge measurements available
24001,CB,1970-10-01,2022-09-30,98.97,1990-10-01 09:00:00,2022-10-01 08:00:00,99.29,613.00,NaN,04-Jun-2000 11:10:00,375.19,317.00,0.00,407.62,0.00,19.93,-19.69,16.50,-16.08,12.41,-12.25,14.30,-14.05,13.79,-12.85,8.79,-8.74,Calculated discharge uncertainties
24003,CC,1970-10-01,2022-09-30,98.70,1990-10-01 09:00:00,2022-10-01 08:00:00,98.62,NaN,180.00,03-Feb-1981 00:03:00,70.65,139.00,0.07,243.41,0.25,23.21,-23.02,15.81,-15.69,13.58,-13.50,17.81,-16.33,7.23,-7.28,9.93,-9.68,Calculated discharge uncertainties
24004,CC,1970-10-01,2022-09-30,99.66,1990-10-01 09:00:00,2022-10-01 08:00:00,99.90,NaN,70.00,23-Oct-2013 11:24:01,17.47,34.30,0.12,76.35,0.24,20.95,-20.06,16.84,-15.99,12.41,-12.35,12.29,-11.87,13.85,-13.34,15.31,-12.26,Calculated discharge uncertainties
24005,CB,1970-10-01,2022-09-30,99.52,1990-10-01 09:00:00,2022-10-01 08:00:00,99.95,NaN,60.00,26-Nov-2012 14:51:00,66.00,67.10,0.01,94.15,0.02,23.99,-22.49,17.75,-17.28,19.55,-19.88,12.91,-13.58,16.90,-16.81,12.83,-12.36,Calculated discharge uncertainties
25001,CC,1970-10-01,2022-09-30,99.96,1990-10-01 09:00:00,2022-10-01 08:00:00,99.84,NaN,420.00,03-Mar-1979 00:00:00,384.73,439.00,0.02,642.51,0.08,14.26,-13.92,14.01,-13.56,15.33,-15.00,8.40,-8.56,9.60,-8.78,16.62,-18.65,Calculated discharge uncertainties
25003,CC,1970-10-01,2022-09-30,78.19,1991-06-18 11:00:00,2022-10-01 08:00:00,96.61,NaN,41.30,26-Sep-2024 07:18:50,12.68,28.00,0.03,42.69,0.05,NaN,NaN,26.09,-25.37,11.60,-11.84,30.91,-30.14,14.38,-13.24,NaN,NaN,Calculated discharge uncertainties
25006,CC,1970-10-01,2022-09-30,99.97,1990-10-01 09:00:00,2022-10-01 08:00:00,99.70,98.00,95.00,13-Sep-1993 09:02:00,31.68,59.20,0.26,119.13,0.56,21.32,-20.08,16.63,-16.18,10.93,-11.08,19.33,-15.90,14.88,-13.72,11.97,-13.29,Calculated discharge uncertainties
25012,FVVA,1970-10-01,2022-09-30,99.99,1990-10-01 09:00:00,2022-10-01 08:00:00,99.61,NaN,17.50,26-Feb-2015 10:14:13,19.16,28.80,0.02,63.48,0.13,27.79,-24.69,22.29,-19.35,13.73,-14.07,14.80,-13.65,15.82,-14.72,NaN,NaN,Calculated discharge uncertainties
25020,VA,1972-11-08,2022-09-30,95.79,1990-10-01 09:00:00,2022-10-01 08:00:00,96.28,40.00,NaN,28-Dec-1978 00:00:00,23.48,23.30,0.00,23.25,0.00,30.99,-29.88,24.75,-23.82,17.68,-17.40,14.86,-14.66,14.89,-14.31,12.47,-12.64,Calculated discharge uncertainties
25021,VA,1973-06-01,2022-09-30,94.38,1990-10-01 09:00:00,2022-10-01 08:00:00,98.74,8.00,NaN,28-Dec-1978 09:00:00,11.28,16.30,0.02,13.03,0.01,33.18,-30.16,22.42,-21.10,18.93,-18.76,17.90,-17.86,52.14,-52.05,18.92,-19.13,Calculated discharge uncertainties
25029,US,2007-01-01,2022-09-30,30.15,2005-12-01 12:00:00,2022-10-01 08:00:00,52.27,NaN,NaN,15-Sep-2015 13:17:15,23.47,49.10,0.40,65.27,0.48,NaN,NaN,NaN,NaN,NaN,NaN,NaN,NaN,NaN,NaN,NaN,NaN,No stage-discharge measurements available
26003,TP,1970-10-01,2022-09-30,98.87,1990-10-01 09:00:00,2022-10-01 08:00:00,99.06,NaN,6.40,08-Jan-2013 13:12:09,2.55,3.10,0.34,3.35,0.52,16.95,-15.68,16.67,-15.39,10.87,-10.88,12.00,-12.26,9.01,-8.86,NaN,NaN,Calculated discharge uncertainties
26005,FV,1981-01-29,2022-09-30,79.41,1990-10-01 09:00:00,2022-10-01 08:00:00,99.99,3.80,3.80,NaN,NaN,NaN,NaN,NaN,NaN,NaN,NaN,64.27,-58.44,24.55,-25.30,12.30,-12.47,10.34,-9.73,15.46,-15.27,Calculated discharge uncertainties
26006,TP,1980-03-22,2022-09-30,81.68,1990-10-01 09:00:00,2022-10-01 08:00:00,99.08,NaN,6.50,NaN,NaN,NaN,NaN,NaN,NaN,NaN,NaN,48.79,-47.30,14.90,-13.91,17.86,-16.92,10.78,-10.78,9.35,-9.12,Calculated discharge uncertainties
26008,C,1986-01-01,2022-09-30,70.67,1990-10-01 09:00:00,2022-10-01 08:00:00,99.63,NaN,6.30,NaN,NaN,NaN,NaN,NaN,NaN,24.97,-22.91,19.78,-17.86,14.97,-14.38,16.16,-15.53,13.79,-12.57,10.18,-9.43,Calculated discharge uncertainties
26009,EM,1988-10-07,2022-09-30,64.71,1990-10-01 09:00:00,2022-10-01 08:00:00,98.70,NaN,8.50,18-Jan-1994 11:10:00,8.56,8.60,0.01,8.68,0.01,NaN,NaN,NaN,NaN,NaN,NaN,NaN,NaN,NaN,NaN,NaN,NaN,Discharge uncertainty estimates not provided
27001,B,1970-10-01,2022-09-30,98.51,1990-10-01 09:00:00,2022-10-01 08:00:00,97.05,376.00,NaN,31-Oct-2000 14:01:00,221.80,235.00,0.01,253.81,0.00,20.27,-19.71,17.64,-17.52,12.54,-12.63,10.98,-11.01,9.64,-9.27,10.96,-11.07,Calculated discharge uncertainties
27002,B VA,1970-10-01,2022-09-30,80.37,1990-10-01 09:00:00,2022-10-01 08:00:00,99.44,600.00,460.00,09-Mar-1979 09:00:00,283.93,297.00,0.02,568.78,0.07,28.37,-28.36,17.64,-17.54,13.41,-13.45,14.86,-14.91,16.48,-16.34,8.62,-8.18,Calculated discharge uncertainties
27003,B VA,1970-10-01,2022-09-30,99.87,1993-06-28 12:00:00,2022-10-01 08:00:00,91.41,280.00,160.00,30-Oct-2000 14:00:00,314.44,324.00,0.02,325.43,0.10,41.26,-41.22,28.12,-28.16,25.21,-25.22,15.87,-15.86,16.36,-16.32,13.92,-13.92,Calculated discharge uncertainties
27006,B VA,1970-10-01,2022-09-30,100.00,1990-10-01 09:00:00,2022-10-01 08:00:00,99.91,350.00,350.00,25-Jun-2007 13:30:00,200.00,185.00,0.00,258.61,0.01,NaN,NaN,17.48,-17.86,20.27,-21.56,11.99,-11.75,9.21,-9.00,9.08,-8.83,Calculated discharge uncertainties
27007,B VA,1970-10-01,2022-09-30,96.58,1990-10-01 09:00:00,2022-10-01 08:00:00,99.77,250.00,NaN,26-Sep-2012 08:05:19,349.38,490.00,0.06,517.74,0.11,41.24,-40.21,16.13,-15.91,11.68,-11.40,8.56,-8.19,11.21,-11.16,9.49,-9.33,Calculated discharge uncertainties
27009,US,1970-10-01,2022-09-30,98.95,1990-10-01 09:00:00,2022-10-01 08:00:00,99.85,240.00,NaN,04-Nov-2000 12:04:00,512.86,608.00,0.04,590.43,0.03,49.08,-49.06,26.87,-26.90,16.44,-16.44,12.93,-12.92,10.15,-10.26,12.93,-12.87,Calculated discharge uncertainties
27021,USVA,1970-10-01,2022-09-30,96.74,1990-10-01 09:00:00,2022-10-01 08:00:00,99.82,347.00,NaN,26-Jun-2007 06:55:00,347.00,357.00,0.01,393.00,0.01,13.94,-13.75,12.34,-12.40,12.73,-12.68,8.86,-8.85,14.32,-14.30,16.16,-16.10,Calculated discharge uncertainties
27023,CB,1970-10-01,2022-09-30,100.00,1990-10-01 09:00:00,2022-10-01 08:00:00,99.79,NaN,27.00,15-Jun-2007 16:00:00,129.00,108.00,0.00,377.57,0.00,14.87,-13.85,13.45,-13.52,10.33,-10.45,11.66,-10.57,8.54,-8.41,8.94,-8.72,Calculated discharge uncertainties
27025,VA,1970-10-01,2022-09-30,95.03,1990-10-01 09:00:00,2022-10-01 08:00:00,99.97,250.00,NaN,07-Nov-2000 08:45:00,89.42,103.00,0.01,122.69,0.02,18.06,-17.11,23.07,-22.16,18.60,-19.23,12.24,-11.42,13.94,-13.73,8.77,-8.94,Calculated discharge uncertainties
27026,FVVA,1970-10-01,2022-09-30,98.99,1990-10-01 09:00:00,2022-10-01 08:00:00,99.91,180.00,NaN,25-Jun-2007 11:30:00,66.80,87.20,0.01,125.34,0.01,NaN,NaN,18.59,-19.18,15.80,-15.67,16.05,-15.92,10.76,-10.71,13.34,-13.65,Calculated discharge uncertainties
27029,C VA,1971-05-31,2022-09-30,97.53,1990-10-01 09:00:00,2022-10-01 08:00:00,99.96,NaN,NaN,18-Nov-2009 11:51:00,161.00,190.00,0.01,335.08,0.04,17.29,-16.10,12.65,-12.07,13.42,-14.60,11.18,-11.97,7.95,-8.10,12.70,-12.40,Calculated discharge uncertainties
27030,CCVA,1970-10-01,2022-09-30,99.05,1990-10-01 09:00:00,2022-10-01 08:00:00,99.85,45.00,NaN,26-Jun-2007 09:49:59,70.92,72.70,0.01,76.86,0.01,NaN,NaN,NaN,NaN,NaN,NaN,NaN,NaN,NaN,NaN,NaN,NaN,Discharge uncertainty estimates not provided
27032,MIS,1970-10-01,2022-09-30,99.24,1990-10-01 09:00:00,2022-10-01 08:00:00,97.99,NaN,6.00,16-Feb-2020 10:35:16,1.93,3.63,0.20,8.94,0.47,18.05,-17.93,27.06,-26.45,26.78,-25.73,23.86,-23.63,10.42,-9.74,NaN,NaN,Calculated discharge uncertainties
27034,VA,1970-10-01,2022-09-30,99.98,1990-10-01 09:00:00,2022-10-01 08:00:00,99.85,375.00,NaN,02-Nov-2020 12:54:27,356.70,333.00,0.00,379.96,0.01,24.17,-24.11,20.43,-20.55,11.35,-11.32,11.11,-11.02,11.96,-11.87,9.84,-10.08,Calculated discharge uncertainties
27035,VA,1970-10-01,2022-09-30,99.99,1990-10-01 09:00:00,2022-10-01 08:00:00,99.92,77.00,NaN,01-Feb-1995 10:15:00,95.54,137.00,0.03,156.68,0.04,19.45,-18.85,15.20,-15.10,11.58,-11.40,8.12,-8.31,15.52,-15.98,15.23,-15.08,Calculated discharge uncertainties
27038,C,1970-10-01,2022-09-30,99.21,1990-10-01 09:00:00,2022-10-01 08:00:00,99.96,NaN,NaN,NaN,NaN,NaN,NaN,NaN,NaN,NaN,NaN,NaN,NaN,NaN,NaN,NaN,NaN,NaN,NaN,NaN,NaN,Discharge uncertainty estimates not provided
27041,C US,1973-09-03,2022-09-30,94.38,1990-10-01 09:00:00,2022-10-01 08:00:00,99.69,NaN,74.80,28-Nov-2012 11:00:00,137.97,140.00,0.01,142.26,0.02,12.97,-12.70,14.81,-15.34,14.50,-14.44,14.38,-14.25,12.65,-13.11,9.07,-9.94,Calculated discharge uncertainties
27042,FV,1972-01-17,2022-09-30,97.51,1990-10-01 09:00:00,2022-10-01 08:00:00,99.85,NaN,NaN,NaN,NaN,NaN,NaN,NaN,NaN,23.25,-25.37,14.94,-14.59,14.02,-13.78,20.09,-19.85,36.09,-35.63,NaN,NaN,Calculated discharge uncertainties
27043,C VA,1973-12-18,2022-09-30,93.31,1990-10-01 09:00:00,2022-10-01 08:00:00,99.33,500.00,NaN,15-Nov-2015 13:27:00,328.89,287.00,0.00,423.92,0.03,21.81,-21.12,13.84,-14.05,12.09,-11.82,10.32,-10.14,12.75,-12.57,12.03,-11.74,Calculated discharge uncertainties
27047,FV,1970-10-01,2022-09-30,98.43,1990-10-01 09:00:00,2022-10-01 08:00:00,99.78,NaN,7.00,NaN,NaN,NaN,NaN,NaN,NaN,25.92,-24.51,40.83,-41.59,17.31,-17.44,22.36,-21.97,11.35,-11.96,NaN,NaN,Calculated discharge uncertainties
27049,FV,1974-08-07,2022-09-30,92.53,1990-10-01 09:00:00,2022-10-01 08:00:00,99.22,NaN,NaN,20-Jun-2005 09:50:00,56.80,58.00,0.01,74.99,0.03,23.60,-23.54,16.15,-15.93,21.89,-22.25,20.87,-20.89,14.78,-14.44,10.67,-10.14,Calculated discharge uncertainties
27051,FV,1972-01-21,2022-09-30,97.27,1990-10-01 09:00:00,2022-10-01 08:00:00,99.56,NaN,5.00,21-Jan-2008 14:39:59,5.97,3.63,0.00,9.27,0.01,37.02,-36.10,37.02,-36.10,27.51,-25.35,28.35,-27.78,22.39,-21.73,11.39,-10.46,Calculated discharge uncertainties
27062,US,1979-05-01,2022-09-30,77.03,1990-10-01 09:00:00,2022-10-01 08:00:00,91.56,NaN,NaN,26-Sep-2012 12:52:54,160.22,183.20,0.03,245.98,0.02,NaN,NaN,NaN,NaN,NaN,NaN,NaN,NaN,NaN,NaN,NaN,NaN,Less than 20 stage-discharge measurements available for most recent rating
27064,FV,1979-10-19,2022-09-30,82.54,1990-10-01 09:00:00,2022-10-01 08:00:00,99.68,NaN,11.30,NaN,NaN,NaN,NaN,NaN,NaN,20.57,-20.21,18.78,-18.63,16.83,-16.26,14.39,-13.33,34.87,-33.74,37.22,-38.03,Calculated discharge uncertainties
27065,US,1979-11-16,2022-09-30,82.40,1990-10-01 09:00:00,2022-10-01 08:00:00,99.94,NaN,6.50,20-Jan-2021 15:52:10,56.41,73.50,0.01,133.61,0.03,17.68,-17.48,13.65,-12.97,9.58,-9.89,10.15,-10.08,11.31,-10.80,9.96,-15.21,Calculated discharge uncertainties
27071,C VA,1970-10-01,2022-09-30,99.67,1990-10-01 09:00:00,2022-10-01 08:00:00,99.76,NaN,NaN,04-Jan-1982 09:00:00,228.43,228.40,0.00,238.63,0.01,23.16,-22.20,14.64,-14.67,10.76,-10.62,12.58,-12.21,17.35,-17.07,11.45,-11.89,Calculated discharge uncertainties
27073,C,1981-02-13,2022-09-30,79.93,1990-10-01 09:00:00,2022-10-01 08:00:00,99.53,NaN,3.00,07-Jan-2016 12:43:03,1.15,1.47,0.18,1.47,0.26,41.65,-39.38,34.19,-30.34,22.34,-23.86,22.18,-22.33,NaN,NaN,NaN,NaN,Calculated discharge uncertainties
27077,FV,1983-09-19,2022-09-30,75.06,1990-10-01 09:00:00,2022-10-01 08:00:00,99.78,NaN,NaN,NaN,NaN,NaN,NaN,NaN,NaN,18.33,-17.97,15.24,-15.44,12.06,-12.05,11.82,-12.10,10.30,-10.71,NaN,NaN,Calculated discharge uncertainties
27079,IV,1988-06-07,2022-09-30,63.83,1990-10-01 09:00:00,2022-10-01 08:00:00,99.90,288.00,NaN,10-Feb-2020 08:26:45,263.89,306.10,0.04,373.18,0.08,NaN,NaN,35.46,-34.22,27.35,-25.71,22.49,-23.14,14.43,-14.02,21.08,-21.27,Calculated discharge uncertainties
27080,C,1985-09-06,2022-09-30,71.28,1995-08-11 14:00:00,2022-10-01 08:00:00,84.81,NaN,NaN,31-Oct-2000 11:21:00,185.94,228.00,0.07,265.54,0.08,19.04,-18.92,14.41,-14.43,9.06,-9.17,11.45,-11.40,9.41,-9.57,9.15,-8.64,Calculated discharge uncertainties
27084,FV,1988-02-25,2022-09-30,66.54,1990-10-01 09:00:00,2022-10-01 08:00:00,98.59,NaN,55.50,17-Nov-2022 14:05:16,17.63,37.40,0.04,53.71,0.18,49.49,-48.48,23.07,-22.33,12.07,-12.21,11.23,-11.47,9.65,-9.62,NaN,NaN,Calculated discharge uncertainties
27087,US,1989-07-07,2022-09-30,63.14,1990-10-01 09:00:00,2022-10-01 00:00:00,98.50,NaN,26.00,09-Mar-1999 12:55:00,29.80,27.50,0.00,28.40,0.00,43.75,-43.50,34.69,-34.32,36.89,-38.31,39.12,-39.15,34.92,-34.67,53.86,-53.63,Calculated discharge uncertainties
27089,US,1991-06-27,2022-09-30,59.94,1991-06-27 12:00:00,2022-10-01 08:00:00,97.69,NaN,NaN,01-Feb-1995 12:10:00,359.62,374.00,0.01,479.65,0.01,39.47,-39.57,19.03,-19.66,15.10,-15.06,9.59,-9.52,15.51,-15.53,13.73,-13.55,Calculated discharge uncertainties
27090,USVA,1992-12-17,2022-09-30,57.28,1992-12-17 13:00:00,2022-10-01 08:00:00,92.73,450.00,NaN,14-May-1993 09:35:00,220.94,301.00,0.04,499.11,0.16,38.63,-37.96,26.93,-24.59,17.02,-16.42,13.24,-13.68,14.29,-14.45,17.21,-16.57,Calculated discharge uncertainties
28001,FL,1970-10-01,2022-09-30,99.99,1990-10-01 09:00:00,2022-10-01 08:00:00,99.98,NaN,NaN,NaN,NaN,NaN,NaN,NaN,NaN,13.19,-13.05,13.68,-13.40,13.47,-13.94,13.72,-13.87,8.66,-8.07,9.80,-9.81,Calculated discharge uncertainties
28003,C,1970-10-01,2022-09-30,79.48,1993-02-01 00:00:00,2022-10-01 08:00:00,90.28,100.00,NaN,20-Jul-2007 22:37:00,100.06,84.88,0.00,127.25,0.02,14.77,-14.88,17.34,-16.66,11.62,-11.67,12.47,-12.39,12.60,-12.56,11.63,-11.84,Calculated discharge uncertainties
28008,VA,1970-10-01,2022-09-30,100.00,1990-10-01 09:00:00,2022-10-01 08:00:00,96.65,NaN,50.00,06-Sep-2008 14:14:00,100.60,101.00,0.01,135.00,0.03,16.96,-17.28,16.87,-16.91,13.11,-13.20,12.77,-12.24,9.71,-9.71,13.01,-13.01,Calculated discharge uncertainties
28009,VA,1970-10-01,2022-09-30,100.00,2003-09-21 09:00:00,2022-10-01 08:00:00,59.46,550.00,NaN,08-Nov-2000 07:15:00,986.25,982.00,0.00,725.53,0.00,12.87,-13.26,12.79,-12.65,12.99,-14.43,9.86,-9.44,8.58,-8.31,7.46,-7.48,Calculated discharge uncertainties
28012,US,1970-10-01,2022-09-30,100.00,1990-10-01 09:00:00,2022-10-01 08:00:00,95.17,165.00,NaN,07-Nov-2000 13:20:00,176.45,173.60,0.00,128.25,0.00,NaN,NaN,NaN,NaN,NaN,NaN,NaN,NaN,NaN,NaN,NaN,NaN,Discharge uncertainty estimates not provided
28015,IV,1982-11-01,2022-09-30,76.34,1990-10-01 09:00:00,2022-10-01 08:00:00,99.82,15.00,NaN,08-Nov-2000 14:15:00,22.09,19.20,0.00,20.10,0.00,NaN,NaN,NaN,NaN,NaN,NaN,NaN,NaN,NaN,NaN,NaN,NaN,Discharge uncertainty estimates not provided
28018,FVVA,1970-10-01,2022-09-30,100.00,1990-10-01 09:00:00,2022-10-01 08:00:00,95.79,130.00,NaN,21-Jan-2021 15:44:00,189.78,168.00,0.00,187.00,0.00,15.45,-15.39,14.84,-14.83,12.14,-11.90,9.25,-9.28,10.13,-9.99,9.24,-9.52,Calculated discharge uncertainties
28022,USVA,1970-10-01,2022-09-30,100.00,1990-10-01 09:00:00,2022-10-01 08:00:00,100.00,NaN,NaN,09-Nov-2000 09:12:00,935.35,924.00,0.00,973.46,0.01,15.53,-15.19,11.23,-10.92,9.74,-9.81,8.92,-8.98,9.11,-8.63,8.49,-8.48,Calculated discharge uncertainties
28023,FV,1970-10-01,2022-09-30,67.16,1990-10-01 09:00:00,2022-10-01 08:00:00,96.14,32.00,NaN,27-Oct-1998 15:00:00,43.76,30.67,0.00,43.92,0.00,14.00,-13.86,13.28,-13.30,11.38,-11.45,11.06,-11.06,9.77,-9.73,11.19,-10.54,Calculated discharge uncertainties
28024,US,1970-10-01,2022-09-30,97.70,1990-10-01 09:00:00,2022-10-01 08:00:00,79.88,4.80,35.00,06-Nov-2000 12:00:00,67.21,77.96,0.01,42.48,0.00,NaN,NaN,NaN,NaN,NaN,NaN,NaN,NaN,NaN,NaN,NaN,NaN,Discharge uncertainty estimates not provided
28026,C VA,1970-10-01,2022-09-30,100.00,1990-10-01 09:00:00,2022-10-01 08:00:00,97.83,47.00,38.00,06-Nov-2000 20:21:00,73.52,82.00,0.01,117.04,0.01,21.23,-20.46,18.15,-18.95,20.78,-20.51,9.59,-9.33,15.18,-15.97,19.90,-19.76,Calculated discharge uncertainties
28031,C,1970-10-01,2022-09-30,100.00,1990-10-01 09:00:00,2022-10-01 08:00:00,98.41,NaN,100.00,15-Jan-2008 14:55:00,47.37,91.00,0.02,168.75,0.18,18.80,-17.99,14.95,-15.27,12.94,-12.02,14.30,-14.39,9.98,-10.26,9.54,-9.16,Calculated discharge uncertainties
28033,CC,1970-10-01,2022-09-30,79.65,2003-09-21 09:00:00,2022-10-01 08:00:00,59.46,NaN,17.00,30-Nov-2015 14:27:53,5.11,3.96,0.00,9.06,0.02,25.71,-24.31,34.64,-34.29,21.19,-21.16,14.09,-13.57,14.58,-12.90,17.38,-14.94,Calculated discharge uncertainties
28039,C B,1970-10-01,2022-09-30,99.87,1990-10-01 09:00:00,2022-10-01 08:00:00,99.96,128.00,4.00,23-Aug-1987 10:15:00,39.40,35.25,0.00,77.86,0.02,19.77,-18.96,21.30,-19.30,13.37,-13.46,16.45,-15.80,16.69,-16.84,14.72,-14.84,Calculated discharge uncertainties
28040,C,1970-10-01,2022-09-30,100.00,1990-10-01 09:00:00,2022-10-01 08:00:00,100.00,NaN,45.00,23-Aug-1987 00:02:00,30.97,29.70,0.00,29.30,0.00,25.28,-23.71,23.84,-23.34,17.98,-17.65,17.61,-17.32,10.59,-10.54,14.57,-14.40,Calculated discharge uncertainties
28043,VA,1970-10-01,2022-09-30,100.00,1990-10-01 09:00:00,2022-10-01 08:00:00,100.00,208.00,NaN,06-Nov-2000 10:10:00,193.71,157.10,0.00,229.17,0.01,17.54,-17.06,15.97,-16.17,15.64,-15.42,8.34,-8.43,15.84,-15.92,9.84,-9.96,Calculated discharge uncertainties
28044,IV,1970-10-01,2022-09-30,89.06,1990-10-01 09:00:00,2022-10-01 08:00:00,99.97,NaN,228.00,NaN,NaN,NaN,NaN,NaN,NaN,NaN,NaN,13.16,-13.26,11.20,-11.71,13.88,-11.77,9.44,-9.18,NaN,NaN,Calculated discharge uncertainties
28046,FV,1970-10-01,2022-09-30,100.00,1990-10-01 09:00:00,2022-10-01 08:00:00,95.77,NaN,47.00,15-Mar-1988 00:03:00,13.53,26.32,0.05,40.15,0.13,18.48,-17.96,12.92,-12.33,12.62,-14.41,12.31,-11.99,17.88,-17.61,12.44,-12.21,Calculated discharge uncertainties
28048,FVVA,1971-01-13,2022-09-30,99.45,1990-10-01 09:00:00,2022-10-01 08:00:00,99.97,21.00,1.20,21-Jan-2021 10:42:00,18.74,46.70,0.29,58.62,0.40,15.58,-15.35,18.21,-16.54,11.31,-11.05,10.69,-10.75,12.08,-11.10,14.97,-14.91,Calculated discharge uncertainties
28050,XC,1971-06-01,2022-09-30,98.24,1990-10-01 09:00:00,2022-10-01 08:00:00,64.78,76.00,2.80,NaN,NaN,NaN,NaN,NaN,NaN,NaN,NaN,NaN,NaN,NaN,NaN,NaN,NaN,NaN,NaN,NaN,NaN,Discharge uncertainty estimates not provided
28052,FVVA,1971-01-18,2022-09-30,98.50,1990-10-01 09:00:00,2022-10-01 08:00:00,98.42,10.00,2.20,NaN,NaN,NaN,NaN,NaN,NaN,NaN,NaN,NaN,NaN,NaN,NaN,NaN,NaN,NaN,NaN,NaN,NaN,Discharge uncertainty estimates not provided
28055,FV,1971-11-01,2022-09-30,82.80,1990-10-01 09:00:00,2022-10-01 08:00:00,100.00,32.00,0.70,21-Nov-2012 14:43:00,11.04,15.90,0.06,36.20,0.12,20.18,-19.78,17.48,-17.70,14.07,-14.28,16.37,-16.39,11.71,-11.69,9.23,-9.17,Calculated discharge uncertainties
28056,FVVA,1973-05-10,2022-09-30,94.99,1990-10-01 09:00:00,2022-10-01 08:00:00,100.00,23.00,2.50,28-Oct-1998 13:15:00,14.52,15.50,0.01,20.10,0.03,30.63,-29.85,20.72,-20.46,16.19,-16.07,12.55,-12.52,12.61,-11.71,18.08,-18.65,Calculated discharge uncertainties
28060,FVVA,1972-03-01,2022-09-30,91.89,1990-10-01 09:00:00,2022-10-01 08:00:00,100.00,NaN,NaN,20-Dec-2012 13:58:43,7.60,4.25,0.00,4.73,0.00,23.58,-21.93,18.42,-18.39,16.66,-15.47,13.97,-14.84,14.82,-12.99,21.63,-21.85,Calculated discharge uncertainties
28066,FVVA,1973-11-01,2022-09-30,94.07,1990-10-01 09:00:00,2022-10-01 08:00:00,100.00,NaN,NaN,NaN,NaN,NaN,NaN,NaN,NaN,NaN,NaN,NaN,NaN,NaN,NaN,NaN,NaN,NaN,NaN,NaN,NaN,Discharge uncertainty estimates not provided
28067,FV IV,1973-05-01,2022-09-30,95.04,1990-10-01 09:00:00,2022-10-01 08:00:00,99.99,NaN,NaN,08-Feb-1990 12:00:00,109.00,257.40,0.74,277.64,0.91,NaN,NaN,NaN,NaN,NaN,NaN,NaN,NaN,NaN,NaN,NaN,NaN,Discharge uncertainty estimates not provided
28072,FV,1974-12-11,2022-09-30,91.93,1990-10-01 09:00:00,2022-10-01 08:00:00,74.57,NaN,NaN,NaN,NaN,NaN,NaN,NaN,NaN,18.94,-17.81,17.12,-16.77,18.38,-18.91,12.71,-12.52,12.33,-12.03,7.46,-7.17,Calculated discharge uncertainties
28074,US,1978-12-01,2022-09-30,70.84,1991-03-01 09:00:00,2022-10-01 08:00:00,98.69,NaN,NaN,NaN,NaN,NaN,NaN,NaN,NaN,21.73,-21.57,22.88,-22.09,20.29,-20.39,22.52,-22.56,11.23,-11.18,9.23,-9.14,Calculated discharge uncertainties
28080,MIS,1970-10-01,2022-09-30,100.00,1990-10-01 09:00:00,2022-10-01 08:00:00,100.00,80.00,NaN,06-Nov-2000 12:06:00,192.35,174.00,0.00,214.05,0.01,NaN,NaN,16.66,-19.61,17.81,-20.02,9.55,-9.78,15.63,-15.76,19.32,-18.97,Calculated discharge uncertainties
28081,US,1991-02-01,2022-09-30,60.89,1991-02-01 09:00:00,2022-10-01 08:00:00,82.89,NaN,NaN,14-Jul-1982 13:40:00,44.90,39.50,0.00,79.69,0.02,NaN,NaN,41.30,-41.41,93.88,-89.17,72.49,-72.08,49.29,-49.14,31.65,-31.59,Calculated discharge uncertainties
28082,XC,1971-08-01,2022-09-30,98.40,1990-10-01 09:00:00,2022-10-01 08:00:00,100.00,5.50,NaN,03-Jan-2024 09:27:05,56.57,21.60,0.00,26.01,0.00,NaN,NaN,NaN,NaN,NaN,NaN,NaN,NaN,NaN,NaN,NaN,NaN,No stage-discharge measurements available
28085,US,1970-10-01,2022-09-30,100.00,1990-10-01 09:00:00,2022-10-01 08:00:00,100.00,92.00,NaN,21-Oct-2023 08:38:03,297.69,244.30,0.00,302.30,0.00,22.50,-21.96,15.53,-14.79,13.59,-13.59,13.04,-12.90,11.77,-11.72,10.88,-10.57,Calculated discharge uncertainties
28091,IV,1984-05-15,2022-09-30,73.33,1990-10-01 09:00:00,2022-10-01 08:00:00,100.00,NaN,NaN,08-Nov-2019 11:58:17,37.20,33.76,0.00,37.75,0.00,32.65,-31.60,38.70,-32.54,36.60,-36.59,51.54,-51.66,55.63,-55.52,148.39,-76.50,Calculated discharge uncertainties
28093,US,1986-08-01,2022-09-30,69.01,1991-01-01 10:00:00,2022-10-01 08:00:00,99.05,NaN,NaN,NaN,NaN,NaN,NaN,NaN,NaN,NaN,NaN,NaN,NaN,NaN,NaN,NaN,NaN,NaN,NaN,NaN,NaN,Discharge uncertainty estimates not provided
28115,FV,1992-05-01,2022-09-30,58.37,1992-05-01 09:00:00,2022-10-01 08:00:00,95.05,NaN,NaN,07-Jun-1999 11:15:00,1.45,6.85,3.31,17.73,3.82,19.75,-18.36,23.42,-24.01,15.63,-14.96,18.79,-18.60,8.82,-8.71,NaN,NaN,Calculated discharge uncertainties
28116,US,1997-01-01,2022-09-30,49.44,1992-09-29 08:00:00,2022-10-01 08:00:00,93.65,NaN,NaN,NaN,NaN,NaN,NaN,NaN,NaN,NaN,NaN,NaN,NaN,NaN,NaN,NaN,NaN,NaN,NaN,NaN,NaN,Discharge uncertainty estimates not provided
28117,FV,1997-01-01,2022-09-30,49.51,1992-10-01 09:00:00,2022-10-01 08:00:00,93.75,NaN,NaN,NaN,NaN,NaN,NaN,NaN,NaN,NaN,NaN,13.31,-13.28,10.67,-10.77,9.70,-9.71,12.95,-12.95,9.03,-8.86,Calculated discharge uncertainties
29002,C B,1970-10-01,2022-09-30,99.72,1990-10-01 09:00:00,2022-10-01 08:00:00,99.47,12.80,1.00,13-Apr-1970 00:08:00,4.07,6.51,0.06,7.00,0.07,33.48,-33.18,19.22,-19.82,15.91,-16.08,12.99,-13.59,17.11,-17.15,11.03,-11.13,Calculated discharge uncertainties
29003,C,1970-10-01,2022-09-30,100.00,1990-10-01 09:00:00,2022-10-01 08:00:00,100.00,NaN,20.00,06-Nov-2000 08:46:00,3.05,5.64,0.05,14.14,0.10,27.01,-26.59,30.46,-29.17,21.93,-21.87,22.84,-23.67,17.31,-17.74,11.36,-11.60,Calculated discharge uncertainties
29005,C,1970-10-01,2022-09-30,99.96,1990-10-01 09:00:00,2022-10-01 08:00:00,99.59,NaN,18.00,NaN,NaN,NaN,NaN,NaN,NaN,NaN,NaN,NaN,NaN,NaN,NaN,NaN,NaN,NaN,NaN,NaN,NaN,Discharge uncertainty estimates not provided
29009,FV,1974-03-07,2022-09-30,91.40,1990-10-01 09:00:00,2022-10-01 08:00:00,96.37,NaN,NaN,19-Feb-2024 09:35:28,1.03,6.85,0.88,9.33,0.84,NaN,NaN,52.33,-51.05,29.60,-28.71,17.55,-17.34,10.58,-9.94,NaN,NaN,Calculated discharge uncertainties
30001,B,1970-10-01,2022-09-30,100.00,1990-10-01 09:00:00,2022-10-01 08:00:00,99.74,NaN,43.00,10-Dec-1965 00:00:00,21.79,31.60,0.05,32.35,0.08,23.77,-23.58,23.13,-22.97,23.74,-23.69,24.62,-24.38,11.01,-10.59,NaN,NaN,Calculated discharge uncertainties
30004,C,1970-10-01,2022-09-30,99.82,1990-10-01 09:00:00,2022-10-01 08:00:00,99.73,NaN,NaN,06-Nov-2000 14:57:00,5.28,11.75,0.16,12.04,0.30,25.08,-24.58,21.67,-21.13,21.95,-21.72,19.41,-19.48,12.69,-12.50,7.93,-7.75,Calculated discharge uncertainties
30005,CB,1970-10-01,2022-09-30,99.78,1990-10-01 09:00:00,2022-10-01 08:00:00,99.73,NaN,NaN,06-Feb-2001 09:32:00,4.79,10.23,0.38,17.00,0.40,22.67,-22.67,19.52,-19.13,18.30,-18.25,28.19,-28.24,14.37,-13.69,9.76,-9.36,Calculated discharge uncertainties
30011,C VA,1971-08-01,2022-09-30,98.23,1990-10-01 09:00:00,2022-10-01 08:00:00,100.00,NaN,30.00,13-Oct-1993 13:05:00,5.29,9.59,0.04,11.63,0.05,29.43,-27.53,23.25,-23.16,17.58,-17.51,18.07,-17.53,20.20,-20.02,12.43,-11.74,Calculated discharge uncertainties
30012,CC,1970-12-01,2022-09-30,96.00,1990-10-01 09:00:00,2022-10-01 08:00:00,97.08,NaN,9.20,NaN,NaN,NaN,NaN,NaN,NaN,NaN,NaN,64.89,-60.23,29.09,-28.97,20.87,-20.78,20.43,-20.43,12.28,-11.16,Calculated discharge uncertainties
30014,C,1972-05-01,2022-09-30,96.96,1990-10-01 09:00:00,2022-10-01 08:00:00,99.67,NaN,5.70,28-Jun-1973 00:00:00,1.54,9.00,0.17,5.63,0.23,NaN,NaN,NaN,NaN,NaN,NaN,NaN,NaN,NaN,NaN,NaN,NaN,Less than 20 stage-discharge measurements available for most recent rating
30015,TP,1976-05-01,2022-09-30,89.25,1990-10-01 09:00:00,2022-10-01 08:00:00,99.69,NaN,6.30,NaN,NaN,NaN,NaN,NaN,NaN,NaN,NaN,NaN,NaN,NaN,NaN,NaN,NaN,NaN,NaN,NaN,NaN,Less than 20 stage-discharge measurements available for most recent rating
3003,VA,1977-11-01,2022-09-30,86.37,1990-10-01 09:00:00,2022-10-01 08:00:00,100.00,582.80,NaN,29-Jan-1982 12:00:00,447.40,404.90,0.00,630.42,0.01,22.23,-20.92,16.78,-16.83,15.69,-15.77,8.02,-8.75,9.02,-8.76,NaN,NaN,Calculated discharge uncertainties
31002,FVUS+FL,1970-10-01,2022-09-30,97.63,,,0.00,NaN,NaN,NaN,NaN,NaN,NaN,NaN,NaN,90.71,-79.37,30.49,-28.96,25.02,-23.68,14.10,-13.20,9.16,-8.37,NaN,NaN,Calculated discharge uncertainties
31006,C,1970-10-01,2022-09-30,99.64,1990-10-01 09:00:00,2022-10-01 08:00:00,98.96,NaN,24.00,NaN,NaN,NaN,NaN,NaN,NaN,NaN,NaN,27.16,-25.97,17.79,-18.11,12.56,-12.29,NaN,NaN,NaN,NaN,Calculated discharge uncertainties
31010,CC,1970-10-01,2022-09-30,100.00,1990-10-01 09:00:00,2022-10-01 08:00:00,99.92,NaN,19.20,06-Jan-2014 13:49:41,3.66,12.70,0.97,19.04,1.08,47.72,-31.00,22.38,-22.92,21.63,-19.06,15.80,-16.31,8.81,-8.26,NaN,NaN,Calculated discharge uncertainties
31021,C VA,1970-10-01,2022-09-30,99.45,1990-10-01 09:00:00,2022-10-01 08:00:00,98.82,22.10,4.90,NaN,NaN,NaN,NaN,NaN,NaN,78.64,-78.98,46.01,-45.91,22.89,-22.86,11.35,-10.38,10.87,-11.14,7.56,-7.55,Calculated discharge uncertainties
31023,FV,1972-02-01,2022-09-30,95.10,1990-10-01 09:00:00,2022-10-01 08:00:00,95.78,NaN,10.70,14-Jan-1993 09:41:00,0.11,1.34,4.33,5.40,3.47,NaN,NaN,NaN,NaN,NaN,NaN,NaN,NaN,NaN,NaN,NaN,NaN,Less than 20 stage-discharge measurements available for most recent rating
31025,FV,1978-09-01,2022-09-30,84.77,1990-10-01 09:00:00,2022-10-01 08:00:00,99.41,NaN,16.10,23-Nov-1992 11:57:00,0.55,6.68,7.94,16.68,6.72,58.02,-50.12,32.98,-28.49,23.31,-24.89,39.81,-42.76,NaN,NaN,NaN,NaN,Calculated discharge uncertainties
32003,FV,1970-10-01,2022-09-30,99.22,1990-10-01 09:00:00,2022-10-01 08:00:00,98.14,NaN,15.20,22-Feb-2024 12:30:52,3.60,31.30,1.23,54.54,1.36,NaN,NaN,27.15,-22.36,17.63,-15.78,13.35,-14.20,10.92,-13.55,NaN,NaN,Calculated discharge uncertainties
32004,FV,1970-10-01,2022-09-30,96.63,1990-10-01 09:00:00,2022-10-01 08:00:00,94.89,NaN,26.00,09-Dec-1992 10:33:00,4.29,35.90,6.00,53.03,6.37,25.62,-25.82,20.86,-21.29,16.93,-15.79,12.49,-11.79,NaN,NaN,NaN,NaN,Calculated discharge uncertainties
32006,FL+C,1970-10-01,2022-09-30,99.45,1990-10-01 09:00:00,2022-10-01 08:00:00,96.89,NaN,NaN,NaN,NaN,NaN,NaN,NaN,NaN,15.07,-15.01,12.66,-12.36,13.61,-13.41,NaN,NaN,NaN,NaN,NaN,NaN,Calculated discharge uncertainties
32008,C,1970-10-01,2022-09-30,99.86,1990-10-01 09:00:00,2022-10-01 08:00:00,99.54,NaN,10.00,05-Feb-2014 14:16:26,3.85,10.00,1.91,11.62,2.02,24.23,-27.33,24.13,-22.58,15.73,-15.99,27.45,-27.19,13.01,-10.22,NaN,NaN,Calculated discharge uncertainties
33006,FL+FL,1970-10-01,2022-09-30,100.00,1994-03-30 12:00:00,2022-10-01 08:00:00,87.92,NaN,NaN,NaN,NaN,NaN,NaN,NaN,NaN,20.24,-19.70,15.58,-14.64,17.80,-17.99,28.35,-30.09,NaN,NaN,NaN,NaN,Calculated discharge uncertainties
33007,FLCB,1970-10-01,2022-09-30,99.97,1990-10-01 09:00:00,2022-10-01 08:00:00,98.96,NaN,25.60,29-Dec-2017 10:15:00,4.74,7.00,0.07,6.03,0.07,NaN,NaN,NaN,NaN,NaN,NaN,NaN,NaN,NaN,NaN,NaN,NaN,Less than 20 stage-discharge measurements available for most recent rating
33012,CB,1970-10-01,2022-09-30,100.00,1990-10-01 09:00:00,2022-10-01 08:00:00,99.96,49.00,16.00,16-Jan-2008 11:30:00,26.70,21.30,0.00,24.64,0.00,NaN,NaN,NaN,NaN,NaN,NaN,NaN,NaN,NaN,NaN,NaN,NaN,Discharge uncertainty estimates not provided
33013,TP,1970-10-01,2022-09-30,100.00,1990-10-01 09:00:00,2022-10-01 08:00:00,99.66,NaN,14.00,07-Feb-2001 12:17:30,9.03,7.66,0.00,7.61,0.00,NaN,NaN,NaN,NaN,NaN,NaN,NaN,NaN,NaN,NaN,NaN,NaN,Less than 20 stage-discharge measurements available for most recent rating
33014,CB,1970-10-01,2022-09-30,99.74,1990-10-01 09:00:00,2022-10-01 08:00:00,98.08,NaN,25.00,09-Feb-2001 15:27:00,13.00,13.20,0.01,13.37,0.01,NaN,NaN,NaN,NaN,NaN,NaN,NaN,NaN,NaN,NaN,NaN,NaN,Less than 20 stage-discharge measurements available for most recent rating
33018,CB,1970-10-01,2022-09-30,100.00,1990-10-01 09:00:00,2022-10-01 08:00:00,97.24,32.00,29.00,17-Oct-2007 12:21:13,18.10,32.72,0.05,54.20,0.15,30.57,-30.04,26.40,-26.36,13.03,-12.18,27.53,-24.15,35.49,-32.94,11.23,-10.66,Calculated discharge uncertainties
33019,C,1970-10-01,2022-09-30,100.00,1990-10-01 09:00:00,2022-10-01 08:00:00,99.53,NaN,14.50,08-Feb-2001 11:07:30,15.70,15.64,0.00,16.00,0.00,NaN,NaN,NaN,NaN,NaN,NaN,NaN,NaN,NaN,NaN,NaN,NaN,Less than 20 stage-discharge measurements available for most recent rating
33020,MIS,1970-10-01,2022-09-30,91.77,1995-06-02 12:00:00,2022-10-01 08:00:00,85.41,42.50,11.50,NaN,NaN,NaN,NaN,NaN,NaN,NaN,NaN,NaN,NaN,NaN,NaN,NaN,NaN,NaN,NaN,NaN,NaN,Discharge uncertainty estimates not provided
33021,C,1970-10-01,2022-09-30,99.99,1990-10-01 09:00:00,2022-10-01 08:00:00,98.85,NaN,14.00,13-Nov-2000 11:37:00,7.58,20.70,0.91,13.41,1.00,NaN,NaN,NaN,NaN,NaN,NaN,NaN,NaN,NaN,NaN,NaN,NaN,Less than 20 stage-discharge measurements available for most recent rating
33022,C,1970-10-01,2022-09-30,100.00,1990-10-01 09:00:00,2022-10-01 08:00:00,99.38,NaN,35.00,18-Mar-2013 12:06:50,21.36,30.90,0.21,34.38,0.33,NaN,NaN,22.99,-22.77,16.28,-15.64,17.78,-16.75,13.28,-13.04,9.04,-8.73,Calculated discharge uncertainties
33023,C,1970-10-01,2022-09-30,100.00,1990-10-01 09:00:00,2022-10-01 08:00:00,99.48,NaN,4.20,26-Jan-2001 09:15:00,1.12,5.54,2.70,8.64,2.66,NaN,NaN,NaN,NaN,NaN,NaN,NaN,NaN,NaN,NaN,NaN,NaN,Less than 20 stage-discharge measurements available for most recent rating
33024,TP,1970-10-01,2022-09-30,100.00,1990-10-01 09:00:00,2022-10-01 08:00:00,98.42,NaN,8.00,NaN,NaN,NaN,NaN,NaN,NaN,NaN,NaN,NaN,NaN,NaN,NaN,NaN,NaN,NaN,NaN,NaN,NaN,No stage-discharge measurements available
33026,MIS,1972-01-01,2022-09-30,96.05,,,0.00,NaN,NaN,NaN,NaN,NaN,NaN,NaN,NaN,NaN,NaN,NaN,NaN,NaN,NaN,NaN,NaN,NaN,NaN,NaN,NaN,Less than 20 stage-discharge measurements available for most recent rating
33028,FL,1970-10-01,2022-09-30,100.00,1990-10-01 09:00:00,2022-10-01 08:00:00,99.78,NaN,5.80,14-Jan-2021 12:25:00,7.73,23.70,0.15,32.90,0.21,NaN,NaN,NaN,NaN,NaN,NaN,NaN,NaN,NaN,NaN,NaN,NaN,Less than 20 stage-discharge measurements available for most recent rating
33029,FL,1970-10-01,2022-09-30,99.96,1990-10-03 12:00:00,2022-10-01 08:00:00,99.07,NaN,NaN,15-Jan-2020 13:04:00,2.78,4.70,0.32,4.89,0.35,NaN,NaN,NaN,NaN,NaN,NaN,NaN,NaN,NaN,NaN,NaN,NaN,Less than 20 stage-discharge measurements available for most recent rating
33031,FV,1970-11-18,2022-09-30,98.73,1990-10-01 09:00:00,2022-10-01 08:00:00,98.39,7.20,5.20,10-Nov-2008 15:35:00,3.38,18.10,1.25,24.97,1.69,NaN,NaN,NaN,NaN,NaN,NaN,NaN,NaN,NaN,NaN,NaN,NaN,Less than 20 stage-discharge measurements available for most recent rating
33032,C+C,1970-10-01,2022-09-30,99.76,1990-10-01 09:00:00,2022-10-01 08:00:00,95.79,NaN,5.00,15-Feb-2021 10:08:39,0.76,1.09,0.55,0.95,0.31,NaN,NaN,NaN,NaN,NaN,NaN,NaN,NaN,NaN,NaN,NaN,NaN,Less than 20 stage-discharge measurements available for most recent rating
33033,C,1973-04-01,2022-09-30,95.17,1990-10-01 09:00:00,2022-10-01 08:00:00,99.68,NaN,12.90,NaN,NaN,NaN,NaN,NaN,NaN,24.07,-26.23,19.80,-22.12,16.53,-16.86,10.85,-11.62,10.34,-9.93,10.67,-10.12,Calculated discharge uncertainties
33034,C,1970-10-01,2022-09-30,100.00,1990-10-01 09:00:00,2022-10-01 08:00:00,91.99,NaN,40.00,08-Feb-2001 09:50:00,28.18,33.08,0.02,36.07,0.02,NaN,NaN,NaN,NaN,NaN,NaN,NaN,NaN,NaN,NaN,NaN,NaN,Less than 20 stage-discharge measurements available for most recent rating
33035,MIS,1970-10-01,2021-09-30,95.99,,,0.00,NaN,NaN,NaN,NaN,NaN,NaN,NaN,NaN,NaN,NaN,NaN,NaN,NaN,NaN,NaN,NaN,NaN,NaN,NaN,NaN,No stage-discharge measurements available
33039,FV,1972-10-23,2022-09-30,95.32,1990-10-01 09:00:00,2022-10-01 08:00:00,99.39,NaN,122.00,25-Jul-2007 10:14:22,77.00,175.30,0.65,245.83,0.61,NaN,NaN,NaN,NaN,NaN,NaN,NaN,NaN,NaN,NaN,NaN,NaN,Less than 20 stage-discharge measurements available for most recent rating
33053,MIS,1970-10-01,2022-09-30,98.25,1991-01-06 09:00:00,2022-10-01 08:00:00,97.58,NaN,7.50,NaN,NaN,NaN,NaN,NaN,NaN,NaN,NaN,NaN,NaN,NaN,NaN,NaN,NaN,NaN,NaN,NaN,NaN,Less than 20 stage-discharge measurements available for most recent rating
33054,FV,1976-07-13,2022-09-30,88.66,1990-10-01 09:00:00,2022-10-01 08:00:00,98.12,NaN,11.00,15-Feb-2021 12:03:25,1.63,3.19,0.27,3.60,0.32,NaN,NaN,NaN,NaN,NaN,NaN,NaN,NaN,NaN,NaN,NaN,NaN,Less than 20 stage-discharge measurements available for most recent rating
33058,FV,1978-05-03,2022-09-30,85.41,1990-10-01 09:00:00,2022-10-01 08:00:00,95.72,NaN,96.00,13-Feb-2001 11:42:30,26.14,36.92,0.12,41.14,0.29,NaN,NaN,NaN,NaN,NaN,NaN,NaN,NaN,NaN,NaN,NaN,NaN,Less than 20 stage-discharge measurements available for most recent rating
34002,FV,1970-10-01,2022-09-30,98.60,1990-10-01 09:00:00,2022-10-01 08:00:00,99.00,NaN,NaN,NaN,NaN,NaN,NaN,NaN,NaN,17.34,-16.29,12.38,-12.24,13.47,-12.70,13.41,-12.26,11.83,-9.45,37.41,-42.58,Calculated discharge uncertainties
34003,MIS,1970-10-01,2022-09-30,100.00,1990-10-01 09:00:00,2022-10-01 08:00:00,99.46,4.30,NaN,22-Oct-2021 00:00:00,3.35,11.80,1.20,11.14,1.37,NaN,NaN,NaN,NaN,NaN,NaN,NaN,NaN,NaN,NaN,NaN,NaN,Less than 20 stage-discharge measurements available for most recent rating
34004,MIS,1970-10-01,2022-09-30,98.62,2003-04-01 00:00:00,2022-10-01 08:00:00,60.70,18.80,NaN,NaN,NaN,NaN,NaN,NaN,NaN,NaN,NaN,NaN,NaN,NaN,NaN,NaN,NaN,NaN,NaN,NaN,NaN,Less than 20 stage-discharge measurements available for most recent rating
34005,CFL,1970-10-01,2022-09-30,99.35,1990-10-01 09:00:00,2022-10-01 08:00:00,99.27,NaN,NaN,07-Nov-2000 11:47:00,4.03,8.84,0.09,10.81,0.10,NaN,NaN,18.43,-17.25,13.23,-12.79,12.07,-11.52,14.13,-13.33,9.54,-9.05,Calculated discharge uncertainties
34006,CC,1970-10-01,2022-09-30,100.00,1990-10-01 09:00:00,2022-10-01 08:00:00,99.33,23.00,NaN,09-Feb-2001 10:45:00,18.10,77.40,0.52,51.02,0.51,NaN,NaN,72.54,-39.80,70.53,-63.93,20.41,-19.59,27.21,-26.60,19.42,-18.82,Calculated discharge uncertainties
34007,CC,1970-10-01,2022-09-30,99.31,1990-10-01 09:00:00,2022-10-01 08:00:00,99.04,23.60,NaN,01-Mar-2010 13:30:00,12.18,27.00,0.33,39.08,0.41,NaN,NaN,NaN,NaN,NaN,NaN,NaN,NaN,NaN,NaN,NaN,NaN,Less than 20 stage-discharge measurements available for most recent rating
34008,C,1970-10-01,2022-09-30,97.08,1992-10-14 16:00:00,2022-10-01 08:00:00,91.05,NaN,NaN,10-Mar-2016 11:19:00,0.81,2.60,0.48,1.86,0.53,NaN,NaN,NaN,NaN,NaN,NaN,NaN,NaN,NaN,NaN,NaN,NaN,Less than 20 stage-discharge measurements available for most recent rating
34010,MIS,1970-10-01,2022-09-30,99.17,1990-10-04 11:00:00,2022-10-01 08:00:00,99.67,7.50,NaN,NaN,NaN,NaN,NaN,NaN,NaN,26.24,-27.02,13.99,-13.99,12.97,-13.12,16.99,-22.21,NaN,NaN,NaN,NaN,Calculated discharge uncertainties
34011,MIS,1970-10-01,2022-07-31,99.10,1990-10-01 09:00:00,2022-10-01 08:00:00,98.36,11.00,NaN,NaN,NaN,NaN,NaN,NaN,NaN,NaN,NaN,NaN,NaN,NaN,NaN,NaN,NaN,NaN,NaN,NaN,NaN,Less than 20 stage-discharge measurements available for most recent rating
34012,CC,1970-10-01,2022-09-30,99.97,1990-10-01 09:00:00,2022-10-01 08:00:00,99.79,2.80,NaN,17-Feb-2021 15:27:00,1.33,1.50,0.13,1.78,0.21,NaN,NaN,NaN,NaN,NaN,NaN,NaN,NaN,NaN,NaN,NaN,NaN,Less than 20 stage-discharge measurements available for most recent rating
35003,MIS,1970-10-01,2022-09-30,99.62,1990-10-01 09:00:00,2022-10-01 08:00:00,99.10,NaN,NaN,05-Feb-2001 11:43:00,6.33,25.40,0.48,38.48,0.58,NaN,NaN,18.94,-19.12,27.67,-25.50,35.61,-33.11,22.06,-20.06,17.68,-13.99,Calculated discharge uncertainties
35008,CC,1970-10-01,2022-09-30,99.38,1990-10-01 09:00:00,2022-10-01 08:00:00,98.44,32.20,NaN,03-May-2012 14:45:00,25.41,22.04,0.00,28.42,0.00,NaN,NaN,NaN,NaN,32.79,-32.06,24.91,-23.44,12.66,-12.60,11.99,-12.26,Calculated discharge uncertainties
36003,FL,1970-10-01,2022-09-30,99.96,1990-10-01 09:00:00,2022-10-01 08:00:00,99.02,11.00,12.00,09-Dec-1982 15:00:00,5.54,6.79,0.02,9.05,0.07,24.30,-24.44,23.45,-23.63,20.41,-19.68,12.35,-11.97,10.18,-10.35,11.10,-12.15,Calculated discharge uncertainties
36006,FL,1970-10-01,2022-09-30,100.00,1990-10-01 09:00:00,2022-10-01 08:00:00,99.44,40.00,40.00,20-Nov-1974 09:00:00,42.30,50.30,0.04,36.47,0.00,NaN,NaN,NaN,NaN,NaN,NaN,NaN,NaN,NaN,NaN,NaN,NaN,Less than 20 stage-discharge measurements available for most recent rating
36009,EW,1970-10-01,2022-09-30,99.94,1990-10-01 09:00:00,2022-10-01 08:00:00,92.57,8.00,NaN,18-Nov-1974 00:00:00,4.13,6.35,0.06,8.72,0.15,NaN,NaN,NaN,NaN,NaN,NaN,NaN,NaN,NaN,NaN,NaN,NaN,Less than 20 stage-discharge measurements available for most recent rating
36010,EW,1970-10-01,2022-09-30,99.87,1990-10-01 09:00:00,2022-10-01 08:00:00,98.98,6.00,6.00,13-Dec-2000 15:00:00,0.62,14.41,5.08,19.23,4.70,NaN,NaN,NaN,NaN,NaN,NaN,NaN,NaN,NaN,NaN,NaN,NaN,Less than 20 stage-discharge measurements available for most recent rating
36011,EW,1970-10-01,2022-09-30,99.65,1990-10-01 09:00:00,2022-10-01 08:00:00,98.63,5.70,7.00,02-Feb-1979 11:15:00,6.90,11.90,0.03,25.27,0.12,NaN,NaN,33.47,-32.02,28.22,-27.19,16.35,-15.45,11.11,-10.68,NaN,NaN,Calculated discharge uncertainties
36012,EW,1970-10-01,2022-09-30,99.92,1990-10-01 09:00:00,2022-10-01 08:00:00,91.71,10.00,10.00,01-Oct-1993 00:00:00,14.95,16.37,0.01,17.52,0.03,37.28,-39.51,19.27,-19.11,11.65,-12.04,11.02,-10.57,8.71,-8.31,NaN,NaN,Calculated discharge uncertainties
37001,EW,1970-10-01,2022-09-30,100.00,1990-10-01 09:00:00,2022-10-01 08:00:00,99.89,24.90,33.50,10-Dec-1982 14:15:00,38.71,59.60,0.02,74.51,0.02,NaN,NaN,16.56,-16.09,15.89,-16.48,10.74,-10.97,10.61,-10.49,8.91,-8.61,Calculated discharge uncertainties
37003,FL,1970-10-01,2022-09-30,99.98,1990-10-01 09:00:00,2022-10-01 08:00:00,97.34,8.00,11.50,31-Dec-1981 09:50:00,11.50,9.68,0.00,11.45,0.00,NaN,NaN,NaN,NaN,NaN,NaN,NaN,NaN,NaN,NaN,NaN,NaN,Less than 20 stage-discharge measurements available for most recent rating
37005,FL,1970-10-01,2022-09-30,99.91,1990-10-01 09:00:00,2022-10-01 08:00:00,99.09,16.00,20.00,09-Feb-2001 11:10:00,22.60,30.27,0.01,31.45,0.01,NaN,NaN,NaN,NaN,18.49,-17.87,16.19,-16.17,18.80,-18.57,9.84,-9.55,Calculated discharge uncertainties
37008,EW,1970-10-01,2022-09-30,100.00,1990-10-01 09:00:00,2022-10-01 08:00:00,98.04,6.00,85.00,22-Nov-1974 00:00:00,32.35,29.30,0.00,43.17,0.01,74.97,-74.92,52.36,-52.02,37.62,-37.21,27.14,-27.05,15.45,-15.10,25.10,-24.39,Calculated discharge uncertainties
37009,EW,1970-10-01,2022-09-30,100.00,1990-10-01 09:00:00,2022-10-01 08:00:00,99.45,17.00,27.50,22-Nov-1974 14:10:00,8.43,15.10,0.04,25.20,0.06,23.34,-22.41,18.85,-18.71,13.29,-12.83,11.58,-11.35,24.57,-20.94,25.60,-24.48,Calculated discharge uncertainties
37010,FL,1970-10-01,2022-09-30,99.87,1990-10-01 09:00:00,2022-10-01 08:00:00,99.23,20.00,20.00,01-Mar-1969 00:00:00,20.00,46.10,0.05,54.31,0.43,21.30,-21.34,15.74,-15.28,14.43,-14.58,10.27,-9.94,12.61,-13.03,10.04,-10.05,Calculated discharge uncertainties
37011,FL,1970-10-01,2022-09-30,99.96,1990-10-01 09:00:00,2022-10-01 08:00:00,97.80,9.00,10.00,02-Feb-1979 11:25:00,10.70,14.50,0.02,30.62,0.05,NaN,NaN,28.21,-27.90,20.89,-19.54,66.67,-65.89,35.81,-34.82,16.84,-16.29,Calculated discharge uncertainties
37018,EW,1970-11-01,2022-09-30,99.84,1990-10-01 09:00:00,2022-10-01 08:00:00,99.80,8.39,20.00,11-Jun-2012 13:09:15,3.61,18.20,0.34,42.92,0.48,21.98,-20.65,22.96,-22.02,23.01,-22.35,20.90,-21.55,13.00,-13.43,11.80,-19.81,Calculated discharge uncertainties
37019,EW,1970-10-01,2022-09-30,100.00,1990-10-01 09:00:00,2022-10-01 08:00:00,97.85,9.58,26.00,08-Dec-1994 13:23:00,5.27,13.70,0.13,34.52,0.37,NaN,NaN,NaN,NaN,NaN,NaN,NaN,NaN,NaN,NaN,NaN,NaN,Less than 20 stage-discharge measurements available for most recent rating
37020,EW,1970-10-01,2022-09-30,99.95,1990-10-01 09:00:00,2022-10-01 08:00:00,99.05,12.00,11.00,01-Dec-1982 00:00:00,16.20,24.80,0.05,47.17,0.10,NaN,NaN,67.71,-68.84,47.85,-49.26,24.80,-24.83,31.72,-29.92,14.17,-14.15,Calculated discharge uncertainties
37031,C VA,1976-07-01,2022-09-30,88.54,1994-01-01 10:00:00,2022-10-01 08:00:00,87.66,40.00,1.30,02-Jan-2001 10:25:00,1.03,29.10,6.81,53.10,6.49,NaN,NaN,NaN,NaN,NaN,NaN,NaN,NaN,NaN,NaN,NaN,NaN,Less than 20 stage-discharge measurements available for most recent rating
37033,MIS,1975-10-01,2022-09-30,87.24,1990-10-11 12:00:00,2022-10-01 08:00:00,93.46,20.00,NaN,21-Oct-2019 09:30:00,0.66,2.88,0.29,9.33,0.88,77.52,-72.47,77.52,-72.47,45.99,-44.64,32.10,-30.32,15.30,-13.23,NaN,NaN,Calculated discharge uncertainties
38001,MIS,1970-10-01,2022-09-30,100.00,1990-10-01 09:00:00,2022-10-01 08:00:00,99.35,51.68,40.00,17-Jan-2011 15:40:00,16.40,93.80,3.40,113.79,3.61,NaN,NaN,NaN,NaN,49.24,-53.26,75.04,-39.67,NaN,NaN,NaN,NaN,Calculated discharge uncertainties
38003,FL,1970-10-01,2022-09-30,100.00,1990-10-01 09:00:00,2022-10-01 08:00:00,99.73,NaN,NaN,22-May-2024 08:34:28,2.13,2.43,0.01,5.70,0.09,14.22,-13.96,13.31,-13.12,13.93,-13.69,14.42,-14.39,13.78,-13.81,10.61,-10.44,Calculated discharge uncertainties
38004,FL+C,1979-10-01,2022-09-30,82.44,1990-10-01 09:00:00,2022-10-01 08:00:00,100.00,13.49,30.00,15-Mar-1964 12:00:00,13.71,18.20,0.04,29.23,0.06,30.35,-30.00,19.69,-20.02,14.63,-16.19,37.71,-38.53,27.16,-19.98,18.56,-17.42,Calculated discharge uncertainties
38007,FL,1970-10-01,2022-09-30,99.79,1990-10-01 09:00:00,2022-10-01 08:00:00,99.66,8.96,11.30,20-Dec-2012 11:08:32,4.57,5.37,0.01,14.08,0.10,25.64,-22.17,38.01,-36.70,17.70,-17.21,24.44,-22.05,15.02,-14.98,10.95,-10.51,Calculated discharge uncertainties
38012,FV,1974-04-01,2022-09-30,93.24,1990-10-01 09:00:00,2022-10-01 08:00:00,99.82,3.00,3.90,NaN,NaN,NaN,NaN,NaN,NaN,55.22,-52.56,30.02,-29.40,22.38,-22.26,31.97,-30.22,20.53,-19.03,12.72,-12.27,Calculated discharge uncertainties
38014,FV,1970-10-01,2022-09-30,98.98,1990-10-01 09:00:00,2022-10-01 08:00:00,99.84,6.01,15.00,NaN,NaN,NaN,NaN,NaN,NaN,NaN,NaN,NaN,NaN,NaN,NaN,NaN,NaN,NaN,NaN,NaN,NaN,Less than 20 stage-discharge measurements available for most recent rating
38017,C,1970-10-01,2022-09-30,100.00,1990-10-01 09:00:00,2022-10-01 08:00:00,99.92,0.26,0.50,NaN,NaN,NaN,NaN,NaN,NaN,58.49,-55.79,35.59,-32.10,18.04,-17.38,13.42,-12.50,13.37,-13.43,10.58,-10.83,Calculated discharge uncertainties
38018,C,1970-10-01,2022-09-30,100.00,1990-10-01 09:00:00,2022-10-01 08:00:00,100.00,NaN,NaN,11-Jan-2016 12:02:26,6.40,9.31,0.09,18.03,0.15,28.64,-27.59,19.36,-18.22,13.64,-13.20,16.69,-16.40,13.36,-13.14,9.63,-9.26,Calculated discharge uncertainties
38021,FV,1971-09-01,2022-09-30,98.24,1990-10-01 09:00:00,2022-10-01 08:00:00,99.90,NaN,16.80,01-Jun-1983 10:30:00,18.23,7.47,0.00,18.85,0.00,14.85,-15.13,31.47,-23.07,19.35,-18.96,34.99,-27.95,46.12,-44.43,15.65,-13.29,Calculated discharge uncertainties
38026,FV,1974-08-01,2022-09-30,92.61,1990-10-01 09:00:00,2022-10-01 08:00:00,99.59,NaN,16.80,NaN,NaN,NaN,NaN,NaN,NaN,28.79,-27.35,26.19,-23.89,24.98,-24.98,16.01,-15.06,13.60,-18.12,10.36,-13.01,Calculated discharge uncertainties
38029,FV,1978-05-01,2022-09-30,85.42,1990-10-01 09:00:00,2022-10-01 08:00:00,99.88,NaN,11.50,NaN,NaN,NaN,NaN,NaN,NaN,NaN,NaN,NaN,NaN,NaN,NaN,NaN,NaN,NaN,NaN,NaN,NaN,Less than 20 stage-discharge measurements available for most recent rating
38030,FV,1979-08-01,2022-09-30,83.01,1990-10-01 09:00:00,2022-10-01 08:00:00,99.99,NaN,24.40,NaN,NaN,NaN,NaN,NaN,NaN,19.42,-17.71,16.09,-15.09,12.70,-13.42,16.50,-16.98,16.55,-16.40,12.33,-11.89,Calculated discharge uncertainties
39001,US,1970-10-01,2022-09-30,100.00,1990-10-01 09:00:00,2022-10-01 08:00:00,99.43,450.00,NaN,10-Feb-2014 11:32:30,469.32,531.00,0.04,505.84,0.06,NaN,NaN,NaN,NaN,NaN,NaN,NaN,NaN,NaN,NaN,NaN,NaN,Discharge uncertainty estimates not provided
39002,MIS,1970-10-01,2015-12-31,87.02,1992-03-01 10:00:00,2018-02-01 09:00:00,80.70,NaN,NaN,08-Jan-1994 12:50:00,158.00,236.00,0.64,237.40,1.02,NaN,NaN,NaN,NaN,NaN,NaN,NaN,NaN,NaN,NaN,NaN,NaN,Discharge uncertainty estimates not provided
39004,VA,1971-10-01,2016-09-30,77.63,1990-10-01 09:00:00,2019-03-07 05:00:00,84.24,NaN,13.10,12-Nov-2002 12:01:00,2.36,2.13,0.00,7.45,0.10,NaN,NaN,NaN,NaN,NaN,NaN,NaN,NaN,NaN,NaN,NaN,NaN,Discharge uncertainty estimates not provided
39005,FL,1970-10-01,2022-09-30,94.76,1990-10-01 09:00:00,2022-10-01 08:00:00,99.26,NaN,28.30,20-Jul-2007 12:04:00,13.68,8.89,0.00,18.14,0.01,24.30,-24.53,22.14,-22.30,18.95,-18.57,40.15,-40.48,31.65,-31.47,43.22,-39.75,Calculated discharge uncertainties
39006,US,1970-10-01,2022-09-30,99.99,1990-10-01 09:00:00,2022-10-01 08:00:00,98.87,NaN,NaN,07-Jan-2014 14:54:46,13.70,31.50,0.70,31.90,1.15,NaN,NaN,NaN,NaN,NaN,NaN,NaN,NaN,NaN,NaN,NaN,NaN,Less than 20 stage-discharge measurements available for most recent rating
39007,CC,1970-10-01,2022-09-30,99.98,1990-10-01 09:00:00,2022-10-01 08:00:00,82.97,NaN,26.00,17-Feb-2020 13:01:30,27.99,33.40,0.03,35.58,0.03,NaN,NaN,NaN,NaN,NaN,NaN,NaN,NaN,NaN,NaN,NaN,NaN,Less than 20 stage-discharge measurements available for most recent rating
39008,MIS,1970-10-01,2017-09-30,90.23,1992-03-01 10:00:00,2020-03-06 04:00:00,76.92,NaN,NaN,26-Nov-2012 11:45:00,76.44,101.00,0.72,156.07,1.51,NaN,NaN,NaN,NaN,NaN,NaN,NaN,NaN,NaN,NaN,NaN,NaN,Discharge uncertainty estimates not provided
39010,B,1970-10-01,2022-09-30,100.00,1990-10-01 09:00:00,2022-10-01 08:00:00,96.15,NaN,17.50,09-Feb-2014 12:45:56,19.90,21.70,0.02,23.42,0.03,17.73,-17.14,14.87,-14.39,14.17,-14.25,13.02,-12.97,7.63,-7.99,NaN,NaN,Calculated discharge uncertainties
39011,C,1970-10-01,2022-09-30,100.00,1990-10-01 09:00:00,2022-10-01 08:00:00,99.86,NaN,37.50,06-Jan-2014 10:55:30,22.30,36.20,0.29,43.35,0.53,19.48,-18.38,20.53,-20.42,15.97,-16.55,17.22,-17.32,18.00,-17.87,12.85,-12.64,Calculated discharge uncertainties
39012,B,1970-10-01,2022-09-30,98.10,1990-10-01 09:00:00,2022-10-01 08:00:00,99.69,NaN,36.00,20-Jul-2007 14:14:00,19.45,10.80,0.00,23.44,0.01,15.41,-14.62,15.72,-14.01,20.24,-20.78,31.98,-32.48,25.53,-25.38,16.58,-16.03,Calculated discharge uncertainties
39014,CC,1970-10-01,2022-09-30,100.00,1990-10-01 09:00:00,2022-10-01 08:00:00,99.96,NaN,9.80,22-May-2024 10:15:23,2.13,2.97,0.18,3.07,0.30,NaN,NaN,14.66,-13.37,13.93,-13.20,13.05,-12.68,9.89,-9.72,NaN,NaN,Calculated discharge uncertainties
39015,C IV,1970-10-01,2016-09-30,88.46,1990-10-01 09:00:00,2022-10-01 08:00:00,99.66,NaN,3.00,NaN,NaN,NaN,NaN,NaN,NaN,NaN,NaN,NaN,NaN,NaN,NaN,NaN,NaN,NaN,NaN,NaN,NaN,Discharge uncertainty estimates not provided
39016,C,1970-10-01,2022-09-30,100.00,1990-10-01 09:00:00,2022-10-01 08:00:00,99.39,NaN,NaN,02-Jan-2003 15:30:00,54.19,48.86,0.00,76.30,0.01,16.62,-16.48,14.81,-14.56,10.92,-10.85,13.67,-13.49,13.70,-13.54,9.40,-9.30,Calculated discharge uncertainties
39017,FV,1970-10-01,2022-09-30,94.22,1990-10-01 09:00:00,2022-10-01 08:00:00,95.42,NaN,6.60,NaN,NaN,NaN,NaN,NaN,NaN,NaN,NaN,NaN,NaN,NaN,NaN,NaN,NaN,NaN,NaN,NaN,NaN,Less than 20 stage-discharge measurements available for most recent rating
39019,C,1970-10-01,2019-11-01,94.40,1990-10-01 09:00:00,2019-11-01 13:00:00,90.68,NaN,17.00,03-Feb-1993 14:30:00,3.66,9.53,4.36,9.87,6.92,13.39,-13.22,14.16,-13.86,11.68,-11.97,12.61,-12.38,9.74,-9.73,NaN,NaN,Calculated discharge uncertainties
39020,C,1970-10-01,2022-09-30,100.00,1990-10-01 09:00:00,2022-10-01 08:00:00,99.92,NaN,NaN,18-Feb-2014 14:35:39,7.23,7.25,0.01,7.32,0.01,20.23,-20.66,13.72,-14.56,12.88,-11.84,10.59,-9.56,10.73,-13.03,10.34,-11.99,Calculated discharge uncertainties
39021,CC+CB,1970-10-01,2022-09-30,100.00,1990-10-01 09:00:00,2022-10-01 08:00:00,99.39,NaN,74.00,26-Nov-2012 13:45:00,50.78,71.80,0.01,113.76,0.02,24.44,-24.68,15.91,-16.18,12.98,-13.42,11.19,-11.63,13.33,-13.48,10.08,-9.48,Calculated discharge uncertainties
39022,C,1970-10-01,2022-09-30,99.99,1990-10-01 09:00:00,2022-10-01 08:00:00,99.18,NaN,50.00,NaN,NaN,NaN,NaN,NaN,NaN,20.34,-19.47,14.49,-13.68,31.74,-32.45,33.15,-33.18,32.46,-31.42,21.80,-20.46,Calculated discharge uncertainties
39023,C,1970-10-01,2022-09-30,100.00,1990-10-01 09:00:00,2022-10-01 08:00:00,99.00,NaN,12.00,26-Apr-2001 10:00:00,2.85,3.35,0.16,4.39,0.35,NaN,NaN,14.79,-14.26,11.02,-11.07,13.30,-12.92,9.56,-9.59,8.56,-8.42,Calculated discharge uncertainties
39025,CC,1970-10-01,2022-09-20,99.84,1990-10-01 09:00:00,2022-09-20 17:00:00,97.19,NaN,32.00,10-Dec-2023 11:08:00,5.38,26.50,3.80,32.27,4.26,25.09,-24.28,13.77,-15.83,13.67,-13.68,18.79,-17.67,61.46,-64.62,28.53,-29.66,Calculated discharge uncertainties
39027,C,1970-10-01,2022-09-30,100.00,1990-10-01 09:00:00,2022-10-01 08:00:00,99.87,NaN,16.00,03-Jan-2003 13:55:00,2.82,8.04,0.48,8.12,0.66,20.36,-19.87,18.50,-17.70,15.08,-14.27,18.23,-17.05,36.35,-34.33,19.56,-18.63,Calculated discharge uncertainties
39028,C,1970-10-01,2022-09-30,100.00,1990-10-01 09:00:00,2022-10-01 08:00:00,99.84,NaN,12.00,29-Jan-2014 11:56:13,2.20,3.26,0.65,4.16,0.94,19.77,-18.78,18.82,-17.69,14.02,-13.40,16.43,-15.20,12.51,-12.09,NaN,NaN,Calculated discharge uncertainties
39029,C,1970-10-01,2022-09-30,100.00,1990-10-01 09:00:00,2022-10-01 08:00:00,99.85,NaN,NaN,28-Dec-1979 12:00:00,3.30,4.16,0.01,3.25,0.00,12.58,-11.90,13.22,-12.60,14.68,-14.72,12.33,-12.24,16.47,-16.57,25.92,-25.85,Calculated discharge uncertainties
39034,CC+CB,1970-10-01,2022-09-30,100.00,1990-10-01 09:00:00,2022-10-01 08:00:00,99.98,NaN,59.80,08-Mar-2007 12:05:00,19.40,51.40,0.56,74.72,0.98,41.61,-40.68,27.53,-27.88,49.97,-49.39,26.00,-25.84,14.17,-14.15,9.52,-9.69,Calculated discharge uncertainties
39035,CC,1970-10-01,2022-09-30,100.00,1990-10-01 09:00:00,2022-10-01 08:00:00,99.47,NaN,15.90,09-Dec-2009 16:12:00,5.00,4.60,0.00,4.21,0.00,NaN,NaN,34.04,-33.40,21.39,-20.09,13.35,-12.23,15.64,-14.91,12.08,-11.69,Calculated discharge uncertainties
39036,TP,1970-10-01,2022-09-30,98.59,1990-10-01 09:00:00,2022-10-01 08:00:00,98.63,NaN,0.90,06-Jan-2014 13:39:24,0.74,0.65,0.00,1.04,0.01,NaN,NaN,27.93,-25.06,28.32,-26.82,18.37,-18.73,19.02,-19.08,22.34,-22.35,Calculated discharge uncertainties
39037,C B,1972-02-01,2022-09-30,97.43,1990-10-01 09:00:00,2022-10-01 08:00:00,99.92,NaN,36.30,29-Jan-2014 15:07:21,5.66,10.10,0.17,11.44,0.27,39.07,-35.96,31.17,-30.05,19.83,-18.94,24.49,-21.47,14.58,-18.38,9.19,-9.53,Calculated discharge uncertainties
39042,C,1972-10-01,2022-09-30,96.06,1990-10-01 09:00:00,2022-10-01 08:00:00,99.57,NaN,8.60,27-Nov-2012 11:29:15,5.60,6.25,0.03,6.30,0.05,48.27,-45.02,23.91,-23.61,15.23,-14.06,23.21,-22.79,15.55,-14.66,13.93,-13.22,Calculated discharge uncertainties
39049,FV,1973-12-01,2022-09-30,93.43,1990-10-01 09:00:00,2022-10-01 08:00:00,99.97,NaN,NaN,21-Oct-1977 10:30:00,10.65,8.55,0.00,24.66,0.03,46.77,-46.46,30.71,-30.40,31.09,-31.41,29.60,-28.45,25.57,-23.30,21.38,-18.07,Calculated discharge uncertainties
39052,MIS,1970-10-01,2022-09-30,99.98,1990-10-01 09:00:00,2022-10-01 08:00:00,99.71,NaN,26.00,18-Jan-2011 09:20:00,5.30,9.50,0.12,18.09,0.19,NaN,NaN,23.61,-23.02,45.97,-46.72,24.24,-24.13,30.59,-29.88,21.68,-21.64,Calculated discharge uncertainties
39054,US,1970-10-01,2022-09-30,86.58,1990-10-01 09:00:00,2022-10-01 08:00:00,81.81,NaN,12.30,17-Jan-2014 11:28:49,17.28,10.07,0.00,19.82,0.00,NaN,NaN,NaN,NaN,NaN,NaN,NaN,NaN,NaN,NaN,NaN,NaN,Discharge uncertainty estimates not provided
39056,FL,1977-12-01,2022-09-30,86.22,1990-10-01 09:00:00,2022-10-01 08:00:00,99.87,NaN,NaN,29-Nov-1976 12:00:00,7.35,8.32,0.01,25.35,0.21,25.82,-23.94,34.76,-32.25,36.83,-37.95,24.10,-26.62,17.19,-17.17,12.57,-14.06,Calculated discharge uncertainties
39061,FV,1971-05-01,2022-09-30,97.76,1990-12-11 12:00:00,2022-10-01 08:00:00,96.98,NaN,NaN,NaN,NaN,NaN,NaN,NaN,NaN,NaN,NaN,29.14,-28.62,22.05,-22.91,32.83,-31.86,NaN,NaN,NaN,NaN,Calculated discharge uncertainties
39065,FV,1970-10-01,2022-09-30,90.76,1991-07-17 16:00:00,2022-10-01 08:00:00,96.84,NaN,NaN,NaN,NaN,NaN,NaN,NaN,NaN,NaN,NaN,NaN,NaN,NaN,NaN,NaN,NaN,NaN,NaN,NaN,NaN,Discharge uncertainty estimates not provided
39069,MIS,1972-12-01,2022-09-30,92.94,1990-10-01 09:00:00,2022-10-01 08:00:00,99.90,NaN,NaN,NaN,NaN,NaN,NaN,NaN,NaN,18.41,-18.49,21.32,-21.77,18.55,-17.73,17.11,-16.67,24.06,-25.05,22.83,-21.53,Calculated discharge uncertainties
39072,US,1979-07-20,2022-09-30,83.08,1990-10-01 12:00:00,2022-10-01 08:00:00,93.11,NaN,NaN,NaN,NaN,NaN,NaN,NaN,NaN,NaN,NaN,NaN,NaN,43.06,-42.81,48.02,-46.85,21.97,-21.76,10.32,-10.35,Calculated discharge uncertainties
39078,MIS,1978-02-01,2022-09-30,85.46,1990-10-01 09:00:00,2022-10-01 08:00:00,99.74,NaN,NaN,NaN,NaN,NaN,NaN,NaN,NaN,30.65,-28.43,25.79,-26.34,16.71,-16.57,20.07,-20.01,16.11,-15.70,8.87,-8.26,Calculated discharge uncertainties
39081,CC,1970-10-01,2022-09-30,98.40,1990-10-01 09:00:00,2022-10-01 08:00:00,99.86,NaN,22.70,26-Sep-2024 12:25:00,8.35,25.89,1.11,35.26,0.70,34.89,-33.94,21.69,-20.94,14.11,-13.62,15.89,-15.75,13.43,-12.51,14.33,-16.46,Calculated discharge uncertainties
39087,US,1974-02-01,2022-09-30,91.23,1990-10-01 09:00:00,2022-10-01 08:00:00,94.26,NaN,NaN,NaN,NaN,NaN,NaN,NaN,NaN,NaN,NaN,NaN,NaN,NaN,NaN,NaN,NaN,NaN,NaN,NaN,NaN,Discharge uncertainty estimates not provided
39088,C,1974-07-01,2022-09-30,92.79,1991-01-01 00:00:00,2022-10-01 08:00:00,98.92,NaN,NaN,07-Mar-2014 13:57:00,1.47,2.34,0.93,2.47,1.44,24.49,-22.78,20.09,-18.27,12.63,-12.58,10.20,-9.54,8.73,-9.45,NaN,NaN,Calculated discharge uncertainties
39095,FL,1978-07-03,2017-07-25,75.12,1990-10-01 09:00:00,2017-07-26 05:00:00,83.61,NaN,8.00,NaN,NaN,NaN,NaN,NaN,NaN,45.51,-43.39,75.24,-56.43,23.97,-25.43,30.90,-29.33,26.27,-25.96,19.95,-19.99,Calculated discharge uncertainties
39099,FV,1983-05-01,2022-09-30,75.81,1990-10-01 09:00:00,2022-10-01 08:00:00,99.16,NaN,NaN,NaN,NaN,NaN,NaN,NaN,NaN,77.21,-76.51,18.86,-17.21,14.41,-13.21,13.97,-13.32,8.38,-8.26,8.94,-8.33,Calculated discharge uncertainties
39101,FV,1982-03-01,2015-09-30,64.59,,,0.00,NaN,NaN,NaN,NaN,NaN,NaN,NaN,NaN,NaN,NaN,NaN,NaN,NaN,NaN,NaN,NaN,NaN,NaN,NaN,NaN,Less than 20 stage-discharge measurements available for most recent rating
39105,US,1989-05-18,2022-09-30,63.89,1990-10-01 09:00:00,2022-10-01 08:00:00,96.39,NaN,NaN,NaN,NaN,NaN,NaN,NaN,NaN,NaN,NaN,NaN,NaN,NaN,NaN,NaN,NaN,NaN,NaN,NaN,NaN,Less than 20 stage-discharge measurements available for most recent rating
39108,FV,1990-12-01,2022-09-30,60.35,1990-12-01 10:00:00,2022-10-01 08:00:00,97.38,NaN,NaN,NaN,NaN,NaN,NaN,NaN,NaN,101.26,-58.95,24.34,-23.24,21.21,-20.26,19.13,-18.96,9.01,-8.74,NaN,NaN,Calculated discharge uncertainties
39114,FV,1991-10-01,2022-09-30,57.69,1992-10-27 14:00:00,2022-10-01 08:00:00,90.74,NaN,NaN,NaN,NaN,NaN,NaN,NaN,NaN,NaN,NaN,29.81,-28.23,17.87,-17.44,12.71,-12.76,NaN,NaN,NaN,NaN,Calculated discharge uncertainties
39120,FV,1991-10-18,2022-09-30,59.53,1991-10-18 10:00:00,2022-10-01 08:00:00,89.83,NaN,NaN,NaN,NaN,NaN,NaN,NaN,NaN,NaN,NaN,NaN,NaN,55.43,-46.81,32.26,-29.08,11.95,-12.72,17.94,-17.99,Calculated discharge uncertainties
39125,FV,1993-02-16,2022-09-30,56.96,1990-10-01 09:00:00,2022-10-01 08:00:00,94.83,NaN,NaN,NaN,NaN,NaN,NaN,NaN,NaN,NaN,NaN,NaN,NaN,47.29,-46.20,24.72,-24.49,NaN,NaN,NaN,NaN,Calculated discharge uncertainties
39127,TPC,1993-10-21,2022-09-30,55.66,1993-10-21 13:00:00,2022-10-01 08:00:00,88.33,NaN,NaN,NaN,NaN,NaN,NaN,NaN,NaN,NaN,NaN,NaN,NaN,NaN,NaN,NaN,NaN,NaN,NaN,NaN,NaN,Discharge uncertainty estimates not provided
39141,US,1996-10-01,2022-09-30,47.94,1996-02-23 11:00:00,2022-10-01 08:00:00,81.43,NaN,NaN,NaN,NaN,NaN,NaN,NaN,NaN,NaN,NaN,76.93,-69.36,41.38,-40.83,83.30,-82.87,52.81,-53.02,25.51,-25.84,Calculated discharge uncertainties
39142,C,1995-10-01,2022-09-30,51.92,1995-07-02 10:00:00,2022-10-01 08:00:00,84.30,NaN,NaN,NaN,NaN,NaN,NaN,NaN,NaN,29.43,-27.93,20.23,-19.90,26.46,-23.31,18.82,-18.13,10.29,-10.92,NaN,NaN,Calculated discharge uncertainties
39143,C,1995-10-01,2022-09-30,51.92,1995-08-12 20:00:00,2022-10-01 08:00:00,84.77,NaN,NaN,NaN,NaN,NaN,NaN,NaN,NaN,29.72,-29.30,18.77,-18.78,15.82,-16.00,11.01,-10.81,11.71,-11.37,9.65,-9.35,Calculated discharge uncertainties
39144,C,1995-05-26,2022-09-30,52.59,1995-05-26 14:00:00,2022-10-01 08:00:00,85.39,NaN,NaN,NaN,NaN,NaN,NaN,NaN,NaN,30.15,-29.78,19.38,-19.09,11.93,-11.73,11.08,-10.58,9.57,-9.11,9.68,-9.28,Calculated discharge uncertainties
40003,MIS,1970-10-01,2022-09-30,99.62,1990-10-01 09:00:00,2022-10-01 08:00:00,99.14,NaN,14.00,11-Nov-1960 00:00:00,298.96,335.00,0.01,351.47,0.01,NaN,NaN,24.79,-25.00,16.27,-16.29,8.47,-8.48,NaN,NaN,NaN,NaN,Calculated discharge uncertainties
40004,FVUS,1970-10-01,2022-09-30,97.85,1990-10-01 09:00:00,2022-10-01 08:00:00,97.16,NaN,2.50,06-Nov-2000 13:35:00,65.36,104.00,0.03,134.82,0.08,27.99,-26.18,24.59,-23.86,33.22,-27.48,16.24,-11.51,8.91,-8.62,10.17,-10.44,Calculated discharge uncertainties
40005,FVUS,1970-10-01,2022-09-30,98.47,1990-10-01 09:00:00,2022-10-01 08:00:00,98.14,NaN,NaN,31-Oct-2000 09:06:00,78.78,79.40,0.01,101.91,0.02,NaN,NaN,NaN,NaN,NaN,NaN,NaN,NaN,NaN,NaN,NaN,NaN,Less than 20 stage-discharge measurements available for most recent rating
40006,EM,1970-10-01,2022-09-30,82.24,1990-10-01 09:00:00,2022-10-01 08:00:00,93.87,NaN,12.70,NaN,NaN,NaN,NaN,NaN,NaN,NaN,NaN,NaN,NaN,NaN,NaN,NaN,NaN,NaN,NaN,NaN,NaN,Discharge uncertainty estimates not provided
40007,FLVA,1970-10-01,2022-09-30,99.66,1990-10-01 09:00:00,2022-10-01 08:00:00,99.92,NaN,8.50,03-Nov-1960 12:06:00,100.89,75.90,0.00,96.88,0.00,NaN,NaN,NaN,NaN,NaN,NaN,NaN,NaN,NaN,NaN,NaN,NaN,Less than 20 stage-discharge measurements available for most recent rating
40009,FV,1970-10-01,2022-09-30,97.76,1990-10-01 09:00:00,2022-10-01 08:00:00,96.35,50.00,11.40,30-Oct-2000 14:30:00,54.48,57.30,0.01,132.48,0.02,16.03,-15.01,9.70,-9.95,11.60,-11.48,11.39,-10.69,13.12,-12.38,10.37,-8.47,Calculated discharge uncertainties
40010,C VA US,1970-10-01,2022-09-30,95.34,1990-10-01 09:00:00,2022-10-01 08:00:00,99.67,60.00,4.30,01-Oct-2019 10:45:00,1.03,80.70,32.80,118.04,29.79,NaN,NaN,NaN,NaN,NaN,NaN,NaN,NaN,NaN,NaN,NaN,NaN,Less than 20 stage-discharge measurements available for most recent rating
40011,B VA,1970-10-01,2022-09-30,100.00,1990-10-01 09:00:00,2022-10-01 08:00:00,99.96,NaN,46.00,07-Nov-2000 17:33:00,33.13,30.90,0.00,33.11,0.00,20.52,-19.83,14.03,-14.45,15.21,-15.03,17.35,-16.49,7.51,-7.38,9.15,-9.10,Calculated discharge uncertainties
40012,C,1970-10-01,2022-09-30,100.00,1990-10-01 09:00:00,2022-10-01 08:00:00,99.92,NaN,27.00,18-Jan-2014 14:03:48,10.60,8.43,0.00,10.81,0.00,NaN,NaN,23.57,-22.59,18.25,-18.15,10.63,-10.58,NaN,NaN,NaN,NaN,Calculated discharge uncertainties
40013,CC,1970-10-01,2022-09-30,99.95,1990-10-01 09:00:00,2022-10-01 08:00:00,99.46,NaN,NaN,NaN,NaN,NaN,NaN,NaN,NaN,26.42,-23.23,15.23,-15.95,14.09,-13.88,6.18,-6.52,7.13,-7.14,NaN,NaN,Calculated discharge uncertainties
40016,FV,1970-10-01,2022-09-30,99.32,1990-10-01 09:00:00,2022-10-01 08:00:00,98.74,NaN,NaN,24-Feb-2010 10:52:00,1.12,13.40,5.08,29.67,6.19,NaN,NaN,NaN,NaN,NaN,NaN,NaN,NaN,NaN,NaN,NaN,NaN,Less than 20 stage-discharge measurements available for most recent rating
40017,C,1971-01-01,2022-09-30,91.85,1990-10-01 09:00:00,2022-10-01 08:00:00,99.60,NaN,NaN,NaN,NaN,NaN,NaN,NaN,NaN,NaN,NaN,NaN,NaN,NaN,NaN,NaN,NaN,NaN,NaN,NaN,NaN,Less than 20 stage-discharge measurements available for most recent rating
40018,CB,1970-10-01,2022-09-30,98.58,1990-10-01 09:00:00,2022-10-01 08:00:00,97.67,NaN,NaN,18-Jan-2014 12:58:15,9.84,10.40,0.01,12.37,0.01,NaN,NaN,NaN,NaN,NaN,NaN,NaN,NaN,NaN,NaN,NaN,NaN,Discharge uncertainty estimates not provided
4001,VA,1976-01-01,2022-09-30,89.90,1990-10-01 09:00:00,2022-10-01 08:00:00,100.00,185.00,NaN,NaN,NaN,NaN,NaN,NaN,NaN,15.72,-15.51,14.07,-13.61,10.94,-10.89,9.35,-9.32,8.38,-8.42,8.13,-8.44,Calculated discharge uncertainties
40020,FV,1973-07-02,2022-09-30,87.85,1990-10-01 09:00:00,2022-10-01 08:00:00,99.05,NaN,2.20,NaN,NaN,NaN,NaN,NaN,NaN,NaN,NaN,NaN,NaN,NaN,NaN,NaN,NaN,NaN,NaN,NaN,NaN,Less than 20 stage-discharge measurements available for most recent rating
40021,FL,1975-02-01,2022-09-30,78.73,1990-10-01 09:00:00,2022-10-01 08:00:00,98.90,NaN,7.30,20-Dec-2019 13:15:30,13.24,10.68,0.00,28.80,0.06,45.46,-44.36,31.17,-30.30,27.95,-27.63,18.93,-18.84,NaN,NaN,NaN,NaN,Calculated discharge uncertainties
40022,FV,2001-01-01,2022-09-30,41.40,1990-10-01 09:00:00,2022-10-01 08:00:00,99.21,NaN,NaN,29-Jan-1988 00:00:00,7.33,6.21,0.00,7.25,0.00,50.54,-48.45,26.91,-27.55,21.43,-21.43,29.93,-27.98,24.04,-25.99,16.82,-16.97,Calculated discharge uncertainties
40033,FV,1976-01-06,2022-09-30,81.22,1990-10-01 09:00:00,2022-10-01 08:00:00,100.00,NaN,NaN,28-Feb-2024 11:37:11,1.84,3.01,0.20,3.39,0.26,31.77,-31.54,23.67,-23.36,16.44,-16.71,10.82,-11.01,14.76,-14.41,NaN,NaN,Calculated discharge uncertainties
4003,VA,1974-01-01,2022-09-30,93.75,1990-10-01 09:00:00,2022-10-01 08:00:00,100.00,NaN,NaN,12-Sep-1995 12:00:00,97.39,123.10,0.02,233.80,0.03,NaN,NaN,NaN,NaN,NaN,NaN,NaN,NaN,NaN,NaN,NaN,NaN,No stage-discharge measurements available
4005,VA,1986-01-01,2022-09-30,70.67,1990-10-01 09:00:00,2022-10-01 08:00:00,100.00,103.30,NaN,03-Dec-1986 12:10:00,93.97,131.80,0.03,160.23,0.09,48.09,-45.92,26.70,-25.69,20.75,-20.54,14.97,-15.31,8.67,-8.35,NaN,NaN,Calculated discharge uncertainties
4006,VA,1989-11-01,2022-09-30,63.30,1990-10-01 09:00:00,2022-10-01 08:00:00,100.00,80.50,NaN,02-Feb-2016 12:01:00,98.93,96.10,0.00,116.64,0.01,23.83,-24.03,19.29,-20.42,13.93,-14.44,10.15,-10.44,8.37,-8.28,9.33,-9.50,Calculated discharge uncertainties
41001,CC,1970-10-01,2022-09-30,99.94,1990-10-01 09:00:00,2022-10-01 08:00:00,98.19,NaN,8.80,NaN,NaN,NaN,NaN,NaN,NaN,NaN,NaN,NaN,NaN,NaN,NaN,NaN,NaN,NaN,NaN,NaN,NaN,Less than 20 stage-discharge measurements available for most recent rating
41003,FVVA,1970-10-01,2022-09-30,96.96,1990-10-01 09:00:00,2022-10-01 08:00:00,95.44,NaN,50.60,NaN,NaN,NaN,NaN,NaN,NaN,NaN,NaN,NaN,NaN,NaN,NaN,NaN,NaN,NaN,NaN,NaN,NaN,Less than 20 stage-discharge measurements available for most recent rating
41004,US,1970-10-01,2022-09-30,92.58,1990-10-01 09:00:00,2022-10-01 08:00:00,96.10,NaN,NaN,NaN,NaN,NaN,NaN,NaN,NaN,NaN,NaN,NaN,NaN,NaN,NaN,NaN,NaN,NaN,NaN,NaN,NaN,Less than 20 stage-discharge measurements available for most recent rating
41005,FVVA,1970-10-01,2022-09-30,99.40,1990-10-01 09:00:00,2022-10-01 08:00:00,98.83,NaN,12.20,12-Oct-2000 13:15:00,84.89,64.00,0.00,94.35,0.00,229.52,-100.00,137.93,-98.76,108.25,-82.30,42.45,-42.12,17.60,-17.03,14.21,-14.20,Calculated discharge uncertainties
41006,FV,1970-10-01,2022-09-30,99.65,1990-10-01 09:00:00,2022-10-01 08:00:00,99.03,NaN,76.00,02-Jan-2003 17:58:00,40.16,59.68,0.01,132.10,0.10,NaN,NaN,NaN,NaN,NaN,NaN,NaN,NaN,NaN,NaN,NaN,NaN,Less than 20 stage-discharge measurements available for most recent rating
41009,CC,1970-10-01,2022-09-30,88.24,1990-10-01 09:00:00,2022-10-01 08:00:00,99.79,NaN,NaN,NaN,NaN,NaN,NaN,NaN,NaN,NaN,NaN,NaN,NaN,NaN,NaN,NaN,NaN,NaN,NaN,NaN,NaN,Less than 20 stage-discharge measurements available for most recent rating
41011,CC,1970-10-01,2022-09-30,99.74,1990-10-01 09:00:00,2022-10-01 08:00:00,100.00,NaN,67.00,05-Jan-2016 11:32:51,7.67,54.70,3.52,124.66,3.72,NaN,NaN,15.56,-14.83,11.45,-10.65,23.07,-18.27,12.01,-8.92,NaN,NaN,Calculated discharge uncertainties
41012,CC,1970-10-01,2022-09-30,99.16,1990-10-01 09:00:00,2022-10-01 08:00:00,98.57,NaN,30.00,04-Nov-2022 12:11:36,17.52,41.20,0.87,51.88,1.30,NaN,NaN,NaN,NaN,NaN,NaN,NaN,NaN,NaN,NaN,NaN,NaN,Less than 20 stage-discharge measurements available for most recent rating
41013,FLB,1970-10-01,2022-09-30,98.60,1990-10-01 09:00:00,2022-10-01 08:00:00,99.13,NaN,8.80,NaN,NaN,NaN,NaN,NaN,NaN,NaN,NaN,NaN,NaN,NaN,NaN,NaN,NaN,NaN,NaN,NaN,NaN,Less than 20 stage-discharge measurements available for most recent rating
41014,FVUS,1970-10-01,2022-09-30,97.69,2003-01-01 09:00:00,2022-10-01 08:00:00,47.10,NaN,NaN,26-Nov-1993 12:15:00,67.17,162.00,1.08,174.50,0.13,NaN,NaN,NaN,NaN,NaN,NaN,NaN,NaN,NaN,NaN,NaN,NaN,Less than 20 stage-discharge measurements available for most recent rating
41016,CC,1970-10-01,2022-09-30,100.00,1990-10-01 09:00:00,2022-10-01 08:00:00,99.50,NaN,10.00,17-Jan-2008 15:09:00,8.33,8.46,0.01,19.89,0.08,NaN,NaN,29.57,-23.48,17.11,-17.00,15.18,-14.81,15.17,-14.95,7.19,-7.24,Calculated discharge uncertainties
41019,CC,1970-10-01,2022-09-30,99.44,1990-10-01 09:00:00,2022-10-01 08:00:00,99.38,NaN,84.50,NaN,NaN,NaN,NaN,NaN,NaN,NaN,NaN,NaN,NaN,NaN,NaN,NaN,NaN,NaN,NaN,NaN,NaN,Less than 20 stage-discharge measurements available for most recent rating
41020,C US,1970-10-01,2022-09-30,97.96,1990-10-01 09:00:00,2022-10-01 08:00:00,96.42,NaN,25.00,22-Jan-2009 12:10:00,13.20,13.01,0.00,19.16,0.14,27.96,-27.28,20.54,-19.11,18.25,-16.76,22.36,-19.89,8.87,-8.82,9.67,-9.28,Calculated discharge uncertainties
41022,C,1970-10-01,2022-09-30,100.00,1990-10-01 09:00:00,2022-10-01 08:00:00,98.61,NaN,41.00,04-Jan-2001 10:55:00,13.20,22.71,0.07,38.91,0.14,NaN,NaN,NaN,NaN,NaN,NaN,NaN,NaN,NaN,NaN,NaN,NaN,Less than 20 stage-discharge measurements available for most recent rating
41023,FV,1970-12-03,2022-09-30,99.67,1991-02-15 14:00:00,2022-10-01 08:00:00,90.21,NaN,NaN,14-Dec-2000 19:22:00,7.94,7.78,0.00,7.82,0.00,NaN,NaN,NaN,NaN,NaN,NaN,55.03,-53.86,14.18,-14.65,10.48,-10.67,Calculated discharge uncertainties
41025,CC,1971-12-14,2022-09-30,97.56,1990-10-01 09:00:00,2022-10-01 08:00:00,99.99,NaN,56.80,NaN,NaN,NaN,NaN,NaN,NaN,NaN,NaN,NaN,NaN,NaN,NaN,NaN,NaN,NaN,NaN,NaN,NaN,No stage-discharge measurements available
41027,C,1972-11-01,2022-09-30,95.90,1990-10-01 09:00:00,2022-10-01 08:00:00,99.53,NaN,43.50,NaN,NaN,NaN,NaN,NaN,NaN,37.52,-36.93,29.61,-28.88,20.21,-18.75,16.13,-15.97,10.95,-10.72,9.71,-9.65,Calculated discharge uncertainties
41028,TPFL,1970-10-01,2022-09-30,97.71,1990-10-01 09:00:00,2022-10-01 08:00:00,98.40,NaN,13.00,NaN,NaN,NaN,NaN,NaN,NaN,NaN,NaN,NaN,NaN,NaN,NaN,NaN,NaN,NaN,NaN,NaN,NaN,Less than 20 stage-discharge measurements available for most recent rating
41029,FV,1978-10-06,2022-09-30,84.59,1990-10-01 09:00:00,2022-10-01 08:00:00,98.86,NaN,58.90,NaN,NaN,NaN,NaN,NaN,NaN,NaN,NaN,NaN,NaN,NaN,NaN,NaN,NaN,NaN,NaN,NaN,NaN,Less than 20 stage-discharge measurements available for most recent rating
42001,FV,1970-10-01,2022-09-30,98.88,1990-10-01 09:00:00,2022-10-01 08:00:00,98.82,10.00,9.20,30-Oct-2000 11:30:00,22.31,18.60,0.00,49.32,0.03,74.26,-72.10,28.41,-27.19,15.98,-17.60,25.34,-22.91,24.99,-24.07,14.19,-12.52,Calculated discharge uncertainties
42003,TPVA,1970-10-01,2022-07-31,99.10,1990-10-01 09:00:00,2022-10-01 08:00:00,99.42,7.90,7.10,30-Oct-2000 10:47:00,38.83,28.00,0.00,80.27,0.02,29.16,-28.52,15.35,-16.83,18.37,-17.87,21.27,-21.68,26.38,-25.09,26.52,-26.14,Calculated discharge uncertainties
42004,VA,1970-10-01,2022-09-30,99.87,,,0.00,26.50,NaN,NaN,NaN,NaN,NaN,NaN,NaN,NaN,NaN,NaN,NaN,NaN,NaN,NaN,NaN,NaN,NaN,NaN,NaN,Discharge uncertainty estimates not provided
42006,FV,1970-10-01,2022-09-30,100.00,1990-10-01 09:00:00,2022-10-01 08:00:00,96.06,4.10,4.60,08-Jan-2014 11:48:56,8.37,7.65,0.00,628.26,0.02,21.91,-21.83,17.94,-17.12,14.35,-14.02,13.20,-13.02,16.00,-13.83,10.00,-9.09,Calculated discharge uncertainties
42008,C,1970-10-01,2022-09-30,100.00,1990-10-01 09:00:00,2022-10-01 08:00:00,100.00,2.80,2.80,10-Feb-2014 15:44:44,3.99,4.56,0.07,4.80,0.13,18.05,-17.86,14.70,-14.65,14.72,-14.75,13.45,-13.23,8.94,-8.52,8.14,-11.20,Calculated discharge uncertainties
42010,C+TP,1970-10-01,2022-09-30,99.52,1990-10-01 09:00:00,2022-10-01 08:00:00,99.48,NaN,NaN,NaN,NaN,NaN,NaN,NaN,NaN,11.29,-11.25,14.55,-14.53,11.38,-11.52,10.80,-10.77,9.79,-9.60,10.57,-10.20,Calculated discharge uncertainties
42011,C,1972-09-01,2022-09-30,96.31,1990-10-01 09:00:00,2022-10-01 08:00:00,100.00,5.50,4.70,20-Jul-2007 13:51:00,5.88,11.89,0.01,41.80,0.22,22.46,-24.42,11.65,-11.40,12.34,-12.53,8.64,-8.52,10.05,-9.43,10.71,-10.62,Calculated discharge uncertainties
42016,EM,1975-10-01,2022-09-30,88.44,1990-10-01 09:00:00,2022-10-01 08:00:00,98.10,10.00,NaN,NaN,NaN,NaN,NaN,NaN,NaN,NaN,NaN,NaN,NaN,NaN,NaN,NaN,NaN,NaN,NaN,NaN,NaN,Discharge uncertainty estimates not provided
42017,VA,1979-02-26,2022-09-30,72.45,1990-10-01 09:00:00,2022-10-01 08:00:00,100.00,22.60,NaN,11-Jun-2012 11:37:32,18.00,5.52,0.00,20.17,0.00,257.75,-99.25,190.20,-87.05,63.01,-62.71,33.02,-34.89,53.75,-53.29,32.42,-32.35,Calculated discharge uncertainties
42024,EM,1989-01-09,2022-09-30,64.12,1990-10-01 09:00:00,2022-10-01 08:00:00,96.57,NaN,NaN,NaN,NaN,NaN,NaN,NaN,NaN,NaN,NaN,NaN,NaN,NaN,NaN,NaN,NaN,NaN,NaN,NaN,NaN,Discharge uncertainty estimates not provided
42026,FV,2000-01-01,2022-09-30,43.52,1993-03-06 00:00:00,2022-10-01 08:00:00,91.08,NaN,NaN,NaN,NaN,NaN,NaN,NaN,NaN,115.23,-81.40,22.72,-22.13,13.72,-13.24,14.15,-13.34,7.86,-7.89,7.23,-7.11,Calculated discharge uncertainties
42027,EM,2000-01-01,2022-09-30,43.74,1995-01-29 02:00:00,2022-10-01 08:00:00,85.13,NaN,NaN,NaN,NaN,NaN,NaN,NaN,NaN,NaN,NaN,NaN,NaN,NaN,NaN,NaN,NaN,NaN,NaN,NaN,NaN,Discharge uncertainty estimates not provided
43005,C B,1970-10-01,2022-09-30,100.00,1990-10-01 09:00:00,2022-10-01 08:00:00,99.92,1.37,31.00,09-Dec-2000 11:50:00,25.70,25.18,0.00,30.21,0.01,19.84,-20.02,12.71,-12.70,11.86,-11.76,9.28,-9.22,8.42,-8.19,12.83,-12.91,Calculated discharge uncertainties
43006,C,1970-10-01,2022-09-30,99.98,1990-10-01 09:00:00,2022-10-01 08:00:00,99.93,43.00,NaN,08-Dec-2000 14:05:00,34.73,27.73,0.00,37.36,0.00,19.66,-18.71,16.77,-16.34,16.15,-16.20,7.87,-7.54,8.63,-8.31,9.22,-9.28,Calculated discharge uncertainties
43007,CC,1973-01-01,2022-09-30,95.67,1990-10-01 09:00:00,2022-10-01 08:00:00,100.00,NaN,128.00,17-Feb-2020 13:50:00,157.35,168.30,0.01,263.55,0.02,NaN,NaN,NaN,NaN,NaN,NaN,NaN,NaN,NaN,NaN,NaN,NaN,Less than 20 stage-discharge measurements available for most recent rating
43008,C,1970-10-01,2022-09-30,100.00,1990-10-01 09:00:00,2022-10-01 08:00:00,100.00,36.90,NaN,08-Jan-2014 12:50:00,28.60,29.40,0.01,29.72,0.02,19.00,-18.06,12.22,-12.14,10.92,-10.73,9.35,-9.47,9.95,-9.73,9.08,-9.06,Calculated discharge uncertainties
43009,CC,1970-10-01,2022-09-30,100.00,1990-10-01 09:00:00,2022-10-01 08:00:00,99.72,NaN,60.00,11-Feb-1974 00:00:00,156.00,138.00,0.00,216.56,0.01,NaN,NaN,NaN,NaN,NaN,NaN,NaN,NaN,NaN,NaN,NaN,NaN,Discharge uncertainty estimates not provided
43014,C,1971-10-01,2022-09-30,97.89,1990-10-01 09:00:00,2022-10-01 08:00:00,99.93,NaN,6.00,07-Jan-2014 12:15:00,5.25,6.03,0.02,7.32,0.04,NaN,NaN,NaN,NaN,NaN,NaN,NaN,NaN,NaN,NaN,NaN,NaN,Less than 20 stage-discharge measurements available for most recent rating
43017,C,1971-10-01,2022-09-30,98.04,1990-10-01 09:00:00,2022-10-01 08:00:00,99.91,NaN,9.20,07-Jan-2014 12:36:01,7.73,10.62,0.06,13.19,0.09,NaN,NaN,NaN,NaN,NaN,NaN,NaN,NaN,NaN,NaN,NaN,NaN,Less than 20 stage-discharge measurements available for most recent rating
43018,C,1974-11-01,2022-09-30,92.14,1990-10-01 09:00:00,2022-10-01 08:00:00,100.00,14.10,NaN,07-Jan-2014 14:45:00,14.84,15.20,0.01,17.13,0.01,18.94,-17.67,20.22,-18.98,23.49,-24.24,11.28,-11.54,8.87,-8.71,NaN,NaN,Calculated discharge uncertainties
43021,US,1975-01-01,2022-09-30,91.58,1994-04-01 09:00:00,2022-10-01 08:00:00,88.44,55.00,NaN,NaN,NaN,NaN,NaN,NaN,NaN,NaN,NaN,NaN,NaN,NaN,NaN,NaN,NaN,NaN,NaN,NaN,NaN,No stage-discharge measurements available
44001,MIS,1970-10-01,2022-09-30,100.00,1992-01-01 09:00:00,2022-10-01 08:00:00,96.08,NaN,NaN,NaN,NaN,NaN,NaN,NaN,NaN,15.98,-15.75,12.48,-12.29,NaN,NaN,NaN,NaN,NaN,NaN,NaN,NaN,Calculated discharge uncertainties
44002,FL,1970-10-01,2022-09-30,100.00,1992-01-01 09:00:00,2022-10-01 08:00:00,96.09,NaN,16.00,06-Jan-2014 15:07:00,23.43,13.30,0.00,13.94,0.00,NaN,NaN,15.08,-14.51,11.78,-11.52,15.76,-15.50,10.94,-10.59,NaN,NaN,Calculated discharge uncertainties
44006,C,1970-10-01,2022-09-30,100.00,1992-01-01 09:00:00,2022-10-01 08:00:00,96.05,NaN,1.00,10-Jul-2012 10:51:32,0.82,1.13,0.22,1.86,0.42,NaN,NaN,17.27,-16.75,12.43,-11.69,13.87,-13.60,9.87,-9.50,8.43,-8.74,Calculated discharge uncertainties
44009,FV,1975-07-01,2022-09-30,90.71,1990-10-01 09:00:00,2022-10-01 08:00:00,99.73,3.30,3.50,07-Jul-2012 14:35:42,2.55,2.36,0.00,5.10,0.01,23.12,-21.47,16.52,-15.34,15.71,-15.61,13.80,-13.90,12.72,-12.45,11.54,-11.49,Calculated discharge uncertainties
44011,FVUS,1996-03-01,2022-09-30,51.12,1996-03-01 09:00:00,2022-10-01 08:00:00,83.08,NaN,NaN,07-Jul-2012 14:35:52,33.80,20.30,0.00,33.30,0.00,NaN,NaN,17.85,-17.54,13.40,-13.19,12.36,-12.32,14.69,-14.53,11.68,-11.53,Calculated discharge uncertainties
45001,FVVA,1970-10-01,2022-09-30,100.00,1990-10-01 09:00:00,2022-10-01 08:00:00,99.99,185.00,NaN,19-Dec-1965 00:01:00,333.09,254.00,0.00,308.90,0.00,20.96,-20.87,24.06,-24.05,16.18,-16.41,10.72,-10.79,11.59,-11.60,9.82,-9.89,Calculated discharge uncertainties
45003,FVVA,1970-10-01,2022-09-30,100.00,1990-10-01 09:00:00,2022-10-01 08:00:00,100.00,42.00,NaN,27-Jan-1984 14:45:00,99.33,83.90,0.00,190.35,0.02,15.79,-15.50,21.01,-20.53,12.13,-11.97,9.61,-9.66,9.42,-9.42,8.24,-8.06,Calculated discharge uncertainties
45004,CCVA,1970-10-01,2022-09-30,100.00,1990-10-01 09:00:00,2022-10-01 08:00:00,99.99,NaN,75.00,13-Oct-1993 09:15:00,126.25,177.00,0.01,307.95,0.05,17.79,-17.74,13.78,-13.77,13.31,-13.38,11.95,-11.98,14.43,-14.58,29.36,-29.31,Calculated discharge uncertainties
45005,FVVA,1970-10-01,2022-09-30,100.00,1990-10-01 09:00:00,2022-10-01 08:00:00,100.00,88.00,NaN,08-Dec-2000 00:50:00,165.91,86.40,0.00,203.01,0.00,14.50,-13.96,12.38,-12.96,13.37,-13.29,10.61,-10.74,7.55,-7.68,9.34,-9.45,Calculated discharge uncertainties
45009,VA,1970-10-01,2022-09-30,100.00,1990-10-01 09:00:00,2022-10-01 08:00:00,99.95,90.00,NaN,09-Jan-1968 12:10:00,45.93,74.30,0.09,99.50,0.13,33.20,-33.83,39.40,-37.58,20.88,-21.06,13.89,-12.07,9.86,-9.38,10.29,-10.04,Calculated discharge uncertainties
45012,VA,1970-10-01,2022-09-30,99.88,1990-10-01 09:00:00,2022-10-01 08:00:00,99.78,110.00,NaN,25-Jan-1966 15:30:00,103.47,108.00,0.01,322.14,0.03,34.36,-33.95,44.17,-43.58,20.96,-20.80,11.47,-11.53,11.40,-11.25,8.15,-8.15,Calculated discharge uncertainties
46003,VA,1970-10-01,2022-09-30,100.00,1990-10-01 09:00:00,2022-10-01 08:00:00,99.99,418.00,NaN,16-Jan-1984 15:50:00,273.50,267.00,0.00,362.53,0.01,20.97,-20.48,16.84,-16.54,13.77,-13.96,11.79,-11.81,7.68,-7.81,8.48,-8.46,Calculated discharge uncertainties
46005,VA,1970-10-01,2022-09-30,100.00,1990-10-01 09:00:00,2022-10-01 08:00:00,100.00,50.00,NaN,27-Dec-1979 15:30:00,53.85,29.00,0.00,66.75,0.00,18.71,-18.24,16.97,-17.48,12.96,-12.88,10.91,-10.71,11.42,-11.09,18.26,-17.84,Calculated discharge uncertainties
46008,FV+VA,1971-02-28,2022-09-30,82.61,1990-10-01 09:00:00,2022-10-01 08:00:00,99.84,67.00,NaN,15-Jan-2008 11:26:32,73.37,57.00,0.00,121.88,0.02,31.41,-30.96,38.95,-38.49,18.02,-17.10,14.66,-14.16,8.94,-8.93,8.67,-8.68,Calculated discharge uncertainties
46014,US,2004-02-17,2022-09-30,35.81,2004-02-17 10:00:00,2022-10-01 08:00:00,58.19,NaN,NaN,06-Mar-2007 07:24:00,109.75,99.37,0.00,139.19,0.03,NaN,NaN,NaN,NaN,NaN,NaN,NaN,NaN,NaN,NaN,NaN,NaN,No stage-discharge measurements available
47001,VA,1970-10-01,2022-09-30,100.00,1990-10-01 09:00:00,2022-10-01 08:00:00,100.00,550.00,NaN,30-Oct-2000 15:10:00,515.20,484.00,0.00,509.75,0.00,17.08,-17.02,14.94,-15.38,9.82,-9.66,6.98,-7.28,8.96,-9.17,9.57,-9.59,Calculated discharge uncertainties
47004,VA,1970-10-01,2022-09-30,100.00,1990-10-01 09:00:00,2022-10-01 08:00:00,100.00,67.00,NaN,27-Dec-1979 17:15:00,69.74,75.91,0.01,116.08,0.03,22.35,-22.36,23.54,-22.39,14.98,-14.86,13.97,-13.55,9.44,-9.54,11.61,-10.99,Calculated discharge uncertainties
47005,VA,1970-10-01,2022-09-30,80.40,1990-10-01 09:00:00,2022-10-01 08:00:00,100.00,NaN,NaN,27-Dec-1979 18:00:00,139.80,82.79,0.00,119.56,0.00,33.15,-30.70,20.27,-19.06,21.30,-21.41,14.83,-14.75,19.60,-19.61,15.76,-15.51,Calculated discharge uncertainties
47008,CC,1970-10-01,2022-09-30,100.00,1990-10-01 09:00:00,2022-10-01 08:00:00,100.00,139.90,145.00,06-Nov-2005 12:53:00,35.48,65.00,0.02,80.45,0.09,19.83,-19.02,15.02,-15.01,13.51,-13.48,16.96,-16.81,22.54,-11.79,21.94,-17.03,Calculated discharge uncertainties
47009,C,1970-10-01,2022-09-30,100.00,1990-10-01 09:00:00,2022-10-01 08:00:00,100.00,48.90,50.00,16-Jan-2023 11:11:00,6.78,12.80,0.27,17.60,0.37,29.87,-28.27,21.08,-21.68,14.04,-14.11,8.89,-8.63,11.29,-11.02,8.38,-9.62,Calculated discharge uncertainties
47011,CC,1971-05-31,2022-09-30,63.07,2000-04-17 11:00:00,2022-10-01 08:00:00,70.17,NaN,48.00,04-Aug-2009 13:32:00,37.56,56.50,0.03,99.50,0.13,23.15,-22.81,13.97,-13.95,17.92,-17.94,42.70,-41.26,21.26,-19.25,12.90,-18.60,Calculated discharge uncertainties
47014,MIS,1976-05-19,2022-09-30,88.24,1990-10-01 09:00:00,2022-10-01 08:00:00,98.49,46.00,40.00,29-Jul-2009 13:20:00,31.90,38.63,0.02,86.89,0.14,23.07,-23.14,16.77,-17.25,10.98,-10.83,9.97,-10.01,17.72,-17.38,13.68,-13.72,Calculated discharge uncertainties
47018,VA,1989-01-01,2022-09-30,64.90,1990-10-01 09:00:00,2022-10-01 08:00:00,100.00,25.80,NaN,NaN,NaN,NaN,NaN,NaN,NaN,53.85,-53.91,21.09,-20.98,20.12,-20.16,19.81,-19.67,20.14,-20.10,15.69,-15.82,Calculated discharge uncertainties
48003,FLVA,1978-06-08,2022-09-30,85.22,1990-10-01 09:00:00,2022-10-01 08:00:00,100.00,13.00,3.20,08-Dec-2000 13:18:00,20.09,18.60,0.00,21.70,0.01,20.23,-19.86,13.35,-13.28,12.21,-12.11,11.66,-11.39,12.25,-12.06,12.86,-13.76,Calculated discharge uncertainties
48004,CC,1970-10-01,2022-09-30,100.00,1990-10-01 09:00:00,2022-10-01 08:00:00,100.00,40.80,43.00,07-Dec-2023 10:19:00,6.72,12.50,0.05,33.75,0.17,18.08,-17.76,15.49,-15.54,13.22,-13.03,11.19,-11.66,11.42,-11.05,10.74,-10.37,Calculated discharge uncertainties
48005,US,1970-10-01,2022-09-30,100.00,1990-10-01 09:00:00,2022-10-01 08:00:00,100.00,23.90,27.60,27-Jan-1988 20:05:00,8.65,6.52,0.00,13.10,0.01,26.26,-25.93,20.62,-20.17,16.99,-16.44,13.06,-12.49,19.31,-19.08,18.08,-16.27,Calculated discharge uncertainties
48011,CC,1970-10-01,2022-09-30,100.00,1990-10-01 09:00:00,2022-10-01 08:00:00,99.99,145.80,74.40,22-Dec-2012 14:30:00,86.32,82.58,0.00,86.21,0.00,16.44,-15.94,13.70,-13.77,10.70,-10.62,12.77,-12.54,11.07,-11.16,17.60,-17.54,Calculated discharge uncertainties
49001,VA,1970-10-01,2019-03-12,93.17,1990-10-01 09:00:00,2003-02-17 06:00:00,38.69,43.00,NaN,17-Nov-1980 13:50:00,54.13,89.33,0.03,145.75,0.13,18.22,-17.89,15.44,-15.33,9.42,-9.20,11.48,-11.55,12.52,-12.43,16.69,-17.19,Calculated discharge uncertainties
49002,CC,1970-10-01,2022-09-30,99.71,1990-10-01 09:00:00,2022-10-01 08:00:00,99.51,21.30,22.80,22-Dec-2012 11:30:00,11.03,8.62,0.00,11.53,0.00,20.28,-19.44,14.09,-13.93,15.00,-14.14,11.82,-11.45,12.51,-12.26,9.65,-9.75,Calculated discharge uncertainties
49004,C,1970-10-01,2022-09-30,100.00,1990-10-01 09:00:00,2022-10-01 08:00:00,100.00,40.00,40.80,24-Jan-2014 10:33:56,8.72,11.40,0.04,30.29,0.14,33.02,-32.84,18.66,-18.66,15.12,-15.19,14.23,-14.16,9.31,-8.94,5.91,-5.86,Calculated discharge uncertainties
50001,VA,1970-10-01,2022-09-30,100.00,1990-10-01 09:00:00,2022-10-01 08:00:00,100.00,170.00,NaN,10-Mar-1981 01:00:00,364.24,358.00,0.00,618.25,0.01,17.73,-17.42,13.62,-13.96,11.86,-11.72,8.73,-8.87,8.81,-8.75,9.84,-9.75,Calculated discharge uncertainties
50002,VA,1970-10-01,2022-09-30,98.87,1990-10-01 09:00:00,2022-10-01 08:00:00,99.95,187.00,NaN,28-Dec-1994 10:20:00,322.58,338.00,0.01,507.29,0.02,27.82,-27.89,30.48,-31.18,12.57,-12.34,7.41,-7.60,9.40,-9.42,7.20,-7.15,Calculated discharge uncertainties
50006,VA,1970-10-01,2022-09-30,100.00,1990-10-01 09:00:00,2022-10-01 08:00:00,99.99,90.00,NaN,31-Jan-1983 00:00:00,169.20,164.00,0.00,195.31,0.01,20.33,-19.88,16.05,-15.88,13.21,-13.21,10.77,-10.82,12.41,-12.55,11.79,-11.76,Calculated discharge uncertainties
50007,FVVA,1973-11-12,2022-09-30,93.87,1990-10-01 09:00:00,2022-10-01 08:00:00,99.95,90.00,NaN,19-Nov-1986 10:40:00,38.47,42.50,0.03,105.22,0.07,18.18,-17.73,13.87,-13.52,13.05,-12.86,11.69,-11.49,9.49,-9.31,8.68,-8.90,Calculated discharge uncertainties
50008,FVVA,1988-02-22,2022-09-30,66.55,1990-10-01 09:00:00,2022-10-01 08:00:00,99.99,50.00,NaN,09-Feb-2009 17:16:00,52.09,36.50,0.00,96.85,0.03,28.76,-27.41,16.38,-16.72,13.81,-13.68,11.20,-10.75,8.77,-8.84,8.95,-8.87,Calculated discharge uncertainties
50011,FV+VA,1973-11-02,2022-09-30,74.96,1991-09-11 16:00:00,2022-10-01 08:00:00,97.05,NaN,NaN,06-Feb-2016 13:55:00,73.33,87.40,0.01,72.72,0.00,19.22,-19.08,16.48,-16.31,13.42,-13.49,10.75,-10.39,11.91,-11.88,8.70,-8.87,Calculated discharge uncertainties
5003,VA,1988-10-01,2021-09-30,63.46,1990-10-01 09:00:00,2021-10-01 09:00:00,96.88,124.80,NaN,NaN,NaN,NaN,NaN,NaN,NaN,13.79,-14.20,10.15,-10.00,10.01,-10.09,7.87,-7.75,9.08,-9.08,7.18,-7.34,Calculated discharge uncertainties
51001,FV,1970-10-01,2022-09-30,99.55,1990-10-01 09:00:00,2022-10-01 08:00:00,99.63,68.00,NaN,16-Jan-1984 18:55:00,12.95,32.40,0.06,53.17,0.09,NaN,NaN,24.52,-22.53,21.61,-21.17,18.60,-18.14,15.71,-16.17,21.68,-23.67,Calculated discharge uncertainties
52004,C VA,1970-10-01,2022-09-30,99.99,1990-10-01 09:00:00,2022-10-01 08:00:00,94.35,33.00,2.50,13-Oct-1993 09:00:00,35.06,30.70,0.00,64.11,0.06,30.97,-30.46,25.18,-24.73,31.73,-32.20,23.75,-23.80,26.28,-25.96,21.20,-21.86,Calculated discharge uncertainties
52005,C VA,1970-10-01,2022-09-30,100.00,1990-10-01 09:00:00,2022-10-01 08:00:00,99.66,NaN,130.00,21-Nov-2012 13:55:43,69.38,48.10,0.00,81.03,0.01,21.61,-21.27,18.66,-18.64,33.83,-33.82,24.70,-24.54,15.59,-15.63,12.59,-12.48,Calculated discharge uncertainties
52006,C VA,1970-10-01,2022-09-30,100.00,1990-10-01 09:00:00,2022-10-01 08:00:00,99.94,40.00,1.50,08-Dec-1994 17:30:00,85.20,78.95,0.00,103.89,0.01,28.63,-26.85,26.85,-26.53,18.30,-18.92,19.47,-18.56,14.74,-14.51,10.75,-10.58,Calculated discharge uncertainties
52007,C,1970-10-01,2022-09-30,100.00,1990-10-01 09:00:00,2022-10-01 08:00:00,99.79,11.60,7.50,18-Dec-1999 16:00:00,52.93,47.72,0.00,112.89,0.01,NaN,NaN,NaN,NaN,NaN,NaN,NaN,NaN,NaN,NaN,NaN,NaN,Discharge uncertainty estimates not provided
52009,C VA,1970-10-01,2022-09-30,99.03,1992-01-01 09:00:00,2022-10-01 08:00:00,96.08,12.00,3.10,10-Nov-2023 14:36:00,7.76,8.34,0.02,8.98,0.13,30.40,-30.55,28.13,-28.50,26.21,-26.00,24.42,-24.41,54.06,-54.12,33.70,-33.75,Calculated discharge uncertainties
52010,C VA,1970-10-01,2022-09-30,99.43,1990-10-01 09:00:00,2022-10-01 08:00:00,98.59,80.00,5.60,05-Nov-1966 12:00:00,73.50,45.50,0.00,70.28,0.00,NaN,NaN,NaN,NaN,NaN,NaN,NaN,NaN,NaN,NaN,NaN,NaN,Discharge uncertainty estimates not provided
52011,CCVA,1970-10-01,2022-09-30,100.00,1990-10-01 09:00:00,2022-10-01 08:00:00,99.66,10.00,4.40,08-Mar-1972 08:00:00,13.05,13.10,0.01,10.77,0.00,40.66,-39.20,30.96,-27.64,19.25,-18.86,19.53,-19.59,10.94,-10.92,13.74,-13.69,Calculated discharge uncertainties
52015,C,1971-01-01,2022-09-30,88.41,1992-01-01 09:00:00,2022-10-01 08:00:00,95.09,28.80,4.70,24-Feb-1983 00:02:00,6.95,6.42,0.00,8.21,0.01,NaN,NaN,NaN,NaN,NaN,NaN,NaN,NaN,NaN,NaN,NaN,NaN,Discharge uncertainty estimates not provided
52016,C VA,1971-06-01,2022-09-30,98.72,1992-01-01 09:00:00,2022-10-01 08:00:00,95.84,NaN,NaN,05-Jan-1994 09:30:00,2.46,3.31,0.02,9.23,0.05,NaN,NaN,NaN,NaN,NaN,NaN,NaN,NaN,NaN,NaN,NaN,NaN,Discharge uncertainty estimates not provided
53005,FL,1970-10-01,2022-09-30,99.68,1991-12-09 12:00:00,2022-10-01 08:00:00,95.58,NaN,56.00,10-Jan-2007 13:19:00,23.21,32.90,0.08,53.02,0.19,21.17,-20.41,18.48,-17.90,18.01,-18.55,11.76,-11.80,10.81,-10.98,9.39,-9.34,Calculated discharge uncertainties
53006,FL,1970-10-01,2022-09-30,100.00,1990-10-01 09:00:00,2022-10-01 08:00:00,99.96,NaN,56.00,24-Sep-2012 15:47:45,31.63,45.70,0.02,61.88,0.07,16.28,-15.68,17.45,-17.32,14.19,-13.88,16.85,-15.97,14.07,-14.02,13.17,-13.22,Calculated discharge uncertainties
53007,FL,1970-10-01,2022-09-30,100.00,1990-10-01 09:00:00,2022-10-01 08:00:00,99.53,NaN,113.00,07-Dec-2006 12:21:00,20.57,54.30,1.56,84.57,1.83,18.71,-18.37,20.21,-18.78,16.01,-15.32,12.15,-12.10,10.30,-8.97,NaN,NaN,Calculated discharge uncertainties
53008,CC,1970-10-01,2022-09-30,100.00,1990-10-01 09:00:00,2022-10-01 08:00:00,99.78,NaN,NaN,09-Dec-1965 08:30:00,65.22,60.30,0.00,84.78,0.02,28.23,-27.62,18.34,-18.18,17.64,-17.55,13.12,-12.90,14.66,-13.88,13.39,-12.87,Calculated discharge uncertainties
53009,FL,1970-10-01,2022-09-30,99.97,1990-10-01 09:00:00,2022-10-01 08:00:00,96.07,NaN,42.50,10-Jan-2007 14:45:00,7.26,13.80,0.60,22.18,0.86,20.25,-20.07,17.60,-17.14,14.17,-14.26,13.04,-12.84,7.73,-7.90,8.62,-8.29,Calculated discharge uncertainties
53013,FL,1970-10-01,2022-09-30,100.00,1990-10-01 09:00:00,2022-10-01 08:00:00,99.65,NaN,35.50,20-Jul-2007 19:53:00,34.04,21.30,0.00,34.45,0.00,18.09,-17.95,21.86,-21.51,15.88,-15.79,36.52,-35.38,22.53,-21.43,10.91,-10.01,Calculated discharge uncertainties
53017,FV,1973-11-01,2022-09-30,94.07,1990-10-01 09:00:00,2022-10-01 08:00:00,99.94,NaN,94.00,24-Sep-2012 12:01:18,18.21,11.90,0.00,26.16,0.01,NaN,NaN,NaN,NaN,NaN,NaN,NaN,NaN,NaN,NaN,NaN,NaN,Discharge uncertainty estimates not provided
53018,IV,1970-10-01,2022-09-30,99.35,1990-10-01 09:00:00,2022-10-01 08:00:00,99.89,NaN,NaN,05-Jan-2024 12:40:52,278.60,249.90,0.00,272.31,0.00,24.87,-22.96,17.78,-15.98,21.63,-21.28,13.55,-13.72,13.23,-13.12,16.49,-16.15,Calculated discharge uncertainties
53022,US,1976-09-01,2022-09-30,65.02,1996-03-07 00:00:00,2022-10-01 08:00:00,79.54,NaN,NaN,NaN,NaN,NaN,NaN,NaN,NaN,NaN,NaN,NaN,NaN,NaN,NaN,NaN,NaN,NaN,NaN,NaN,NaN,Less than 20 stage-discharge measurements available for most recent rating
53023,FV,1976-10-29,2022-09-30,87.87,1990-10-01 09:00:00,2022-10-01 08:00:00,99.96,NaN,20.40,03-Jan-2024 15:16:41,10.86,10.10,0.00,18.13,0.02,29.20,-27.01,20.84,-20.71,17.49,-17.45,19.34,-18.94,21.26,-20.27,14.64,-13.90,Calculated discharge uncertainties
53028,FV,1982-01-01,2022-09-30,78.36,1990-10-01 09:00:00,2022-10-01 08:00:00,99.69,NaN,NaN,03-Jan-2003 12:08:00,19.31,14.20,0.00,14.54,0.00,18.95,-18.62,20.04,-20.32,13.16,-13.04,11.33,-11.63,12.05,-12.25,10.84,-10.95,Calculated discharge uncertainties
54001,US,1970-10-01,2022-09-30,100.00,1990-10-01 09:00:00,2022-10-01 08:00:00,100.00,420.00,NaN,02-Nov-2000 10:16:00,557.72,535.00,0.00,522.34,0.00,NaN,NaN,16.29,-16.83,13.48,-13.60,7.55,-7.56,9.18,-9.29,10.07,-9.92,Calculated discharge uncertainties
54002,VA,1970-10-01,2022-09-30,99.54,1990-10-01 09:00:00,2022-10-01 08:00:00,100.00,125.00,NaN,12-Jul-1968 00:00:00,368.00,411.00,0.01,464.11,0.01,27.75,-28.60,21.63,-21.77,13.18,-12.48,28.57,-28.82,8.30,-7.88,7.77,-7.14,Calculated discharge uncertainties
54003,TP,1970-10-01,2022-09-30,99.85,1990-10-01 09:00:00,2022-10-01 08:00:00,99.97,NaN,NaN,NaN,NaN,NaN,NaN,NaN,NaN,NaN,NaN,NaN,NaN,NaN,NaN,NaN,NaN,NaN,NaN,NaN,NaN,Less than 20 stage-discharge measurements available for most recent rating
54004,CC,1970-10-01,2022-09-30,97.53,1990-10-01 09:00:00,2022-10-01 08:00:00,98.96,55.00,NaN,05-Mar-2007 12:00:00,25.39,62.80,0.22,79.14,0.33,19.70,-18.72,16.55,-16.34,16.38,-15.63,11.69,-11.51,18.57,-18.34,10.92,-10.06,Calculated discharge uncertainties
54005,US,1970-10-01,2022-09-30,100.00,1994-10-19 11:00:00,2022-10-01 08:00:00,87.35,220.00,NaN,01-Nov-2000 09:45:00,457.91,474.60,0.01,474.02,0.01,25.34,-25.81,18.23,-17.95,11.66,-11.64,9.58,-9.63,11.45,-11.58,17.17,-17.34,Calculated discharge uncertainties
54007,C,1970-10-01,2022-09-30,99.71,2003-09-21 09:00:00,2022-10-01 08:00:00,59.46,29.00,NaN,31-May-1979 00:00:00,76.09,150.00,0.04,255.12,0.12,17.97,-17.17,14.77,-14.60,14.89,-14.87,12.60,-12.32,10.05,-9.78,15.17,-11.06,Calculated discharge uncertainties
54008,VA,1970-10-01,2022-09-30,99.97,1990-10-01 09:00:00,2022-10-01 08:00:00,99.99,200.00,NaN,15-Jan-1968 00:00:00,234.77,251.50,0.01,263.15,0.03,24.71,-24.41,14.83,-14.79,13.49,-13.32,9.99,-9.80,9.27,-9.05,9.34,-9.21,Calculated discharge uncertainties
54011,FV,1970-10-01,2022-09-30,84.14,1990-10-01 09:00:00,2022-10-01 08:00:00,94.26,34.00,NaN,28-Jan-1960 00:00:00,33.36,30.95,0.00,36.71,0.00,16.10,-14.95,15.34,-14.78,14.92,-14.05,22.51,-25.31,13.31,-15.63,12.66,-12.84,Calculated discharge uncertainties
54012,FV,1970-10-01,2022-09-30,99.62,1994-07-23 00:00:00,2022-10-01 08:00:00,82.31,26.00,NaN,20-Jan-1990 12:15:00,56.36,56.30,0.00,53.70,0.00,14.87,-14.74,15.33,-15.45,11.19,-11.11,19.11,-22.26,16.70,-16.79,14.87,-15.19,Calculated discharge uncertainties
54015,FV,1971-10-01,2022-09-30,96.82,1990-10-01 09:00:00,2022-10-01 08:00:00,99.24,19.00,NaN,NaN,NaN,NaN,NaN,NaN,NaN,17.88,-17.71,23.42,-22.21,13.04,-12.95,18.65,-18.53,31.96,-30.71,21.00,-19.82,Calculated discharge uncertainties
54016,FLCB,1977-04-20,2022-09-30,87.37,1990-10-01 09:00:00,2022-10-01 08:00:00,100.00,18.00,NaN,07-Nov-2000 11:34:00,23.81,27.62,0.01,32.45,0.02,17.28,-16.93,17.51,-18.51,20.16,-19.73,14.11,-13.45,14.21,-14.04,14.63,-15.04,Calculated discharge uncertainties
54017,FLCB,1970-10-01,2022-09-30,99.74,1990-10-01 09:00:00,2022-10-01 08:00:00,99.58,14.00,9.60,28-Jan-1977 00:00:00,34.14,127.00,0.33,240.08,0.52,NaN,NaN,NaN,NaN,NaN,NaN,NaN,NaN,NaN,NaN,NaN,NaN,Less than 20 stage-discharge measurements available for most recent rating
54018,FLCB,1970-10-01,2022-09-30,97.25,1990-10-01 09:00:00,2022-10-01 08:00:00,99.99,24.50,NaN,21-Oct-2023 08:50:00,34.38,39.40,0.02,65.31,0.04,20.43,-20.93,14.23,-13.82,17.55,-17.22,15.84,-14.96,11.58,-10.83,8.30,-7.49,Calculated discharge uncertainties
54019,C VA,1970-10-01,2022-09-30,99.92,1990-10-01 09:00:00,2022-10-01 08:00:00,100.00,33.50,47.00,10-Mar-2016 12:35:42,62.87,62.80,0.00,83.99,0.01,18.49,-18.24,14.00,-13.60,11.95,-11.79,9.90,-9.91,9.42,-9.17,9.07,-8.43,Calculated discharge uncertainties
54020,C,1970-10-01,2022-09-30,100.00,1990-10-01 09:00:00,2022-10-01 08:00:00,95.76,15.00,24.00,11-Jan-2007 16:15:00,11.64,15.74,0.16,16.43,0.25,20.93,-21.19,19.59,-19.49,13.06,-13.13,16.17,-16.01,7.76,-7.96,5.79,-5.77,Calculated discharge uncertainties
54022,FL,1970-10-01,2009-12-31,75.19,1990-10-01 09:00:00,2011-01-01 00:00:00,62.27,NaN,43.00,NaN,NaN,NaN,NaN,NaN,NaN,NaN,NaN,NaN,NaN,NaN,NaN,NaN,NaN,NaN,NaN,NaN,NaN,No stage-discharge measurements available
54024,C,1970-10-01,2022-09-30,100.00,1990-10-01 09:00:00,2022-10-01 08:00:00,97.05,16.00,51.00,28-May-1969 00:01:00,6.95,18.46,0.31,23.91,0.45,23.36,-22.94,19.06,-18.89,13.77,-13.42,13.96,-13.91,NaN,NaN,NaN,NaN,Calculated discharge uncertainties
54025,FL,1970-10-01,2022-09-30,100.00,1990-10-01 09:00:00,2022-10-01 08:00:00,100.00,NaN,NaN,12-Jan-2007 11:45:00,6.49,29.87,2.75,62.48,3.54,73.02,-73.05,32.12,-30.95,32.40,-32.39,22.48,-22.32,7.81,-7.52,NaN,NaN,Calculated discharge uncertainties
54027,CBVA,1970-10-01,2022-09-30,99.94,1990-10-01 09:00:00,2022-10-01 08:00:00,95.36,18.00,45.00,30-May-1979 00:00:00,18.93,19.10,0.01,48.33,0.02,22.57,-22.58,19.07,-19.09,15.93,-15.99,13.59,-13.67,12.12,-12.12,6.61,-6.59,Calculated discharge uncertainties
54028,VA,1970-10-01,2022-09-30,99.99,1990-10-01 09:00:00,2022-10-01 08:00:00,100.00,NaN,NaN,11-Feb-2002 14:18:00,483.04,406.80,0.00,700.27,0.01,21.62,-20.90,35.09,-34.93,13.17,-13.00,9.84,-9.61,9.29,-9.09,10.13,-10.30,Calculated discharge uncertainties
54029,XC,1970-10-01,2022-09-30,100.00,1990-10-01 09:00:00,2022-10-01 08:00:00,95.47,190.00,NaN,28-Dec-1979 14:15:00,279.14,290.00,0.01,313.14,0.01,20.03,-19.74,14.93,-14.94,13.30,-13.83,12.44,-12.38,10.20,-9.98,9.52,-9.07,Calculated discharge uncertainties
54032,US,1970-10-01,2022-09-30,99.92,1990-10-01 09:00:00,2022-10-01 08:00:00,99.80,340.00,NaN,NaN,NaN,NaN,NaN,NaN,NaN,NaN,NaN,NaN,NaN,NaN,NaN,NaN,NaN,NaN,NaN,NaN,NaN,Discharge uncertainty estimates not provided
54034,FVVA,1971-10-01,2022-09-30,98.07,1990-10-01 09:00:00,2022-10-01 08:00:00,97.05,NaN,10.00,11-Dec-2000 13:51:00,9.03,31.16,0.04,89.26,0.10,32.96,-31.36,20.37,-19.69,17.09,-19.99,16.05,-16.18,10.28,-10.62,15.72,-15.14,Calculated discharge uncertainties
54036,C VA,1972-03-01,2022-09-30,97.08,1990-10-01 09:00:00,2022-10-01 08:00:00,99.75,11.00,3.40,31-May-1979 00:00:00,26.73,38.80,0.01,85.61,0.01,40.52,-39.92,21.75,-20.96,14.00,-13.19,11.87,-11.72,12.45,-12.39,9.21,-9.80,Calculated discharge uncertainties
54038,FV,1973-06-01,2022-09-30,94.23,1992-04-01 09:00:00,2022-10-01 08:00:00,95.24,NaN,NaN,10-Jan-1986 00:05:00,95.40,109.70,0.01,151.25,0.04,17.79,-17.25,15.50,-14.37,9.47,-9.44,11.33,-11.14,10.52,-10.39,9.52,-9.40,Calculated discharge uncertainties
54044,TPVA,1972-09-14,2022-09-30,96.24,1990-10-01 09:00:00,2022-10-01 08:00:00,100.00,NaN,2.00,04-Jan-2024 10:30:00,5.62,20.26,0.10,23.88,0.15,20.30,-20.08,16.38,-16.27,14.25,-14.02,18.85,-18.97,12.48,-12.32,7.86,-7.66,Calculated discharge uncertainties
54048,FV,1976-05-21,2022-09-30,89.16,1990-10-01 09:00:00,2022-10-01 08:00:00,99.99,27.00,NaN,NaN,NaN,NaN,NaN,NaN,NaN,36.80,-34.03,24.58,-24.68,22.69,-22.25,21.71,-19.43,14.27,-13.98,10.89,-8.57,Calculated discharge uncertainties
54049,TP,1979-11-08,2022-09-30,82.33,1990-10-01 09:00:00,2022-10-01 08:00:00,99.92,NaN,NaN,NaN,NaN,NaN,NaN,NaN,NaN,40.02,-39.32,26.43,-25.94,15.55,-15.22,21.77,-21.16,10.32,-10.66,9.09,-8.85,Calculated discharge uncertainties
54052,TP,1970-10-01,2022-09-30,99.93,1990-10-01 09:00:00,2022-10-01 08:00:00,99.99,NaN,NaN,NaN,NaN,NaN,NaN,NaN,NaN,24.65,-24.07,17.00,-16.96,12.12,-12.18,14.06,-14.17,7.23,-6.75,NaN,NaN,Calculated discharge uncertainties
54057,VA,1971-07-01,2022-09-30,97.92,1990-10-01 09:00:00,2022-10-01 08:00:00,99.35,460.00,NaN,03-Nov-2000 12:00:00,753.10,1340.00,0.02,1399.12,0.05,20.39,-20.09,17.78,-17.72,13.60,-13.58,12.36,-12.33,11.35,-11.25,10.74,-10.50,Calculated discharge uncertainties
54060,FV,1972-03-01,2012-12-31,70.36,1990-10-01 09:00:00,2013-09-01 00:00:00,71.53,NaN,NaN,NaN,NaN,NaN,NaN,NaN,NaN,27.64,-26.71,20.83,-22.02,14.04,-14.08,18.90,-20.35,21.14,-23.89,NaN,NaN,Calculated discharge uncertainties
54063,FV,1972-08-01,2022-09-30,74.82,1995-03-27 11:00:00,2022-10-01 08:00:00,85.98,NaN,NaN,NaN,NaN,NaN,NaN,NaN,NaN,19.84,-17.78,15.74,-15.46,21.32,-19.24,14.12,-14.10,13.77,-13.74,11.84,-11.94,Calculated discharge uncertainties
54080,CC,1977-09-01,2022-09-30,81.51,2000-06-13 14:00:00,2022-10-01 08:00:00,69.68,NaN,NaN,11-Feb-2002 11:20:00,145.74,161.00,0.01,248.33,0.01,14.72,-14.65,12.09,-12.11,15.85,-16.17,12.10,-11.52,12.38,-12.21,11.56,-11.61,Calculated discharge uncertainties
54095,US,1984-03-01,2022-09-30,74.20,1990-10-01 09:00:00,2022-10-01 08:00:00,100.00,285.00,NaN,NaN,NaN,NaN,NaN,NaN,NaN,19.91,-19.78,13.42,-13.35,10.30,-10.31,11.00,-11.03,9.59,-9.67,9.45,-9.49,Calculated discharge uncertainties
54096,FV,1987-12-10,2022-09-30,66.37,1990-10-01 09:00:00,2022-10-01 08:00:00,99.41,NaN,NaN,NaN,NaN,NaN,NaN,NaN,NaN,NaN,NaN,NaN,NaN,NaN,NaN,NaN,NaN,NaN,NaN,NaN,NaN,Discharge uncertainty estimates not provided
55002,VA,1970-10-01,2022-07-31,99.68,1990-10-01 09:00:00,2022-10-01 08:00:00,97.69,522.00,NaN,17-Feb-2020 11:00:00,692.77,592.00,0.00,693.14,0.00,23.96,-23.58,17.45,-17.20,18.92,-18.21,10.64,-10.56,11.71,-11.51,12.60,-12.54,Calculated discharge uncertainties
55007,VA,1970-10-01,2022-09-30,100.00,1990-10-01 09:00:00,2022-10-01 08:00:00,100.00,NaN,NaN,30-Oct-2000 11:11:00,850.28,689.00,0.00,896.75,0.00,24.47,-23.13,18.00,-20.41,16.24,-18.49,12.13,-11.51,8.12,-8.43,7.92,-7.99,Calculated discharge uncertainties
55008,CC,1970-10-01,2022-09-30,98.84,1990-10-01 09:00:00,2011-01-01 00:00:00,62.16,NaN,66.00,NaN,NaN,NaN,NaN,NaN,NaN,NaN,NaN,NaN,NaN,NaN,NaN,NaN,NaN,NaN,NaN,NaN,NaN,No stage-discharge measurements available
55013,VA,1970-10-01,2022-09-30,100.00,1990-10-01 09:00:00,2022-10-01 08:00:00,91.41,27.50,NaN,10-Jan-1986 00:00:00,46.78,39.60,0.00,50.31,0.00,22.76,-21.66,14.54,-14.17,13.03,-13.66,9.91,-9.37,16.48,-16.12,16.67,-16.50,Calculated discharge uncertainties
55014,FV,1970-10-01,2022-09-30,100.00,1990-10-01 09:00:00,2022-10-01 08:00:00,93.84,46.00,8.60,21-Jan-2021 11:36:00,48.60,70.90,0.02,81.70,0.05,20.91,-21.47,16.96,-16.74,15.11,-15.09,12.28,-12.39,14.09,-14.07,11.77,-11.75,Calculated discharge uncertainties
55016,FV,1970-10-01,2022-09-30,99.09,1990-10-01 09:00:00,2022-10-01 08:00:00,99.28,NaN,NaN,20-Jul-2007 21:39:00,130.28,144.00,0.01,154.34,0.07,51.68,-53.18,25.65,-26.26,23.52,-23.43,13.86,-13.83,21.22,-20.82,22.49,-21.61,Calculated discharge uncertainties
55018,VA,1970-10-01,2022-09-30,99.94,1990-10-01 09:00:00,2022-10-01 08:00:00,90.51,20.00,NaN,25-Jun-2007 12:23:00,20.10,24.33,0.09,26.42,0.34,26.13,-25.80,26.22,-26.10,24.79,-25.61,16.80,-17.54,24.42,-24.34,16.75,-16.08,Calculated discharge uncertainties
55021,VA,1970-10-01,2022-09-30,95.22,1990-10-01 09:00:00,2022-10-01 08:00:00,90.95,85.00,NaN,21-Jul-2007 18:35:00,82.27,70.80,0.00,72.56,0.00,18.07,-17.62,20.02,-19.45,33.21,-32.05,13.63,-13.06,20.82,-22.26,20.31,-20.91,Calculated discharge uncertainties
55023,VA,1970-10-01,2022-09-30,100.00,1990-10-01 09:00:00,2022-10-01 08:00:00,100.00,NaN,NaN,04-Dec-1992 11:00:00,773.50,815.00,0.02,922.36,0.02,21.52,-21.25,19.56,-19.40,14.15,-14.06,12.82,-12.64,10.77,-10.39,15.66,-15.87,Calculated discharge uncertainties
55025,B VA,1970-10-01,2022-09-30,99.08,2002-01-01 09:00:00,2022-10-01 08:00:00,64.84,NaN,NaN,27-Jan-1984 00:00:00,52.56,68.50,0.02,129.25,0.05,29.03,-28.43,14.01,-14.47,13.74,-12.99,13.08,-13.02,11.59,-11.66,18.04,-18.14,Calculated discharge uncertainties
55026,FVVA,1970-10-01,2022-09-30,100.00,1998-03-27 06:00:00,2022-10-01 08:00:00,64.85,NaN,NaN,06-Mar-1998 20:55:00,175.64,140.00,0.00,197.66,0.01,63.26,-62.79,28.27,-27.90,17.36,-17.22,10.18,-10.18,21.31,-21.29,18.58,-18.51,Calculated discharge uncertainties
55029,VA,1970-10-01,2022-09-30,100.00,1990-10-01 09:00:00,2011-07-18 09:00:00,64.98,NaN,NaN,09-Apr-1998 18:40:00,237.61,156.00,0.00,270.25,0.01,37.04,-36.50,27.31,-23.34,16.49,-15.71,19.93,-17.48,14.93,-14.13,11.54,-11.93,Calculated discharge uncertainties
55032,FV,1970-10-01,2022-09-30,99.69,1990-10-01 09:00:00,2022-10-01 08:00:00,94.12,NaN,NaN,06-Mar-1998 19:45:00,229.00,114.40,0.00,172.96,0.00,18.38,-16.90,24.31,-22.52,17.28,-16.65,11.63,-11.66,28.86,-29.64,15.21,-15.55,Calculated discharge uncertainties
56001,VA,1970-10-01,2022-09-30,100.00,1990-10-01 09:00:00,2022-10-01 08:00:00,100.00,NaN,NaN,02-Feb-2002 12:50:00,771.00,585.00,0.00,709.50,0.00,18.08,-17.74,18.00,-17.78,15.08,-14.86,14.14,-14.13,13.11,-12.93,10.50,-10.44,Calculated discharge uncertainties
56002,FVVA,1970-10-01,2022-09-30,94.58,1990-10-01 09:00:00,2022-10-01 08:00:00,98.53,NaN,NaN,01-Feb-2002 19:23:00,130.25,153.10,0.01,240.50,0.02,15.83,-15.79,17.32,-17.17,14.62,-14.53,15.97,-15.65,12.49,-12.31,13.31,-13.50,Calculated discharge uncertainties
56007,FV,1970-10-01,2022-09-30,99.05,1990-10-01 09:00:00,2022-10-01 08:00:00,99.15,NaN,24.00,NaN,NaN,NaN,NaN,NaN,NaN,33.31,-32.53,19.19,-18.36,12.73,-12.69,12.85,-12.80,9.69,-11.54,NaN,NaN,Calculated discharge uncertainties
56012,C,1971-01-01,2022-09-30,92.83,1990-10-01 09:00:00,2022-10-01 08:00:00,99.80,NaN,NaN,15-Jan-2020 13:37:18,10.62,37.10,0.86,61.27,1.03,21.10,-20.41,17.56,-16.84,12.17,-11.92,14.19,-13.31,9.15,-8.77,NaN,NaN,Calculated discharge uncertainties
56013,C,1972-05-01,2022-09-30,96.64,1990-10-01 09:00:00,2022-10-01 08:00:00,100.00,NaN,NaN,13-Dec-2011 13:29:08,8.87,29.04,2.12,81.58,2.56,27.73,-26.17,20.30,-18.18,15.55,-14.50,14.33,-14.20,9.31,-9.21,NaN,NaN,Calculated discharge uncertainties
57004,FVVA,1970-10-01,2022-09-30,100.00,1990-10-01 09:00:00,2022-10-01 08:00:00,96.01,NaN,NaN,13-Oct-2018 09:45:00,105.25,107.90,0.01,172.81,0.01,25.21,-24.95,19.99,-19.60,14.00,-13.83,11.28,-11.41,10.26,-10.01,11.18,-10.30,Calculated discharge uncertainties
57005,FVVA,1970-10-01,2022-09-30,100.00,1990-10-01 09:00:00,2022-10-01 08:00:00,99.15,NaN,NaN,11-Feb-2002 12:24:00,426.23,427.00,0.01,798.00,0.02,19.31,-19.41,16.58,-16.05,13.72,-13.63,10.95,-10.86,10.33,-10.18,12.93,-12.96,Calculated discharge uncertainties
57006,VA,1970-10-01,2022-09-30,98.40,1990-10-01 09:00:00,2022-10-01 08:00:00,99.99,NaN,NaN,19-Nov-1986 00:00:00,151.80,108.00,0.00,210.75,0.01,20.29,-19.82,16.35,-15.09,15.94,-15.66,16.59,-16.21,12.31,-12.08,12.52,-12.08,Calculated discharge uncertainties
57007,FVVA,1973-05-01,2022-09-30,95.04,1990-10-01 09:00:00,2022-10-01 08:00:00,93.76,NaN,NaN,02-Dec-1992 11:11:00,232.00,215.00,0.00,417.79,0.01,18.43,-18.09,16.38,-15.41,14.02,-13.60,10.46,-10.06,10.04,-9.87,11.90,-11.69,Calculated discharge uncertainties
57008,FVVA,1973-01-01,2022-09-30,95.67,1990-10-01 09:00:00,2022-10-01 08:00:00,95.33,NaN,NaN,05-Sep-2008 15:29:11,108.44,115.50,0.01,142.50,0.01,17.48,-17.43,13.65,-13.37,12.58,-12.35,15.42,-15.32,8.94,-8.85,10.54,-10.53,Calculated discharge uncertainties
57009,FVVA,1975-01-01,2022-09-30,91.82,1990-10-01 09:00:00,2022-10-01 08:00:00,98.63,NaN,NaN,05-Sep-2008 21:36:00,96.79,81.50,0.00,111.00,0.01,21.98,-21.70,16.93,-17.06,14.35,-14.36,14.52,-14.34,13.31,-13.06,15.04,-15.04,Calculated discharge uncertainties
58001,FVVA,1970-10-01,2022-09-30,100.00,1990-10-01 09:00:00,2022-10-01 08:00:00,100.00,NaN,NaN,02-Nov-1970 00:04:00,106.20,139.30,0.02,176.91,0.07,NaN,NaN,NaN,NaN,NaN,NaN,NaN,NaN,NaN,NaN,NaN,NaN,Discharge uncertainty estimates not provided
58002,FVVA,1975-01-01,2022-09-30,90.03,1990-10-01 09:00:00,2022-10-01 08:00:00,99.92,NaN,NaN,04-Oct-2004 08:32:00,161.85,244.70,0.04,516.69,0.20,20.22,-21.06,14.43,-14.28,11.30,-11.30,10.60,-10.18,13.10,-13.00,8.71,-8.84,Calculated discharge uncertainties
58006,FVVA,1971-10-01,2022-09-30,98.03,1990-10-01 09:00:00,2022-10-01 08:00:00,99.54,NaN,NaN,05-Sep-2008 13:37:00,107.96,81.44,0.00,167.66,0.01,24.39,-22.86,16.86,-16.16,14.45,-14.07,12.24,-11.83,10.59,-10.80,10.98,-10.86,Calculated discharge uncertainties
58008,CC,1971-11-10,2022-09-30,97.19,1990-10-01 09:00:00,2022-10-01 08:00:00,98.95,NaN,NaN,29-Jul-2009 11:06:25,48.71,45.29,0.00,100.85,0.04,21.17,-20.80,15.19,-15.50,15.23,-15.73,14.26,-13.98,11.79,-11.60,11.84,-11.72,Calculated discharge uncertainties
58009,FVVA,1971-11-01,2022-09-30,97.89,1990-10-01 09:00:00,2022-10-01 08:00:00,100.00,NaN,NaN,27-Jan-1975 00:00:00,31.00,40.22,0.02,51.92,0.05,NaN,NaN,NaN,NaN,NaN,NaN,NaN,NaN,NaN,NaN,NaN,NaN,Discharge uncertainty estimates not provided
58010,FVVA,1975-09-01,2022-09-30,71.60,1992-06-01 09:00:00,2022-10-01 08:00:00,91.60,NaN,7.60,NaN,NaN,NaN,NaN,NaN,NaN,NaN,NaN,NaN,NaN,NaN,NaN,NaN,NaN,NaN,NaN,NaN,NaN,No stage-discharge measurements available
58012,CC,1978-01-01,2022-09-30,85.91,1990-10-01 09:00:00,2022-10-01 08:00:00,100.00,NaN,NaN,20-Oct-1982 00:00:00,50.80,75.80,0.16,136.33,0.36,21.98,-22.24,19.57,-20.05,13.27,-13.35,11.10,-11.10,12.76,-12.59,14.30,-14.26,Calculated discharge uncertainties
59001,VA,1970-10-01,2022-09-30,99.35,1990-10-01 09:00:00,2022-10-01 08:00:00,100.00,NaN,NaN,02-Dec-1992 09:30:00,302.24,243.10,0.00,396.14,0.01,15.44,-15.20,12.48,-12.37,10.59,-10.41,11.65,-11.54,8.80,-8.74,7.60,-7.57,Calculated discharge uncertainties
60002,VA,1970-10-01,2022-09-30,99.98,1990-10-01 09:00:00,2022-10-01 08:00:00,99.94,NaN,NaN,31-Oct-1977 00:14:00,313.73,290.60,0.00,410.14,0.01,30.35,-29.97,29.89,-29.99,16.43,-16.58,8.55,-8.51,10.48,-10.51,10.91,-10.96,Calculated discharge uncertainties
60003,VA,1970-10-01,2022-09-30,100.00,1990-10-01 09:00:00,2022-10-01 08:00:00,99.96,NaN,NaN,11-Mar-1981 00:00:00,88.95,81.10,0.00,97.47,0.01,46.78,-46.26,35.53,-34.07,31.80,-31.86,12.87,-12.84,8.68,-8.46,8.66,-8.67,Calculated discharge uncertainties
60005,FVUS,1970-10-01,2022-09-30,99.66,1990-10-01 09:00:00,2022-10-01 08:00:00,99.42,65.00,NaN,NaN,NaN,NaN,NaN,NaN,NaN,36.84,-36.71,25.62,-25.49,18.77,-18.09,15.31,-14.87,10.72,-10.51,10.20,-10.58,Calculated discharge uncertainties
60006,VA,1970-10-01,2022-09-30,100.00,1990-10-01 09:00:00,2022-10-01 08:00:00,100.00,NaN,NaN,08-Nov-2005 13:34:59,152.28,95.43,0.00,157.49,0.00,25.08,-24.18,39.67,-39.15,27.02,-27.10,18.95,-18.72,22.44,-22.39,11.91,-11.81,Calculated discharge uncertainties
60010,FVVA,1970-10-01,2022-09-30,99.94,1990-10-01 09:00:00,2022-10-01 08:00:00,100.00,221.00,NaN,NaN,NaN,NaN,NaN,NaN,NaN,15.01,-14.60,15.16,-14.83,8.57,-8.60,8.18,-8.25,7.84,-7.85,9.25,-9.27,Calculated discharge uncertainties
60012,VA,1970-10-01,2022-09-30,83.07,1990-10-01 09:00:00,2022-10-01 08:00:00,99.88,NaN,NaN,13-Nov-1974 00:03:00,13.29,18.45,0.03,33.18,0.10,45.53,-39.03,21.93,-21.90,14.17,-13.90,14.40,-13.84,9.43,-9.31,NaN,NaN,Calculated discharge uncertainties
6007,VA,1972-09-06,2022-09-30,96.28,1990-10-01 09:00:00,2022-10-01 08:00:00,100.00,795.00,NaN,07-Feb-1989 12:05:00,794.83,768.80,0.00,695.89,0.00,42.32,-42.23,33.65,-33.63,22.04,-21.79,17.06,-16.90,9.70,-9.53,7.19,-7.18,Calculated discharge uncertainties
6008,VA,1979-12-01,2022-09-30,82.37,1990-10-01 09:00:00,2022-10-01 08:00:00,100.00,22.90,NaN,01-Dec-2006 11:51:00,70.41,76.70,0.01,73.85,0.00,41.91,-43.49,15.28,-14.37,11.33,-11.33,8.43,-8.53,9.07,-8.96,8.38,-8.19,Calculated discharge uncertainties
61001,VA,1970-10-01,2004-12-31,65.87,1990-10-01 09:00:00,2005-05-01 00:00:00,45.56,NaN,NaN,17-Dec-1965 00:00:00,58.27,65.60,0.01,78.47,0.06,NaN,NaN,NaN,NaN,NaN,NaN,NaN,NaN,NaN,NaN,NaN,NaN,No stage-discharge measurements available
61002,VA,1970-10-01,2022-09-30,99.84,1990-10-01 09:00:00,2022-10-01 08:00:00,99.94,NaN,NaN,31-Oct-1977 00:12:00,76.28,82.94,0.01,104.80,0.14,12.48,-12.52,13.11,-13.17,11.81,-12.09,13.94,-13.76,16.45,-16.10,9.91,-10.58,Calculated discharge uncertainties
62001,VA,1970-10-01,2022-09-30,100.00,1990-10-01 09:00:00,2022-10-01 08:00:00,99.93,NaN,NaN,02-Feb-2002 00:02:00,294.00,596.40,0.05,759.60,0.08,NaN,NaN,17.45,-17.79,18.98,-18.78,16.28,-16.12,8.06,-7.82,8.34,-8.41,Calculated discharge uncertainties
63001,VA,1970-10-01,2022-09-30,99.83,1990-10-01 09:00:00,2022-10-01 08:00:00,99.82,NaN,NaN,30-Oct-2000 11:00:00,111.62,113.00,0.01,178.69,0.04,17.70,-16.98,20.18,-18.61,10.46,-10.73,7.95,-7.82,10.36,-9.86,9.97,-9.73,Calculated discharge uncertainties
63004,FV,1984-05-01,2022-09-30,73.76,1990-10-01 09:00:00,2022-10-01 08:00:00,98.51,NaN,NaN,NaN,NaN,NaN,NaN,NaN,NaN,NaN,NaN,NaN,NaN,NaN,NaN,NaN,NaN,NaN,NaN,NaN,NaN,No stage-discharge measurements available
64001,VA,1970-10-01,2022-09-30,92.29,1990-10-01 09:00:00,2022-10-01 08:00:00,100.00,NaN,NaN,07-Jan-2005 12:33:00,313.81,311.90,0.00,386.16,0.09,32.19,-31.96,30.11,-29.73,11.64,-11.41,16.34,-16.28,12.98,-13.00,9.12,-9.17,Calculated discharge uncertainties
64002,VA,1970-10-01,2022-09-30,99.52,1998-02-13 09:00:00,2022-10-01 08:00:00,76.97,NaN,NaN,03-Mar-1998 12:35:00,53.30,97.51,0.04,106.04,0.12,NaN,NaN,NaN,NaN,NaN,NaN,NaN,NaN,NaN,NaN,NaN,NaN,No stage-discharge measurements available
64006,C,1970-10-01,2013-12-31,83.18,1990-10-01 09:00:00,2022-10-01 08:00:00,100.00,NaN,NaN,13-Aug-2001 10:25:00,4.40,42.45,5.90,86.43,6.43,30.89,-30.62,20.69,-18.84,12.03,-11.46,19.18,-19.66,NaN,NaN,NaN,NaN,Calculated discharge uncertainties
65001,VA,1970-10-01,2022-09-30,100.00,1990-10-01 09:00:00,2022-10-01 08:00:00,99.99,NaN,NaN,04-Feb-2004 12:55:00,82.10,110.20,0.04,268.42,0.12,NaN,NaN,NaN,NaN,NaN,NaN,NaN,NaN,NaN,NaN,NaN,NaN,Less than 20 stage-discharge measurements available for most recent rating
65004,C,1971-05-01,2022-09-30,90.55,1990-10-01 09:00:00,2022-10-01 08:00:00,81.41,NaN,NaN,06-Jun-2017 10:30:00,19.75,34.84,0.12,50.77,0.20,NaN,NaN,NaN,NaN,NaN,NaN,NaN,NaN,NaN,NaN,NaN,NaN,Discharge uncertainty estimates not provided
65005,C,1973-01-01,2022-09-30,95.67,1990-10-01 09:00:00,2022-10-01 08:00:00,99.99,NaN,NaN,14-Aug-2023 11:00:00,7.06,28.00,0.09,23.00,0.28,27.72,-24.31,19.24,-18.42,24.84,-24.08,17.89,-17.70,NaN,NaN,NaN,NaN,Calculated discharge uncertainties
65006,VA,1976-08-01,2022-09-30,86.94,1990-10-01 09:00:00,2022-10-01 08:00:00,99.99,NaN,NaN,06-Nov-2000 18:50:00,40.40,66.30,0.16,73.26,0.25,66.23,-66.05,37.22,-35.86,34.10,-33.45,15.70,-15.57,13.15,-13.13,7.81,-7.72,Calculated discharge uncertainties
65007,CC,1975-04-01,2022-09-30,91.19,1990-10-01 09:00:00,2022-10-01 08:00:00,99.73,NaN,NaN,27-Mar-2018 10:47:08,9.17,36.70,4.43,53.54,4.31,28.61,-30.00,16.22,-16.57,10.51,-10.43,NaN,NaN,NaN,NaN,NaN,NaN,Calculated discharge uncertainties
65008,VA,1971-01-01,2022-09-30,97.14,1990-10-01 09:00:00,2022-10-01 08:00:00,99.55,13.57,NaN,NaN,NaN,NaN,NaN,NaN,NaN,38.76,-35.19,30.22,-28.87,24.26,-25.99,19.09,-19.11,16.24,-14.97,9.70,-9.65,Calculated discharge uncertainties
66001,VA,1970-10-01,2022-09-30,100.00,1990-10-01 09:00:00,2022-10-01 08:00:00,99.41,50.00,NaN,26-Jun-2007 09:29:00,73.40,88.80,0.02,93.55,0.04,15.46,-15.63,15.05,-14.91,14.68,-14.50,8.77,-8.52,8.23,-8.31,7.87,-8.19,Calculated discharge uncertainties
66004,C,1970-10-01,2022-09-30,97.37,1990-10-01 09:00:00,2022-10-01 08:00:00,99.99,NaN,NaN,25-Jun-2007 20:09:00,3.34,6.70,0.35,7.18,0.44,15.13,-14.68,13.83,-13.63,12.14,-12.15,12.60,-12.28,10.86,-10.95,7.77,-7.61,Calculated discharge uncertainties
66006,VA,1973-12-01,2022-09-30,93.54,1990-10-01 09:00:00,2022-10-01 08:00:00,99.61,NaN,NaN,09-Nov-2000 12:40:00,129.00,94.40,0.00,218.65,0.01,29.64,-28.93,17.85,-17.48,12.78,-12.58,10.63,-10.41,13.72,-13.74,11.60,-11.64,Calculated discharge uncertainties
66011,VA,1970-10-01,2022-09-30,100.00,1990-10-01 09:00:00,2022-10-01 08:00:00,99.99,NaN,NaN,07-Jan-2005 13:30:00,492.89,450.00,0.00,908.99,0.03,24.58,-25.86,23.35,-23.05,11.02,-10.82,11.26,-11.11,11.21,-11.34,9.73,-9.23,Calculated discharge uncertainties
67001,C US,1970-10-01,2022-09-30,99.34,1990-10-01 09:00:00,2022-10-01 08:00:00,100.00,186.00,30.00,NaN,NaN,NaN,NaN,NaN,NaN,15.15,-14.94,13.12,-13.43,9.54,-9.54,8.77,-8.87,7.86,-7.97,7.01,-7.47,Calculated discharge uncertainties
67005,CB,1970-10-01,2022-09-30,87.91,1990-10-01 09:00:00,2022-10-01 08:00:00,99.35,NaN,NaN,06-Nov-2000 10:15:00,60.58,48.10,0.00,67.43,0.00,19.21,-18.22,16.70,-16.67,18.99,-16.61,16.91,-16.65,11.10,-10.76,9.09,-8.86,Calculated discharge uncertainties
67006,VA,1970-10-01,2022-09-30,100.00,1990-10-01 09:00:00,2022-10-01 08:00:00,100.00,NaN,NaN,05-Feb-2011 17:33:45,115.90,111.10,0.00,152.02,0.01,21.02,-18.38,25.59,-25.01,17.83,-17.61,10.68,-10.51,8.63,-8.70,11.83,-11.07,Calculated discharge uncertainties
67008,CC,1970-10-01,2022-09-30,100.00,1990-10-01 09:00:00,2022-10-01 08:00:00,100.00,NaN,NaN,07-Nov-2000 01:05:00,59.38,48.00,0.00,57.99,0.00,22.53,-21.31,15.74,-15.77,14.14,-13.73,10.91,-10.58,12.15,-12.18,10.23,-9.86,Calculated discharge uncertainties
67010,CC,1970-10-01,2022-09-30,88.47,1990-10-01 09:00:00,2022-10-01 08:00:00,100.00,NaN,NaN,12-Mar-2009 11:15:00,2.58,16.10,6.12,30.29,6.27,21.69,-21.21,14.40,-14.20,17.00,-17.22,20.20,-18.02,NaN,NaN,NaN,NaN,Calculated discharge uncertainties
67015,CC,1970-10-01,2022-09-30,100.00,1990-10-01 09:00:00,2022-10-01 08:00:00,100.00,NaN,NaN,30-Oct-2000 11:16:00,352.00,417.90,0.02,571.68,0.04,14.05,-13.82,15.09,-15.06,10.81,-10.83,7.87,-7.87,8.51,-8.64,9.01,-8.90,Calculated discharge uncertainties
67018,FVVA,1970-10-01,2022-09-30,99.99,1990-10-01 09:00:00,2022-10-01 08:00:00,98.19,NaN,NaN,03-Oct-2004 22:09:00,64.25,66.23,0.01,97.17,0.10,20.02,-19.72,18.49,-18.27,11.45,-11.31,11.28,-11.21,10.72,-10.88,7.96,-7.83,Calculated discharge uncertainties
67025,C VA,1976-01-01,2020-12-31,86.54,1990-10-01 09:00:00,2022-10-01 08:00:00,100.00,NaN,NaN,NaN,NaN,NaN,NaN,NaN,NaN,15.70,-15.29,12.88,-12.64,11.24,-11.39,10.18,-10.10,12.04,-11.48,19.82,-19.33,Calculated discharge uncertainties
67033,US,1994-01-06,2013-03-13,36.89,2015-07-08 15:00:00,2022-10-01 08:00:00,22.60,NaN,NaN,NaN,NaN,NaN,NaN,NaN,NaN,29.10,-26.74,24.31,-24.97,11.75,-11.68,12.86,-12.58,11.26,-11.21,9.41,-9.25,Calculated discharge uncertainties
68001,VA,1970-10-01,2022-09-30,99.52,1990-10-01 09:00:00,2022-10-01 08:00:00,99.89,120.00,NaN,07-Nov-2000 08:45:00,62.26,80.46,0.04,95.41,0.06,NaN,NaN,NaN,NaN,NaN,NaN,NaN,NaN,NaN,NaN,NaN,NaN,Discharge uncertainty estimates not provided
68003,FVVA,1970-10-01,2022-09-30,99.45,1990-10-01 09:00:00,2022-10-01 08:00:00,99.95,63.00,NaN,21-Jan-2021 11:55:00,99.95,101.30,0.01,138.01,0.02,NaN,NaN,16.82,-16.06,13.93,-14.32,14.93,-14.62,11.58,-11.05,14.10,-13.89,Calculated discharge uncertainties
68004,VA,1970-10-01,2022-09-30,99.91,1990-10-01 09:00:00,2022-10-01 08:00:00,99.88,14.00,NaN,NaN,NaN,NaN,NaN,NaN,NaN,23.00,-22.31,21.94,-20.49,18.18,-19.79,14.58,-13.58,12.75,-12.37,10.82,-11.05,Calculated discharge uncertainties
68005,TPVA,1970-10-01,2022-09-30,97.75,1990-10-01 09:00:00,2022-10-01 08:00:00,99.93,18.00,0.30,06-Nov-2000 12:21:00,35.63,40.02,0.01,55.67,0.01,NaN,NaN,NaN,NaN,NaN,NaN,NaN,NaN,NaN,NaN,NaN,NaN,Discharge uncertainty estimates not provided
68020,FV,1979-08-24,2022-09-30,82.85,1990-10-01 09:00:00,2022-10-01 08:00:00,99.79,NaN,NaN,26-Jun-2007 13:25:00,20.69,22.71,0.01,25.38,0.03,18.45,-18.34,18.36,-18.50,15.84,-15.87,11.36,-11.41,18.09,-17.96,19.48,-19.93,Calculated discharge uncertainties
69002,B,1970-10-01,2022-09-30,98.04,1990-10-01 09:00:00,2022-10-01 08:00:00,98.93,NaN,NaN,NaN,NaN,NaN,NaN,NaN,NaN,NaN,NaN,NaN,NaN,NaN,NaN,NaN,NaN,NaN,NaN,NaN,NaN,Less than 20 stage-discharge measurements available for most recent rating
69007,CBUS,1976-05-31,2022-09-30,89.11,1990-10-01 09:00:00,2022-10-01 08:00:00,99.98,500.00,50.00,23-Oct-1998 08:45:00,209.49,221.80,0.01,245.50,0.02,12.36,-12.47,11.70,-11.53,14.92,-16.33,19.29,-19.20,16.20,-14.98,13.37,-13.42,Calculated discharge uncertainties
69012,CC,1976-01-01,2022-09-30,89.86,1990-10-01 09:00:00,2022-10-01 08:00:00,99.75,NaN,48.00,06-Dec-2007 22:30:00,26.32,19.64,0.00,44.69,0.01,16.66,-16.47,17.19,-16.77,17.94,-17.77,19.50,-19.36,16.59,-16.07,11.11,-10.66,Calculated discharge uncertainties
69015,C,1971-03-16,2022-09-30,96.85,1990-10-01 09:00:00,2022-10-01 08:00:00,99.96,NaN,200.00,04-Jul-2007 18:17:00,53.44,77.60,0.03,102.71,0.08,24.68,-23.66,18.75,-19.02,17.71,-17.61,13.81,-13.56,20.51,-19.20,11.43,-10.73,Calculated discharge uncertainties
69017,CC,1970-10-01,2022-09-30,90.22,1990-10-01 09:00:00,2022-10-01 08:00:00,99.91,NaN,190.00,31-Jul-2019 10:15:00,56.17,82.60,0.03,100.65,0.10,18.40,-18.24,16.52,-16.39,14.73,-14.54,17.43,-17.49,14.94,-14.82,7.46,-7.57,Calculated discharge uncertainties
69023,B,1976-01-01,2022-09-30,89.90,1990-10-01 09:00:00,2022-10-01 08:00:00,99.99,142.70,118.66,21-Jan-2008 14:48:00,116.00,106.80,0.00,191.91,0.01,17.91,-17.42,17.39,-17.41,19.99,-19.55,23.25,-23.24,20.20,-20.27,19.44,-19.31,Calculated discharge uncertainties
69027,B,1970-10-01,2022-09-30,95.00,1990-10-01 09:00:00,2022-10-01 08:00:00,96.48,NaN,NaN,20-Feb-2022 14:00:00,48.77,67.72,0.06,98.54,0.16,31.72,-30.66,26.77,-26.97,25.72,-25.51,19.58,-19.81,16.62,-16.49,14.15,-14.07,Calculated discharge uncertainties
69030,VA,1977-01-01,2022-09-30,87.76,1990-10-01 09:00:00,2022-10-01 08:00:00,99.99,NaN,NaN,26-Sep-2012 09:57:00,33.29,37.49,0.01,40.32,0.04,24.45,-24.70,16.14,-16.35,17.87,-18.03,23.46,-23.27,17.15,-17.45,12.92,-12.63,Calculated discharge uncertainties
69032,MIS,1977-10-01,2022-09-30,85.41,1990-10-01 09:00:00,2022-10-01 08:00:00,99.86,27.70,NaN,20-Jul-2010 18:10:00,29.40,23.62,0.00,30.82,0.00,18.44,-18.38,15.70,-15.58,16.69,-16.93,13.45,-13.41,18.84,-18.71,16.33,-16.29,Calculated discharge uncertainties
69043,B,1995-04-27,2022-09-30,52.70,1995-04-27 19:00:00,2022-10-01 08:00:00,85.61,NaN,NaN,16-Mar-2019 17:42:00,47.08,23.43,0.00,51.76,0.00,NaN,NaN,NaN,NaN,NaN,NaN,NaN,NaN,NaN,NaN,NaN,NaN,Discharge uncertainty estimates not provided
70002,US,1973-07-10,2020-06-26,86.90,1990-10-01 09:00:00,2022-05-24 09:00:00,91.52,32.00,NaN,30-Dec-1986 12:01:00,55.56,71.60,0.01,84.31,0.01,NaN,NaN,NaN,NaN,NaN,NaN,NaN,NaN,NaN,NaN,NaN,NaN,Discharge uncertainty estimates not provided
7001,VA,1970-10-01,2022-09-30,100.00,1990-10-01 09:00:00,2022-10-01 08:00:00,100.00,265.60,NaN,30-Dec-2015 00:30:00,347.35,255.80,0.00,540.27,0.00,26.48,-25.98,16.23,-16.44,12.59,-12.71,10.37,-10.26,9.94,-9.74,7.86,-7.79,Calculated discharge uncertainties
7002,VA,1970-10-01,2022-09-30,100.00,1990-10-01 09:00:00,2022-10-01 08:00:00,100.00,151.40,NaN,11-Aug-2014 11:45:00,900.00,502.40,0.00,838.18,0.00,21.97,-20.96,15.96,-16.00,18.70,-18.52,14.11,-13.86,10.38,-10.44,11.78,-11.97,Calculated discharge uncertainties
7003,VA,1970-10-01,2022-09-30,100.00,1990-10-01 09:00:00,2022-10-01 08:00:00,100.00,35.70,NaN,17-Aug-1970 00:00:00,83.46,115.20,0.01,147.55,0.03,NaN,NaN,NaN,NaN,NaN,NaN,NaN,NaN,NaN,NaN,NaN,NaN,Less than 20 stage-discharge measurements available for most recent rating
7005,VA,1977-02-14,2022-09-30,81.80,1990-10-01 09:00:00,2022-10-01 08:00:00,100.00,50.40,NaN,07-Jun-2017 10:03:00,74.80,92.06,0.02,139.61,0.04,17.81,-17.13,17.46,-16.03,16.84,-16.29,11.53,-11.54,8.24,-8.13,11.23,-11.70,Calculated discharge uncertainties
7006,VA,1987-03-17,2015-09-30,54.77,1990-10-01 09:00:00,2015-05-27 09:00:00,77.04,NaN,NaN,NaN,NaN,NaN,NaN,NaN,NaN,NaN,NaN,26.89,-28.04,25.41,-27.08,26.96,-29.86,28.08,-27.19,13.51,-12.96,Calculated discharge uncertainties
71001,MIS,1970-10-01,2022-09-30,100.00,1990-10-01 09:00:00,2022-10-01 08:00:00,97.92,NaN,NaN,01-Nov-2000 18:09:00,787.52,765.00,0.00,1159.03,0.02,33.06,-32.92,28.00,-28.05,19.62,-20.64,13.03,-12.98,12.86,-12.94,13.08,-13.15,Calculated discharge uncertainties
71004,FV,1970-10-01,2022-09-30,95.02,1990-10-01 09:00:00,2022-10-01 08:00:00,99.99,NaN,9.60,21-Jan-2008 13:03:59,274.80,248.00,0.00,498.41,0.01,14.85,-14.86,13.78,-14.70,12.40,-12.08,9.55,-9.48,9.83,-9.61,8.36,-8.39,Calculated discharge uncertainties
71006,CB,1970-10-01,2022-09-30,99.99,1990-10-01 09:00:00,2022-10-01 08:00:00,99.96,NaN,3.10,09-Feb-2020 15:18:00,307.31,282.30,0.00,409.71,0.01,20.07,-19.68,14.70,-14.89,12.47,-12.59,10.79,-10.80,11.96,-11.78,9.92,-9.86,Calculated discharge uncertainties
71008,FV,1976-01-01,2022-09-30,89.83,1990-10-01 09:00:00,2022-10-01 08:00:00,99.65,544.00,NaN,06-Dec-1999 13:55:00,286.86,250.00,0.00,397.75,0.01,20.34,-19.69,16.81,-16.65,14.19,-13.96,13.86,-13.42,11.26,-10.78,10.24,-10.55,Calculated discharge uncertainties
71014,VA,1976-01-01,2020-07-28,84.92,1990-10-01 09:00:00,2022-10-01 08:00:00,99.97,NaN,NaN,21-Jan-2008 10:50:00,129.79,102.00,0.00,218.00,0.01,16.05,-15.61,13.57,-12.87,13.16,-12.77,12.54,-12.03,8.93,-9.00,10.81,-10.80,Calculated discharge uncertainties
72002,FV,1970-10-01,2022-09-30,100.00,1990-10-01 09:00:00,2022-10-01 08:00:00,99.85,160.00,15.80,31-Jan-1995 17:15:00,169.89,151.00,0.00,179.12,0.00,19.73,-19.34,22.15,-21.58,13.99,-14.21,12.52,-12.50,8.63,-8.78,10.11,-10.10,Calculated discharge uncertainties
72004,CB,1970-10-01,2022-09-30,96.15,1990-10-01 09:00:00,2022-10-01 08:00:00,99.96,329.00,41.60,31-Jan-1995 13:25:00,936.87,1440.00,0.01,1738.04,0.03,17.28,-16.99,15.87,-15.95,16.48,-16.66,11.34,-11.37,9.62,-9.67,10.55,-10.52,Calculated discharge uncertainties
72005,CB,1970-10-01,2022-09-30,99.04,1990-10-01 09:00:00,2022-10-01 08:00:00,99.92,NaN,97.00,31-Jan-1995 10:45:00,299.17,458.00,0.01,620.81,0.03,18.05,-17.95,14.91,-14.72,14.86,-14.73,11.86,-11.62,17.89,-18.01,14.74,-14.73,Calculated discharge uncertainties
72007,B,1978-07-27,2022-09-30,84.88,1990-10-01 09:00:00,2022-10-01 08:00:00,99.90,31.10,NaN,31-Jan-1995 20:50:00,42.90,26.90,0.00,49.10,0.00,23.60,-23.85,15.64,-15.04,13.71,-13.43,14.14,-14.42,18.17,-18.03,23.14,-22.88,Calculated discharge uncertainties
72009,FV,1976-01-07,2022-09-30,89.87,1990-10-01 09:00:00,2022-10-01 08:00:00,99.93,NaN,33.70,10-Aug-2004 10:57:00,77.60,131.00,0.04,172.85,0.14,23.37,-21.30,16.73,-16.37,13.69,-13.65,10.13,-10.17,12.92,-11.57,12.15,-11.39,Calculated discharge uncertainties
72014,FV,1976-02-01,2022-09-30,86.64,1990-10-01 09:00:00,2022-10-01 08:00:00,99.59,NaN,25.10,03-Feb-2004 11:53:00,17.60,23.80,0.01,37.42,0.05,21.16,-20.48,18.45,-18.19,13.22,-13.36,12.24,-12.26,11.32,-11.12,8.59,-8.39,Calculated discharge uncertainties
72015,MIS,1979-12-29,2022-09-30,82.23,1990-10-01 09:00:00,2022-10-01 08:00:00,99.17,186.00,NaN,23-Nov-1981 12:04:00,202.17,300.60,0.01,406.62,0.03,24.64,-25.79,15.92,-15.84,13.13,-13.20,13.93,-12.98,11.19,-11.42,11.25,-11.25,Calculated discharge uncertainties
73005,CBVA,1970-10-01,2022-09-30,99.35,1990-10-01 09:00:00,2022-10-01 08:00:00,99.99,NaN,85.00,19-Nov-2009 15:18:13,265.15,391.00,0.01,523.30,0.01,17.06,-16.15,12.70,-12.72,10.90,-10.79,9.35,-9.24,10.17,-10.10,7.85,-7.86,Calculated discharge uncertainties
73009,FV,1976-01-01,2022-09-30,89.71,1990-10-01 09:00:00,2022-10-01 08:00:00,99.59,NaN,8.60,05-Dec-2015 14:15:00,72.00,69.00,0.00,92.60,0.01,25.25,-23.50,16.03,-15.75,12.68,-12.67,9.12,-9.24,11.01,-10.94,9.48,-9.58,Calculated discharge uncertainties
73010,CC,1970-10-01,2022-09-30,100.00,1990-10-01 09:00:00,2022-10-01 08:00:00,99.96,NaN,140.00,07-Dec-2015 13:00:01,138.79,191.00,0.03,207.47,0.03,19.11,-18.70,13.19,-12.95,10.08,-9.78,9.20,-8.94,9.19,-9.25,9.33,-9.53,Calculated discharge uncertainties
73011,FV,1970-10-01,2022-09-30,95.36,1990-10-01 09:00:00,2022-10-01 08:00:00,99.99,64.00,NaN,05-Jan-1999 19:10:00,63.78,101.10,0.01,135.56,0.04,19.33,-18.07,15.46,-15.22,11.93,-12.02,10.63,-10.59,12.41,-12.35,11.92,-11.99,Calculated discharge uncertainties
73014,VA,1976-01-01,2022-09-30,82.67,1990-10-01 09:00:00,2022-10-01 08:00:00,99.96,48.00,NaN,04-Oct-2004 14:41:00,48.56,161.10,0.25,199.83,0.59,36.80,-35.46,23.47,-22.90,12.40,-12.30,29.24,-29.55,16.15,-15.86,11.14,-10.54,Calculated discharge uncertainties
73015,FV,1976-01-01,2022-09-30,66.52,1990-10-01 09:00:00,2022-10-01 08:00:00,98.75,NaN,NaN,22-Aug-2016 16:01:52,16.98,18.28,0.01,29.27,0.01,18.44,-17.83,18.31,-17.24,13.80,-13.60,10.51,-10.20,14.59,-14.59,9.31,-9.42,Calculated discharge uncertainties
74001,CB,1970-10-01,2022-09-30,100.00,1990-10-01 09:00:00,2022-10-01 08:00:00,99.87,160.00,105.00,20-Sep-1968 00:00:00,40.07,162.00,0.43,260.62,1.10,19.42,-19.06,18.14,-18.08,12.72,-12.90,11.23,-11.26,15.89,-15.56,8.64,-8.10,Calculated discharge uncertainties
74005,FV,1974-01-01,2022-09-30,93.71,1990-10-01 09:00:00,2022-10-01 08:00:00,99.93,90.00,NaN,05-Nov-1999 13:05:00,90.79,100.00,0.01,121.14,0.02,15.73,-15.96,14.59,-14.52,9.46,-9.53,9.11,-8.93,9.04,-9.01,6.96,-6.93,Calculated discharge uncertainties
74006,FV,1970-10-01,2022-09-30,96.79,1990-10-01 09:00:00,2022-10-01 08:00:00,100.00,NaN,21.00,15-Nov-2015 00:08:21,54.50,47.90,0.00,112.19,0.04,17.81,-16.44,14.54,-13.73,11.89,-11.61,9.89,-10.26,10.81,-11.10,10.45,-10.84,Calculated discharge uncertainties
74007,VA,1976-01-01,2022-09-30,89.90,1990-10-01 09:00:00,2022-10-01 08:00:00,99.99,90.00,NaN,14-Nov-1980 12:01:00,97.81,96.60,0.00,139.62,0.08,27.38,-25.48,17.06,-16.77,13.29,-12.86,9.26,-9.31,9.71,-9.83,8.90,-8.96,Calculated discharge uncertainties
75003,VA,1970-10-01,2022-09-30,99.96,1990-10-01 09:00:00,2022-10-01 08:00:00,99.99,140.00,NaN,16-Nov-2015 10:10:00,159.54,341.70,0.05,446.86,0.08,40.43,-41.54,17.87,-16.85,14.24,-13.58,10.47,-10.59,11.64,-11.62,9.98,-9.24,Calculated discharge uncertainties
75004,VA,1970-10-01,2022-09-30,100.00,1990-10-01 09:00:00,2022-10-01 08:00:00,99.98,130.00,NaN,04-Jan-1982 12:09:00,82.50,166.10,0.03,200.58,0.06,31.20,-30.90,23.09,-23.12,22.76,-22.32,15.87,-15.30,14.34,-14.03,12.40,-12.11,Calculated discharge uncertainties
75017,FV,1976-01-01,2022-09-30,89.17,1990-10-01 09:00:00,2022-10-01 08:00:00,99.98,2.10,NaN,19-Nov-2009 13:09:15,45.59,46.80,0.01,94.58,0.03,21.04,-20.88,14.82,-14.82,11.30,-11.21,13.53,-13.53,12.65,-12.50,11.64,-11.63,Calculated discharge uncertainties
76003,VA,1970-10-01,2016-09-30,86.80,1990-10-01 09:00:00,2015-08-01 00:00:00,77.37,320.00,NaN,20-Nov-2009 14:29:00,286.55,449.00,0.01,417.13,0.02,29.43,-28.83,19.63,-18.92,16.44,-16.39,10.56,-10.64,9.50,-9.61,11.69,-11.74,Calculated discharge uncertainties
76005,VA,1970-10-01,2022-09-30,99.71,1990-10-01 09:00:00,2022-10-01 08:00:00,99.97,260.00,NaN,09-Feb-2020 17:17:59,491.32,904.00,0.01,1141.42,0.02,32.29,-32.10,22.61,-23.38,12.81,-13.40,10.53,-10.60,9.36,-9.27,9.61,-9.64,Calculated discharge uncertainties
76007,VA,1970-10-01,2022-09-30,99.95,1990-10-01 09:00:00,2022-10-01 08:00:00,99.97,230.00,NaN,20-Nov-2009 04:52:00,998.34,1167.00,0.02,1673.73,0.02,14.87,-14.90,12.48,-12.57,13.28,-13.24,9.23,-9.30,10.04,-10.08,8.42,-8.55,Calculated discharge uncertainties
76008,MIS,1970-10-01,2022-09-30,99.78,1990-10-01 09:00:00,2022-10-01 08:00:00,99.89,180.00,NaN,03-Jan-1982 12:05:00,251.56,199.00,0.00,232.82,0.00,17.67,-17.58,14.16,-14.09,11.69,-11.56,10.57,-10.58,9.69,-9.82,14.92,-14.88,Calculated discharge uncertainties
76011,CB,1970-10-01,2022-09-30,97.44,1991-07-01 09:00:00,2022-10-01 08:00:00,96.93,NaN,NaN,15-Jan-1999 13:49:00,1.49,1.46,0.00,2.95,0.05,NaN,NaN,NaN,NaN,NaN,NaN,NaN,NaN,NaN,NaN,NaN,NaN,No stage-discharge measurements available
76014,B VA,1971-10-01,2022-09-30,93.37,1990-10-01 09:00:00,2022-10-01 08:00:00,99.94,120.00,2.30,31-Jan-1995 13:55:00,116.32,122.00,0.01,139.06,0.02,NaN,NaN,NaN,NaN,NaN,NaN,NaN,NaN,NaN,NaN,NaN,NaN,No stage-discharge measurements available
77002,VA,1970-10-01,2022-09-30,100.00,1990-10-01 09:00:00,2022-10-01 08:00:00,100.00,400.00,NaN,31-Jan-1995 12:01:00,376.83,385.50,0.01,569.88,0.05,19.76,-20.31,14.02,-14.01,10.02,-10.25,11.49,-11.14,9.76,-9.91,9.05,-8.98,Calculated discharge uncertainties
77003,VA,1973-10-01,2022-09-30,94.23,1990-10-01 09:00:00,2022-10-01 08:00:00,100.00,250.00,NaN,23-Mar-1994 12:04:00,206.76,289.80,0.02,401.52,0.14,NaN,NaN,57.89,-46.58,26.97,-26.37,20.36,-19.67,14.84,-14.98,10.53,-10.35,Calculated discharge uncertainties
77004,VA,1979-07-01,2022-09-30,83.18,1990-10-01 09:00:00,2022-10-01 08:00:00,100.00,50.00,NaN,NaN,NaN,NaN,NaN,NaN,NaN,20.95,-20.96,16.48,-16.00,20.22,-21.49,10.31,-9.80,10.25,-9.88,8.58,-8.55,Calculated discharge uncertainties
78003,VA,1970-10-01,2022-09-30,100.00,1990-10-01 09:00:00,2022-10-01 08:00:00,100.00,420.00,NaN,31-Oct-1977 12:01:00,453.30,414.80,0.00,482.32,0.00,16.30,-16.08,13.41,-13.25,9.34,-9.56,8.42,-8.59,8.67,-8.64,8.36,-8.28,Calculated discharge uncertainties
78004,VA,1970-10-01,2022-09-30,100.00,1990-10-01 09:00:00,2022-10-01 08:00:00,100.00,170.00,NaN,18-Nov-1997 12:00:00,54.96,75.39,0.01,98.26,0.17,79.98,-79.87,28.03,-32.55,31.68,-31.79,11.52,-11.52,10.69,-10.12,8.20,-7.36,Calculated discharge uncertainties
78006,VA,1983-12-01,2022-09-30,74.68,1990-10-01 09:00:00,2022-10-01 08:00:00,100.00,120.00,NaN,NaN,NaN,NaN,NaN,NaN,NaN,20.08,-19.76,31.01,-30.00,28.33,-29.35,7.58,-7.28,8.75,-8.81,8.56,-8.71,Calculated discharge uncertainties
79002,VA,1970-10-01,2022-09-30,100.00,1990-10-01 09:00:00,2022-10-01 08:00:00,100.00,590.00,NaN,31-Oct-1977 12:00:00,485.86,430.40,0.00,655.11,0.02,17.22,-17.87,16.94,-16.49,14.02,-13.99,14.95,-14.66,10.96,-11.35,9.77,-9.79,Calculated discharge uncertainties
79003,VA,1970-10-01,2022-09-30,100.00,1990-10-01 09:00:00,2022-10-01 08:00:00,100.00,100.00,NaN,30-Mar-1993 12:00:00,65.44,138.20,0.09,222.35,0.12,29.83,-30.00,17.33,-17.08,15.38,-15.58,14.45,-14.37,10.99,-10.94,7.75,-7.44,Calculated discharge uncertainties
79004,VA,1970-10-01,2022-09-30,100.00,1990-10-01 09:00:00,2022-10-01 08:00:00,100.00,187.00,NaN,17-Feb-1997 12:01:00,130.96,111.20,0.00,222.62,0.04,18.55,-17.61,14.12,-13.41,11.92,-11.83,11.40,-10.74,13.26,-13.33,NaN,NaN,Calculated discharge uncertainties
79005,VA,1970-10-01,2022-09-30,100.00,1990-10-01 09:00:00,2022-10-01 08:00:00,100.00,82.00,NaN,21-Oct-1998 12:01:00,120.94,147.70,0.02,206.82,0.04,32.25,-32.19,21.65,-21.45,12.98,-12.96,11.09,-11.29,13.67,-13.47,8.16,-7.92,Calculated discharge uncertainties
79006,VA,1970-10-01,2022-09-30,100.00,1990-10-01 09:00:00,2022-10-01 08:00:00,100.00,300.00,NaN,16-Jan-1995 15:00:00,352.55,342.10,0.00,634.34,0.03,NaN,NaN,17.65,-17.89,10.70,-10.86,9.16,-9.26,7.98,-7.82,NaN,NaN,Calculated discharge uncertainties
80001,VA,1970-10-01,2022-09-30,100.00,1990-10-01 09:00:00,2022-10-01 08:00:00,100.00,95.00,NaN,21-Oct-1998 12:00:00,120.25,113.00,0.00,229.12,0.02,33.42,-34.26,23.31,-22.58,11.22,-11.51,9.58,-9.48,9.80,-9.67,11.53,-11.60,Calculated discharge uncertainties
80002,VA,1977-11-01,2022-09-30,86.37,1990-10-01 09:00:00,2022-10-01 08:00:00,100.00,400.00,NaN,NaN,NaN,NaN,NaN,NaN,NaN,17.59,-16.73,9.51,-9.22,9.09,-9.06,8.91,-9.28,8.39,-8.39,9.58,-9.53,Calculated discharge uncertainties
80003,VA,1980-03-01,2022-09-30,81.89,1990-10-01 09:00:00,2022-10-01 08:00:00,100.00,5.00,NaN,NaN,NaN,NaN,NaN,NaN,NaN,34.63,-33.67,27.24,-26.91,17.34,-18.79,16.26,-16.13,11.55,-10.74,NaN,NaN,Calculated discharge uncertainties
80004,VA,1983-10-01,2022-09-30,75.00,1990-10-01 09:00:00,2022-10-01 08:00:00,100.00,3.00,NaN,NaN,NaN,NaN,NaN,NaN,NaN,40.75,-38.00,41.92,-42.08,36.41,-36.32,20.56,-20.44,NaN,NaN,NaN,NaN,Calculated discharge uncertainties
80005,VA,1983-07-01,2022-09-30,71.64,1990-10-01 09:00:00,2022-10-01 08:00:00,100.00,4.00,NaN,NaN,NaN,NaN,NaN,NaN,NaN,29.54,-28.36,20.15,-20.19,12.81,-11.76,17.00,-17.13,12.05,-11.27,NaN,NaN,Calculated discharge uncertainties
80006,VA,1983-01-01,2022-09-30,75.77,1990-10-01 09:00:00,2022-10-01 08:00:00,98.74,NaN,NaN,NaN,NaN,NaN,NaN,NaN,NaN,29.68,-30.54,14.89,-14.84,11.07,-11.06,9.14,-9.31,9.31,-9.14,NaN,NaN,Calculated discharge uncertainties
8004,VA,1970-10-01,2022-09-30,100.00,1990-10-01 09:00:00,2022-10-01 08:00:00,99.99,NaN,NaN,04-Sep-2009 11:05:00,271.51,217.50,0.00,564.06,0.01,12.23,-12.47,12.77,-12.53,11.55,-11.52,18.83,-21.93,12.96,-12.75,10.38,-10.17,Calculated discharge uncertainties
8005,VA,1970-10-01,2022-09-30,100.00,1990-10-01 09:00:00,2022-10-01 08:00:00,100.00,402.00,NaN,06-Dec-2015 10:48:00,349.49,313.20,0.00,366.83,0.00,16.73,-16.56,17.11,-19.67,15.15,-15.49,13.04,-12.84,9.66,-9.61,11.02,-9.98,Calculated discharge uncertainties
8006,VA,1970-10-01,2022-09-30,100.00,1990-10-01 09:00:00,2022-10-01 08:00:00,99.71,730.80,NaN,04-Sep-2009 13:04:00,771.49,616.90,0.00,826.80,0.00,12.20,-11.62,24.12,-18.50,21.84,-21.23,22.78,-22.24,15.02,-14.81,11.89,-11.63,Calculated discharge uncertainties
8009,VA,1970-10-01,2022-09-30,100.00,1990-10-01 09:00:00,2022-10-01 08:00:00,100.00,100.00,NaN,17-Jan-1993 11:55:00,120.50,95.41,0.00,133.64,0.00,20.09,-20.01,14.79,-14.76,15.93,-15.86,13.51,-13.51,14.64,-14.75,6.55,-6.60,Calculated discharge uncertainties
8011,VA,1978-04-12,2022-09-30,83.83,1990-10-01 09:00:00,2022-10-01 08:00:00,100.00,45.00,NaN,24-Jun-2004 12:35:00,49.85,36.19,0.00,73.11,0.02,NaN,NaN,27.79,-26.96,16.18,-14.21,17.82,-16.04,27.77,-27.20,17.52,-18.34,Calculated discharge uncertainties
8013,VA,1992-11-11,2022-09-30,55.55,1992-12-15 09:00:00,2022-10-01 08:00:00,93.08,75.00,NaN,20-Jul-2016 13:14:00,117.82,121.50,0.01,248.21,0.03,15.07,-15.74,12.09,-11.58,14.12,-13.93,10.35,-10.34,7.46,-7.55,8.41,-8.60,Calculated discharge uncertainties
81002,VA,1970-10-01,2022-09-30,90.39,1990-10-01 09:00:00,2022-10-01 08:00:00,100.00,330.00,NaN,10-Oct-2008 12:30:00,280.89,248.10,0.00,471.96,0.02,NaN,NaN,NaN,NaN,NaN,NaN,NaN,NaN,NaN,NaN,NaN,NaN,Discharge uncertainty estimates not provided
81003,VA,1970-10-01,2022-09-30,100.00,1990-10-01 09:00:00,2022-10-01 08:00:00,100.00,64.00,NaN,15-Mar-1988 12:00:00,187.86,120.30,0.00,223.27,0.00,NaN,NaN,NaN,NaN,NaN,NaN,NaN,NaN,NaN,NaN,NaN,NaN,No stage-discharge measurements available
81004,VA,1977-12-01,2022-09-30,86.22,1990-10-01 09:00:00,2022-10-01 08:00:00,100.00,70.00,NaN,NaN,NaN,NaN,NaN,NaN,NaN,17.75,-17.25,15.20,-15.71,11.38,-11.35,9.20,-9.54,8.56,-8.55,11.30,-15.79,Calculated discharge uncertainties
81006,VA,1986-08-01,2022-09-30,69.55,1990-10-01 09:00:00,2022-10-01 08:00:00,100.00,150.00,NaN,NaN,NaN,NaN,NaN,NaN,NaN,53.55,-54.03,38.10,-39.23,23.53,-23.37,11.74,-11.77,11.09,-11.01,NaN,NaN,Calculated discharge uncertainties
81007,VA,1988-05-01,2022-09-30,66.19,1990-10-01 09:00:00,2022-10-01 08:00:00,100.00,70.00,NaN,NaN,NaN,NaN,NaN,NaN,NaN,32.40,-32.37,20.71,-21.33,17.49,-17.83,14.94,-14.85,9.91,-10.11,10.06,-9.98,Calculated discharge uncertainties
82001,VA,1970-10-01,2022-09-30,100.00,1990-10-01 09:00:00,2022-10-01 08:00:00,100.00,90.00,NaN,18-Nov-1982 12:01:00,63.59,112.80,0.23,120.07,0.57,18.79,-17.49,19.18,-18.23,10.83,-10.72,7.44,-7.39,9.73,-9.43,9.51,-9.97,Calculated discharge uncertainties
82003,VA,1973-01-01,2022-09-30,95.67,1990-10-01 09:00:00,2022-10-01 08:00:00,100.00,NaN,NaN,01-Dec-1975 12:03:00,177.00,169.30,0.00,268.06,0.08,42.61,-42.76,21.88,-21.86,10.74,-10.78,8.18,-7.95,12.09,-12.00,8.73,-8.61,Calculated discharge uncertainties
83003,VA,1970-10-01,2022-09-30,99.44,1990-10-01 09:00:00,2022-10-01 08:00:00,99.20,500.00,NaN,20-Oct-1971 12:05:00,62.93,121.60,0.08,210.74,0.39,NaN,NaN,14.16,-13.97,12.08,-11.69,8.28,-7.70,NaN,NaN,NaN,NaN,Calculated discharge uncertainties
83004,VA,1972-02-01,2022-09-30,97.36,1990-10-01 09:00:00,2022-10-01 08:00:00,99.98,153.30,NaN,23-Nov-1982 00:00:00,71.82,129.90,0.10,194.16,0.34,29.89,-28.18,22.96,-20.53,13.24,-13.62,11.30,-11.28,10.16,-10.45,11.07,-10.82,Calculated discharge uncertainties
83006,VA,1976-08-01,2022-09-30,88.78,1990-10-01 09:00:00,2022-10-01 08:00:00,99.66,574.50,NaN,02-Oct-1981 12:01:00,231.08,310.60,0.05,446.13,0.13,NaN,NaN,NaN,NaN,NaN,NaN,NaN,NaN,NaN,NaN,NaN,NaN,Less than 20 stage-discharge measurements available for most recent rating
83007,B VA,1977-11-01,2018-06-09,78.03,1990-10-01 09:00:00,2018-09-04 00:00:00,86.59,54.40,NaN,NaN,NaN,NaN,NaN,NaN,NaN,22.24,-22.15,23.36,-23.18,14.12,-13.88,8.87,-8.40,9.34,-9.16,8.59,-9.17,Calculated discharge uncertainties
83009,VA,1978-01-01,2022-09-30,86.04,1990-10-01 09:00:00,2022-10-01 08:00:00,99.66,379.40,NaN,NaN,NaN,NaN,NaN,NaN,NaN,26.37,-27.59,26.06,-23.59,15.98,-14.19,14.36,-13.78,9.78,-9.58,8.66,-8.68,Calculated discharge uncertainties
83010,FV,1976-09-01,2022-09-30,87.99,1990-10-01 09:00:00,2022-10-01 08:00:00,99.38,NaN,NaN,08-Dec-2011 10:00:00,36.84,65.40,0.04,82.66,0.16,32.98,-31.38,18.57,-17.31,13.04,-12.75,11.47,-11.79,16.33,-16.16,10.16,-9.65,Calculated discharge uncertainties
83013,B,1982-05-01,2022-09-30,77.47,2002-11-18 11:00:00,2022-10-01 08:00:00,62.09,85.00,NaN,11-Aug-2019 19:20:00,113.21,223.40,0.03,201.41,0.03,NaN,NaN,40.14,-34.81,23.33,-23.18,13.68,-12.94,8.57,-8.43,8.21,-8.01,Calculated discharge uncertainties
84001,VA,1970-10-01,2022-09-30,99.93,1990-10-01 09:00:00,2022-10-01 08:00:00,99.63,31.40,NaN,13-Dec-1994 12:00:00,98.93,182.00,0.01,252.32,0.02,18.37,-18.36,14.32,-14.46,12.74,-12.77,9.15,-9.24,12.12,-12.24,10.04,-9.48,Calculated discharge uncertainties
84004,VA,1970-10-01,2022-09-30,100.00,1990-10-01 09:00:00,2022-10-01 08:00:00,100.00,411.30,NaN,31-Oct-1977 12:04:00,345.75,299.30,0.00,408.30,0.01,12.37,-12.59,15.35,-16.31,13.35,-13.22,9.01,-9.07,13.50,-13.37,15.20,-15.72,Calculated discharge uncertainties
84005,VA,1970-10-01,2022-09-30,99.08,1990-10-01 09:00:00,2022-10-01 08:00:00,98.69,830.00,NaN,31-Oct-1977 12:02:00,687.96,676.40,0.00,829.32,0.01,17.04,-16.89,13.53,-13.43,10.93,-10.87,8.32,-8.11,9.72,-9.73,NaN,NaN,Calculated discharge uncertainties
84008,CC,1970-10-01,2022-09-30,99.50,1990-10-01 09:00:00,2022-10-01 08:00:00,98.66,NaN,72.00,NaN,NaN,NaN,NaN,NaN,NaN,18.34,-17.49,15.47,-15.48,14.82,-15.14,20.55,-20.07,9.76,-9.11,7.69,-7.96,Calculated discharge uncertainties
84009,CC,1970-10-01,2022-09-30,91.99,1990-10-01 09:00:00,2022-10-01 08:00:00,99.74,92.40,90.00,NaN,NaN,NaN,NaN,NaN,NaN,NaN,NaN,NaN,NaN,NaN,NaN,NaN,NaN,NaN,NaN,NaN,NaN,Discharge uncertainty estimates not provided
84012,VA,1970-10-01,2022-09-30,100.00,1990-10-01 09:00:00,2022-10-01 08:00:00,99.86,155.00,NaN,30-Jan-1974 12:01:00,110.12,171.40,0.02,176.96,0.05,24.47,-24.25,18.91,-18.84,14.22,-14.20,10.53,-10.29,13.87,-13.62,16.20,-15.32,Calculated discharge uncertainties
84013,VA,1970-10-01,2022-09-30,99.97,1990-10-01 09:00:00,2022-10-01 08:00:00,99.89,370.00,NaN,20-Dec-1982 12:00:00,464.81,937.70,0.08,1105.03,0.12,17.63,-16.89,17.48,-18.43,10.97,-10.78,10.18,-10.17,10.58,-11.99,10.39,-10.56,Calculated discharge uncertainties
84014,VA,1970-10-01,2022-09-30,99.83,1990-10-01 09:00:00,2022-10-01 08:00:00,100.00,397.00,NaN,10-Oct-2008 12:45:00,202.72,213.80,0.01,278.42,0.02,30.49,-30.74,21.23,-20.79,11.01,-10.81,10.90,-12.14,8.79,-8.74,8.14,-8.21,Calculated discharge uncertainties
84016,CB,1970-10-01,2022-09-30,100.00,1990-10-01 09:00:00,2022-10-01 08:00:00,99.41,32.00,NaN,31-Oct-1970 12:02:00,21.18,37.03,0.02,51.07,0.03,NaN,NaN,16.41,-16.12,16.26,-15.97,15.79,-15.65,10.28,-11.01,20.38,-19.92,Calculated discharge uncertainties
84017,VA,1970-10-01,2022-09-30,100.00,1990-10-01 09:00:00,2022-10-01 08:00:00,100.00,47.00,NaN,19-Sep-1985 12:00:00,37.28,95.80,0.09,109.70,0.10,26.44,-24.98,19.84,-19.47,17.32,-15.96,8.52,-8.76,9.88,-9.50,9.50,-8.88,Calculated discharge uncertainties
84018,VA,1970-10-01,2022-09-30,100.00,1990-10-01 09:00:00,2022-10-01 08:00:00,99.99,587.50,NaN,31-Jan-1974 12:01:00,300.89,447.60,0.06,574.40,0.09,NaN,NaN,14.24,-14.22,12.31,-12.15,11.69,-11.49,7.11,-7.21,7.93,-7.62,Calculated discharge uncertainties
84019,VA,1970-10-01,2022-09-30,99.69,1990-10-01 09:00:00,2022-10-01 08:00:00,99.24,21.00,NaN,31-Jan-2013 14:00:00,25.46,93.13,0.21,134.22,0.44,18.12,-17.43,12.24,-12.46,11.77,-11.88,13.17,-12.91,15.06,-14.00,8.52,-8.51,Calculated discharge uncertainties
84020,VA,1970-10-01,2022-09-30,98.82,1990-10-01 09:00:00,2022-10-01 08:00:00,98.30,137.40,NaN,13-Dec-2006 14:55:00,50.60,57.15,0.01,87.18,0.05,19.47,-18.51,17.73,-17.41,14.00,-13.58,9.37,-9.29,12.20,-12.27,15.15,-15.36,Calculated discharge uncertainties
84022,VA,1970-10-01,2022-09-30,98.05,1990-10-01 09:00:00,2022-10-01 08:00:00,98.72,185.60,NaN,NaN,NaN,NaN,NaN,NaN,NaN,16.36,-15.60,21.82,-19.64,20.16,-21.15,9.47,-9.32,12.11,-11.71,14.11,-13.93,Calculated discharge uncertainties
84026,FVVA,1974-10-01,2022-09-30,91.79,1990-10-01 09:00:00,2022-10-01 08:00:00,99.91,14.70,NaN,22-Jan-1975 00:00:00,9.24,40.77,0.66,63.65,1.02,45.96,-47.21,18.96,-18.26,21.86,-21.04,19.27,-15.70,16.30,-16.40,12.84,-12.87,Calculated discharge uncertainties
84030,MIS,1981-01-01,2022-09-30,79.62,1990-10-01 09:00:00,2022-10-01 08:00:00,99.91,NaN,NaN,NaN,NaN,NaN,NaN,NaN,NaN,21.23,-20.95,16.03,-15.96,16.46,-16.56,10.11,-10.13,12.12,-11.78,10.04,-9.94,Calculated discharge uncertainties
85001,VA,1970-10-01,2022-09-30,99.78,1990-10-01 09:00:00,2022-10-01 08:00:00,99.63,124.60,NaN,07-Feb-1990 13:00:00,158.07,216.70,0.17,218.46,0.19,23.73,-24.63,18.36,-18.72,27.04,-27.21,13.84,-14.45,15.88,-16.56,12.23,-12.61,Calculated discharge uncertainties
85002,VA,1970-10-01,2022-09-30,99.67,1990-10-01 09:00:00,2022-10-01 08:00:00,99.92,133.80,NaN,23-Oct-2008 12:39:00,147.18,156.90,0.01,190.30,0.03,32.56,-31.92,31.58,-31.12,21.64,-21.38,32.48,-32.24,23.33,-24.08,15.00,-14.28,Calculated discharge uncertainties
85003,VA,1970-10-01,2022-09-30,99.49,1990-10-01 09:00:00,2022-10-01 08:00:00,100.00,NaN,NaN,24-Sep-1975 12:02:00,133.80,123.60,0.00,202.99,0.09,19.46,-17.67,24.71,-24.10,17.42,-16.67,15.77,-15.02,10.25,-10.95,11.65,-11.45,Calculated discharge uncertainties
85004,B VA,1976-01-01,2022-09-30,85.83,1990-10-01 09:00:00,2022-10-01 08:00:00,98.50,57.20,NaN,NaN,NaN,NaN,NaN,NaN,NaN,21.14,-19.85,14.30,-14.25,28.16,-27.88,24.19,-23.25,NaN,NaN,NaN,NaN,Calculated discharge uncertainties
88001,US,1995-10-02,2022-09-30,51.52,1995-07-05 15:00:00,2022-10-01 08:00:00,84.40,NaN,NaN,NaN,NaN,NaN,NaN,NaN,NaN,317.95,-59.21,20.61,-19.31,12.73,-12.26,12.18,-11.94,NaN,NaN,NaN,NaN,Calculated discharge uncertainties
89002,VA,1981-10-01,2022-09-30,77.91,1990-10-01 09:00:00,2022-10-01 08:00:00,96.68,NaN,NaN,NaN,NaN,NaN,NaN,NaN,NaN,15.66,-16.66,16.27,-16.73,16.40,-14.11,10.01,-9.99,10.31,-10.99,NaN,NaN,Calculated discharge uncertainties
89003,VA,1977-01-01,2022-09-30,86.90,1990-10-01 09:00:00,2022-10-01 08:00:00,98.27,NaN,NaN,NaN,NaN,NaN,NaN,NaN,NaN,18.43,-18.03,14.03,-13.85,21.49,-21.18,11.42,-10.57,NaN,NaN,NaN,NaN,Calculated discharge uncertainties
89005,B,1978-10-01,2022-09-30,84.07,1990-10-01 09:00:00,2022-10-01 08:00:00,98.63,NaN,NaN,NaN,NaN,NaN,NaN,NaN,NaN,32.82,-31.82,21.21,-20.94,17.48,-17.28,NaN,NaN,NaN,NaN,NaN,NaN,Calculated discharge uncertainties
89007,CB,1981-10-01,2022-09-30,78.08,1990-10-01 09:00:00,2022-10-01 08:00:00,99.48,NaN,NaN,NaN,NaN,NaN,NaN,NaN,NaN,16.26,-15.73,29.06,-29.01,24.78,-23.31,27.26,-25.17,NaN,NaN,NaN,NaN,Calculated discharge uncertainties
90003,VA,1982-10-01,2022-09-30,76.92,1990-10-01 09:00:00,2022-10-01 08:00:00,100.00,108.10,NaN,21-Feb-2008 13:02:00,118.32,131.90,0.01,176.43,0.04,NaN,NaN,NaN,NaN,NaN,NaN,NaN,NaN,NaN,NaN,NaN,NaN,No stage-discharge measurements available
9002,VA,1970-10-01,2022-09-30,100.00,1990-10-01 09:00:00,2022-10-01 08:00:00,100.00,340.00,NaN,06-May-1968 14:00:00,397.42,333.40,0.00,609.90,0.01,25.29,-25.21,22.21,-22.35,21.99,-22.07,12.87,-12.56,9.79,-9.79,10.68,-10.57,Calculated discharge uncertainties
9003,VA,1970-10-01,2022-09-30,98.07,1990-10-01 09:00:00,2022-10-01 08:00:00,100.00,50.00,NaN,08-Aug-2011 09:30:00,95.82,80.45,0.00,111.28,0.01,NaN,NaN,11.58,-11.44,18.98,-18.38,13.07,-12.62,9.97,-9.98,6.20,-5.95,Calculated discharge uncertainties
9004,VA,1980-12-01,2022-09-30,80.45,1990-10-01 09:00:00,2022-10-01 08:00:00,100.00,50.00,NaN,04-Jan-2016 13:03:00,39.44,42.86,0.02,58.80,0.04,NaN,NaN,NaN,NaN,NaN,NaN,NaN,NaN,NaN,NaN,NaN,NaN,Less than 20 stage-discharge measurements available for most recent rating
9005,CB,1970-10-01,2022-09-30,100.00,1990-10-01 09:00:00,2022-10-01 08:00:00,100.00,18.00,NaN,06-May-2009 14:40:00,12.80,32.97,0.65,55.82,1.07,16.14,-16.06,13.42,-13.03,11.06,-11.33,13.87,-12.35,9.89,-9.57,9.97,-10.22,Calculated discharge uncertainties
92001,VA,1995-08-01,2022-09-30,52.25,1995-08-01 09:00:00,2021-10-01 09:00:00,81.78,39.50,NaN,NaN,NaN,NaN,NaN,NaN,NaN,27.61,-27.14,12.55,-12.96,15.40,-14.61,8.20,-8.17,9.31,-8.98,8.55,-8.53,Calculated discharge uncertainties
93001,VA,1979-01-01,2022-09-30,84.13,1990-10-01 09:00:00,2022-10-01 08:00:00,100.00,239.20,NaN,06-Feb-1995 12:00:00,148.22,203.90,0.06,301.50,0.11,15.17,-14.86,14.84,-14.48,13.60,-13.50,9.64,-8.96,7.40,-7.39,7.52,-7.45,Calculated discharge uncertainties
94001,VA,1970-10-19,2022-09-30,99.91,1990-10-01 09:00:00,2022-10-01 08:00:00,100.00,62.30,NaN,13-Feb-1998 11:30:00,201.54,227.10,0.01,188.06,0.00,20.56,-20.27,11.54,-11.17,9.10,-9.26,7.63,-7.58,NaN,NaN,NaN,NaN,Calculated discharge uncertainties
95001,VA,1977-08-01,2022-09-30,86.86,1990-10-01 09:00:00,2022-10-01 08:00:00,100.00,40.50,NaN,07-Feb-1989 12:00:00,54.79,58.71,0.02,65.42,0.02,15.19,-15.55,11.85,-11.78,10.27,-10.20,10.74,-11.15,7.92,-8.01,7.12,-6.91,Calculated discharge uncertainties
96001,VA,1976-01-01,2022-09-30,89.90,1990-10-01 09:00:00,2022-10-01 08:00:00,100.00,100.50,NaN,16-Jan-1979 12:00:00,54.12,129.00,0.19,182.31,0.40,35.98,-35.57,19.71,-19.55,13.99,-14.15,11.78,-12.21,13.78,-13.26,12.09,-21.62,Calculated discharge uncertainties
96002,VA,1977-06-10,2022-09-30,87.13,1990-10-01 09:00:00,2022-10-01 08:00:00,100.00,30.10,NaN,07-Oct-1993 12:00:00,228.97,313.50,0.01,374.58,0.01,48.82,-47.78,31.73,-31.58,13.78,-13.66,11.91,-11.80,10.09,-10.15,9.23,-9.31,Calculated discharge uncertainties
96004,VA,1987-12-01,2022-09-30,66.99,1990-10-01 09:00:00,2022-10-01 08:00:00,100.00,112.40,NaN,NaN,NaN,NaN,NaN,NaN,NaN,NaN,NaN,NaN,NaN,NaN,NaN,NaN,NaN,NaN,NaN,NaN,NaN,No stage-discharge measurements available
97002,VA,1972-01-01,2022-09-30,97.59,1990-10-01 09:00:00,2022-10-01 08:00:00,100.00,164.10,NaN,07-Oct-1993 12:05:00,171.15,250.90,0.01,301.04,0.03,NaN,NaN,NaN,NaN,NaN,NaN,NaN,NaN,NaN,NaN,NaN,NaN,Less than 20 stage-discharge measurements available for most recent rating
