gauge_id,sand_perc,sand_perc_missing,silt_perc,silt_perc_missing,clay_perc,clay_perc_missing,organic_perc,organic_perc_missing,bulkdens,bulkdens_missing,bulkdens_5,bulkdens_50,bulkdens_95,tawc,tawc_missing,tawc_5,tawc_50,tawc_95,porosity_cosby,porosity_cosby_missing,porosity_cosby_5,porosity_cosby_50,porosity_cosby_95,porosity_hypres,porosity_hypres_missing,porosity_hypres_5,porosity_hypres_50,porosity_hypres_95,conductivity_cosby,conductivity_cosby_missing,conductivity_cosby_5,conductivity_cosby_50,conductivity_cosby_95,conductivity_hypres,conductivity_hypres_missing,conductivity_hypres_5,conductivity_hypres_50,conductivity_hypres_95,root_depth,root_depth_missing,root_depth_5,root_depth_50,root_depth_95,soil_depth_pelletier,soil_depth_pelletier_missing,soil_depth_pelletier_5,soil_depth_pelletier_50,soil_depth_pelletier_95
10002,40.95,0.00,35.58,0.00,23.47,0.00,5.23,0.00,1.20,0.00,0.28,1.36,1.42,116.95,0.00,55.12,110.37,235.65,43.82,0.00,42.75,43.82,44.36,51.14,0.00,44.00,47.00,81.00,1.34,0.00,1.15,1.17,2.31,1.49,0.00,1.27,1.34,3.13,1.20,0.00,0.50,1.30,1.30,13.25,0.00,1.00,2.00,41.00
10003,43.77,0.00,37.96,0.00,18.27,0.00,1.58,0.00,1.29,0.00,1.10,1.36,1.42,88.53,0.00,55.12,102.07,110.37,43.61,0.00,42.75,43.74,44.36,47.53,0.00,44.00,47.00,52.00,1.58,0.00,1.17,1.39,2.31,1.50,0.00,1.27,1.36,2.28,1.01,0.00,0.50,1.30,1.30,7.52,0.01,1.00,1.00,30.00
1001,39.25,3.16,31.98,3.16,28.77,3.16,19.29,3.16,0.74,3.16,0.28,0.28,1.38,181.96,3.16,108.92,235.65,235.65,43.86,3.16,43.60,43.60,45.57,66.42,3.16,45.00,81.00,81.00,1.16,3.16,1.15,1.15,1.38,1.87,3.16,1.27,3.13,3.13,1.30,3.16,1.30,1.30,1.30,14.59,0.00,1.00,17.00,43.00
101002,70.88,0.00,15.37,0.00,13.76,0.00,0.43,0.00,1.54,0.00,1.38,1.53,1.74,82.72,0.00,63.19,88.01,91.03,39.93,0.00,37.78,40.10,43.73,38.39,0.00,32.00,39.00,44.00,3.23,0.00,1.34,3.54,6.80,1.50,0.00,1.11,1.52,1.90,1.26,0.00,1.30,1.30,1.30,2.83,0.00,1.00,1.00,13.00
101005,71.02,0.00,15.55,0.00,13.43,0.00,0.45,0.00,1.54,0.00,1.42,1.53,1.65,83.33,0.00,61.22,88.01,91.03,39.92,0.00,37.78,40.10,40.10,38.42,0.00,34.00,39.00,39.00,3.51,0.00,3.54,3.54,6.46,1.53,0.00,1.27,1.52,1.90,1.25,0.00,1.30,1.30,1.30,3.61,0.00,1.00,1.00,18.00
102001,39.31,0.00,35.99,0.00,24.70,0.00,0.57,0.00,1.38,0.00,1.35,1.38,1.38,106.99,0.00,95.38,108.92,112.23,44.00,0.00,43.82,43.82,44.86,45.33,0.00,45.00,45.00,47.00,1.30,0.00,1.02,1.38,1.38,1.29,0.00,1.10,1.34,1.34,1.27,0.00,1.30,1.30,1.30,26.79,0.00,1.00,27.00,49.00
106001,40.10,0.00,29.12,0.00,30.78,0.00,32.02,0.00,0.31,0.00,0.28,0.28,0.28,231.02,0.00,235.65,235.65,235.65,43.67,0.00,43.60,43.60,43.60,80.13,0.00,81.00,81.00,81.00,1.11,0.00,1.15,1.15,1.15,2.69,0.00,3.13,3.13,3.13,1.30,0.00,1.30,1.30,1.30,14.74,0.00,1.00,2.00,42.00
107001,65.40,0.00,17.59,0.00,17.01,0.00,13.82,0.00,1.09,0.00,0.28,1.65,1.65,117.86,0.00,33.89,33.89,235.65,40.59,0.00,38.04,38.04,43.82,52.66,0.00,33.00,33.00,81.00,2.11,0.00,1.15,6.21,6.21,2.32,0.00,1.34,2.10,3.13,0.86,0.00,0.50,0.50,1.30,2.12,0.00,1.00,1.00,2.00
11001,51.32,0.00,32.00,0.00,16.68,0.00,3.18,0.00,1.32,0.00,0.28,1.38,1.73,85.97,0.00,33.89,95.39,235.65,42.60,0.00,37.94,43.60,44.36,46.30,0.00,32.00,45.00,81.00,1.79,0.00,1.15,1.62,6.73,1.58,0.00,1.27,1.43,3.13,0.95,0.00,0.50,1.30,1.30,3.35,0.21,1.00,1.00,21.00
11003,52.90,0.00,29.51,0.00,17.59,0.00,5.60,0.00,1.26,0.00,0.28,1.38,1.65,94.38,0.00,33.89,95.39,235.65,42.34,0.00,38.04,43.47,43.82,47.88,0.00,33.00,45.00,81.00,1.78,0.00,1.15,1.62,6.21,1.66,0.00,1.34,1.51,3.13,0.96,0.00,0.50,1.30,1.30,1.21,0.00,1.00,1.00,2.00
11004,57.64,0.00,27.23,0.00,15.13,0.00,1.29,0.00,1.45,0.00,1.10,1.38,1.73,74.82,0.00,33.89,95.39,110.37,41.76,0.00,37.94,43.47,44.36,41.89,0.00,32.00,45.00,52.00,2.06,0.00,1.17,1.62,6.73,1.52,0.00,1.27,1.43,2.28,0.93,0.00,0.50,1.30,1.30,4.45,0.00,1.00,1.00,27.00
12001,64.32,2.32,20.66,2.32,15.02,2.32,7.37,2.32,1.31,2.32,0.28,1.59,1.73,82.35,2.32,33.89,43.42,235.65,40.81,2.32,37.94,40.10,44.36,45.95,2.32,32.00,39.00,81.00,2.20,2.32,1.15,4.20,6.73,1.78,2.32,1.34,2.10,3.13,0.71,2.32,0.30,0.50,1.30,1.34,0.00,0.00,1.00,2.00
12002,63.58,1.75,21.59,1.75,14.83,1.75,7.59,1.75,1.29,1.75,0.28,1.51,1.73,84.97,1.75,33.89,43.67,235.65,40.92,1.75,37.94,42.75,43.82,46.67,1.75,32.00,42.00,81.00,2.17,1.75,1.15,3.48,6.73,1.78,1.75,1.34,2.10,3.13,0.73,1.75,0.30,0.50,1.30,1.54,0.09,0.00,1.00,2.00
12005,50.80,0.91,24.73,0.91,24.47,0.91,18.54,0.91,0.85,0.91,0.28,0.28,1.73,148.48,0.91,33.89,235.65,235.65,42.38,0.91,37.94,43.60,45.57,61.79,0.91,32.00,81.00,81.00,1.38,0.91,0.52,1.15,6.73,2.00,0.91,0.53,3.13,3.13,0.95,0.91,0.30,1.30,1.30,0.92,0.00,0.00,1.00,1.00
12006,69.89,0.09,16.02,0.09,14.09,0.09,6.84,0.09,1.37,0.09,0.28,1.65,1.73,73.14,0.09,33.89,34.39,235.65,40.06,0.09,37.94,38.04,43.65,43.43,0.09,32.00,33.00,81.00,2.47,0.09,1.15,6.21,6.73,1.85,0.09,1.45,2.10,3.13,0.65,0.09,0.30,0.50,1.30,0.91,0.00,0.00,1.00,1.00
12007,64.13,7.32,19.31,7.32,16.56,7.32,8.65,7.32,1.28,7.32,0.28,1.59,NaN,85.85,7.32,33.89,43.67,NaN,40.78,7.32,37.94,40.10,NaN,46.96,7.32,32.00,39.00,NaN,2.09,7.32,1.15,4.20,NaN,1.82,7.32,1.45,2.10,NaN,0.67,7.32,0.30,0.50,NaN,0.84,0.00,0.00,1.00,1.00
12008,63.51,0.00,19.20,0.00,17.29,0.00,13.56,0.00,1.10,0.00,0.28,1.51,1.73,116.61,0.00,33.89,43.42,235.65,40.84,0.00,37.94,40.10,43.65,53.04,0.00,32.00,39.00,81.00,1.92,0.00,1.15,3.48,6.73,1.89,0.00,1.45,2.10,3.13,0.86,0.00,0.50,0.50,1.30,1.09,0.00,1.00,1.00,2.00
12009,47.18,0.00,26.83,0.00,25.99,0.00,24.80,0.00,0.59,0.00,0.28,0.28,1.65,186.84,0.00,33.89,235.65,235.65,42.84,0.00,38.04,43.60,43.64,70.45,0.00,33.00,81.00,81.00,1.27,0.00,1.15,1.15,6.21,2.28,0.00,1.51,3.13,3.13,1.13,0.00,0.50,1.30,1.30,0.98,0.00,1.00,1.00,1.00
13001,46.73,0.00,33.29,0.00,19.98,0.00,2.49,0.00,1.32,0.00,1.10,1.38,1.65,94.88,0.00,34.39,102.07,108.92,43.12,0.00,38.04,43.74,43.74,46.51,0.00,33.00,45.00,52.00,1.60,0.00,1.38,1.39,6.21,1.49,0.00,1.34,1.36,2.28,1.11,0.00,0.50,1.30,1.30,3.24,0.00,1.00,1.00,23.00
13004,61.53,1.86,25.30,1.86,13.17,1.86,4.92,1.86,1.32,1.86,0.28,1.43,1.65,67.29,1.86,33.89,49.67,235.65,41.28,1.86,38.04,42.75,44.91,45.33,1.86,33.00,42.00,81.00,2.23,1.86,1.15,2.31,6.21,1.78,1.86,1.34,2.10,3.13,0.60,1.86,0.30,0.50,1.30,0.92,0.00,0.00,1.00,1.00
13005,47.58,0.00,31.11,0.00,21.30,0.00,0.49,0.00,1.42,0.00,1.38,1.38,1.58,98.42,0.00,70.43,102.07,112.21,42.95,0.00,38.92,43.74,43.97,43.63,0.00,37.00,45.00,45.00,1.59,0.00,1.39,1.39,4.90,1.40,0.00,1.36,1.36,1.61,1.30,0.00,1.30,1.30,1.30,7.53,0.04,1.00,1.00,35.00
13007,48.20,0.00,31.65,0.00,20.16,0.00,7.87,0.00,1.14,0.00,0.28,1.38,1.65,109.13,0.00,33.89,102.07,235.65,42.91,0.00,38.04,43.64,43.74,52.02,0.00,33.00,45.00,81.00,1.55,0.00,1.15,1.39,6.21,1.68,0.00,1.36,1.51,3.13,0.99,0.00,0.50,1.30,1.30,5.98,0.00,1.00,1.00,39.00
13008,51.60,0.41,29.93,0.41,18.48,0.41,5.70,0.41,1.24,0.41,0.28,1.38,1.65,92.68,0.41,33.89,97.81,235.65,42.49,0.41,38.04,43.60,43.74,48.59,0.41,33.00,45.00,81.00,1.71,0.41,1.15,1.39,6.21,1.66,0.41,1.36,1.61,3.13,0.88,0.41,0.30,1.30,1.30,3.35,0.28,0.00,1.00,22.00
14001,47.29,0.00,31.00,0.00,21.71,0.00,0.61,0.00,1.40,0.00,1.36,1.38,1.51,95.71,0.00,70.43,102.07,112.21,42.98,0.00,40.10,43.74,44.36,44.19,0.00,40.00,45.00,47.00,1.59,0.00,1.17,1.39,3.42,1.41,0.00,1.27,1.36,1.64,1.27,0.00,1.30,1.30,1.30,7.62,0.56,1.00,1.00,50.00
14002,42.77,0.00,35.83,0.00,21.40,0.00,1.01,0.00,1.34,0.00,1.10,1.38,1.38,94.57,0.00,55.12,102.07,102.07,43.63,0.00,42.75,43.74,43.74,46.08,0.00,45.00,45.00,52.00,1.49,0.00,1.39,1.39,2.31,1.43,0.00,1.36,1.36,2.28,1.16,0.00,0.50,1.30,1.30,2.64,11.24,1.00,1.00,NaN
14005,43.61,0.00,36.61,0.00,19.78,0.00,1.19,0.00,1.32,0.00,1.10,1.38,1.38,91.11,0.00,55.12,102.07,102.07,43.57,0.00,42.75,43.74,43.74,46.38,0.00,45.00,45.00,52.00,1.55,0.00,1.39,1.39,2.31,1.45,0.00,1.36,1.36,2.28,1.10,0.00,0.50,1.30,1.30,3.33,0.00,1.00,1.00,18.00
15006,59.63,4.52,24.11,4.52,16.26,4.52,6.85,4.52,1.28,4.52,0.28,1.43,1.73,85.52,4.52,33.89,55.12,235.65,41.43,4.52,37.94,42.80,45.57,47.17,4.52,32.00,44.00,81.00,1.93,4.52,1.15,2.24,6.73,1.66,4.52,1.34,1.98,3.21,0.76,4.21,0.30,0.50,1.30,2.38,0.17,0.00,1.00,6.00
15007,56.39,5.90,25.14,5.90,18.47,5.90,10.53,5.90,1.13,5.90,0.28,1.38,NaN,100.76,5.90,33.89,60.86,NaN,41.81,5.90,37.94,43.60,NaN,52.07,5.90,32.00,50.00,NaN,1.66,5.90,0.52,2.24,NaN,1.67,5.90,0.53,2.10,NaN,0.76,5.68,0.30,0.50,NaN,1.07,0.00,0.00,1.00,2.00
15010,56.47,1.06,26.29,1.06,17.24,1.06,5.99,1.06,1.26,1.06,0.28,1.38,1.73,89.80,1.06,33.89,60.86,235.65,41.84,1.06,37.94,43.60,43.97,47.70,1.06,32.00,45.00,81.00,1.83,1.06,1.15,2.24,6.73,1.64,1.06,1.34,1.61,3.13,0.87,1.06,0.30,0.50,1.30,1.83,0.31,0.00,1.00,2.00
15011,56.52,7.62,24.46,7.62,19.02,7.62,10.98,7.62,1.13,7.62,0.28,1.43,NaN,101.58,7.62,33.89,49.67,NaN,41.77,7.62,38.02,43.60,NaN,52.12,7.62,33.00,44.00,NaN,1.70,7.62,0.56,1.84,NaN,1.83,7.62,0.78,2.10,NaN,0.74,7.18,0.30,0.50,NaN,1.00,0.00,0.00,1.00,2.00
15012,60.57,7.61,21.82,7.61,17.61,7.61,9.28,7.61,1.21,7.61,0.28,1.59,NaN,90.83,7.61,33.89,49.67,NaN,41.25,7.61,38.02,42.80,NaN,49.13,7.61,33.00,42.00,NaN,1.87,7.61,0.52,4.20,NaN,1.79,7.61,0.53,2.10,NaN,0.69,6.99,0.30,0.50,NaN,1.52,0.00,0.00,1.00,2.00
15013,56.05,0.55,28.77,0.55,15.19,0.55,1.32,0.55,1.44,0.55,1.17,1.38,1.73,72.51,0.55,34.39,60.86,102.07,41.98,0.55,37.94,43.64,43.74,42.06,0.55,32.00,45.00,50.00,2.01,0.55,1.39,1.84,6.73,1.48,0.55,1.36,1.45,2.10,0.87,0.55,0.30,0.70,1.30,1.23,0.00,0.00,1.00,2.00
15014,81.48,1.08,11.52,1.08,7.01,1.08,1.48,1.08,1.66,1.08,1.43,1.73,1.73,38.13,1.08,33.89,34.39,49.67,38.67,1.08,37.94,37.94,42.80,34.00,1.08,32.00,32.00,42.00,4.98,1.08,1.84,6.73,6.73,1.66,1.08,1.45,1.45,2.10,0.49,1.08,0.30,0.50,0.70,0.94,0.00,0.00,1.00,1.00
15016,54.94,6.25,24.30,6.25,20.77,6.25,12.02,6.25,1.08,6.25,0.28,1.38,NaN,111.22,6.25,33.89,60.86,NaN,41.93,6.25,37.94,43.60,NaN,53.89,6.25,32.00,50.00,NaN,1.49,6.25,0.52,1.84,NaN,1.57,6.25,0.53,2.10,NaN,0.83,6.11,0.30,0.70,NaN,1.04,0.00,0.00,1.00,2.00
15021,50.14,0.00,33.53,0.00,16.33,0.00,1.34,0.00,1.37,0.00,1.10,1.38,1.73,83.05,0.00,34.39,102.07,112.21,42.77,0.00,37.94,43.74,43.97,44.78,0.00,32.00,45.00,52.00,1.80,0.00,1.39,1.43,6.73,1.49,0.00,1.36,1.42,2.28,1.00,0.00,0.50,1.30,1.30,5.72,0.65,1.00,1.00,48.00
15023,76.55,0.97,16.58,0.97,6.88,0.97,1.73,0.97,1.58,0.97,1.10,1.73,1.73,44.06,0.97,33.89,34.39,89.89,39.37,0.97,37.94,37.94,43.64,36.72,0.97,32.00,32.00,52.00,4.10,0.97,1.84,6.73,6.73,1.59,0.97,1.45,1.45,2.28,0.55,0.97,0.30,0.50,1.30,1.15,0.00,1.00,1.00,2.00
15024,43.99,2.71,26.19,2.71,29.82,2.71,19.15,2.71,0.77,2.71,0.28,0.28,1.73,156.93,2.71,33.89,235.65,235.65,43.15,2.71,38.01,43.60,45.57,64.77,2.71,33.00,81.00,81.00,1.07,2.71,0.52,1.15,6.73,1.50,2.71,0.53,3.13,3.24,1.06,2.71,0.30,1.30,1.30,1.13,0.00,0.00,1.00,3.00
15025,70.73,1.53,19.91,1.53,9.36,1.53,2.24,1.53,1.50,1.53,1.10,1.65,1.73,49.42,1.53,33.89,37.70,108.92,40.11,1.53,37.94,38.04,43.82,39.21,1.53,32.00,34.00,52.00,3.20,1.53,1.38,6.21,6.73,1.67,1.53,1.36,1.61,2.28,0.56,1.30,0.30,0.50,1.30,1.01,0.00,0.00,1.00,1.00
15030,43.08,0.00,35.55,0.00,21.37,0.00,0.82,0.00,1.36,0.00,1.10,1.38,1.40,98.22,0.00,55.12,102.07,112.21,43.59,0.00,42.75,43.74,43.97,45.45,0.00,45.00,45.00,52.00,1.49,0.00,1.39,1.39,2.31,1.41,0.00,1.36,1.36,2.28,1.21,0.00,0.50,1.30,1.30,10.94,1.42,1.00,1.00,50.00
15039,57.31,6.54,24.00,6.54,18.69,6.54,11.40,6.54,1.15,6.54,0.28,1.43,NaN,102.73,6.54,37.70,49.67,NaN,41.67,6.54,38.02,42.80,NaN,51.72,6.54,34.00,42.00,NaN,1.91,6.54,1.15,1.84,NaN,2.09,6.54,1.61,2.10,NaN,0.65,6.54,0.30,0.30,NaN,0.88,0.00,0.00,1.00,1.00
16001,56.46,4.45,27.73,4.45,15.82,4.45,3.62,4.45,1.36,4.45,0.28,1.38,1.73,79.76,4.45,33.89,60.86,235.65,41.90,4.45,37.94,43.64,45.57,44.76,4.45,32.00,45.00,81.00,1.93,4.45,1.15,2.24,6.73,1.54,4.45,1.36,1.51,3.13,0.86,4.28,0.30,0.70,1.30,2.05,0.42,0.00,1.00,5.00
16003,56.32,2.32,25.51,2.32,18.16,2.32,8.80,2.32,1.17,2.32,0.28,1.38,1.65,96.39,2.32,33.89,60.86,235.65,41.83,2.32,38.04,43.60,45.57,50.47,2.32,33.00,45.00,81.00,1.71,2.32,0.52,2.24,6.21,1.71,2.32,0.53,2.10,3.13,0.80,2.64,0.30,0.50,1.30,0.93,0.00,0.00,1.00,1.00
16004,54.97,3.32,28.78,3.32,16.25,3.32,3.11,3.32,1.36,3.32,0.28,1.38,1.73,81.46,3.32,33.89,74.09,235.65,42.09,3.32,37.94,43.64,45.57,44.82,3.32,32.00,45.00,81.00,1.88,3.32,1.15,1.84,6.73,1.52,3.32,1.36,1.51,3.13,0.92,3.19,0.30,1.30,1.30,2.37,0.32,0.00,1.00,17.00
17001,55.03,3.66,28.80,3.66,16.18,3.66,6.08,3.66,1.21,3.66,0.28,1.38,1.65,90.33,3.66,33.89,60.86,235.65,42.09,3.66,38.04,43.60,45.57,49.32,3.66,33.00,50.00,81.00,1.86,3.66,1.15,2.31,6.21,1.73,3.66,1.34,2.10,3.13,0.88,3.66,0.50,0.50,1.30,1.08,2.69,1.00,1.00,2.00
17003,37.40,0.00,32.81,0.00,29.78,0.00,3.13,0.00,1.26,0.00,0.28,1.38,1.38,113.05,0.00,97.81,102.07,235.65,44.08,0.00,43.60,43.82,45.57,49.34,0.00,45.00,45.00,81.00,1.06,0.00,0.52,1.38,1.39,1.09,0.00,0.53,1.34,3.13,1.30,0.00,1.30,1.30,1.30,1.21,19.00,1.00,1.00,NaN
17004,39.81,0.00,33.28,0.00,26.91,0.00,3.36,0.00,1.27,0.00,0.28,1.37,1.38,113.10,0.00,95.48,108.92,235.65,43.85,0.00,43.60,43.82,45.57,48.61,0.00,45.00,45.00,81.00,1.21,0.00,0.52,1.34,1.38,1.26,0.00,0.53,1.34,3.13,1.30,0.00,1.30,1.30,1.30,5.66,5.88,1.00,1.00,NaN
17005,37.14,0.00,30.80,0.00,32.06,0.00,6.21,0.00,1.15,0.00,0.28,1.37,1.38,121.79,0.00,95.48,97.81,235.65,44.04,0.00,43.60,43.83,45.57,53.09,0.00,45.00,45.00,81.00,0.97,0.00,0.52,1.34,1.38,1.05,0.00,0.53,1.34,3.13,1.30,0.00,1.30,1.30,1.30,6.54,5.58,1.00,1.00,NaN
17015,46.28,0.00,39.57,0.00,14.15,0.00,2.14,0.00,1.24,0.00,1.10,1.17,1.38,76.19,0.00,55.12,60.86,102.07,43.40,0.00,42.75,43.64,43.74,48.55,0.00,45.00,50.00,52.00,1.80,0.00,1.39,2.24,2.31,1.61,0.00,1.36,1.51,2.28,0.83,0.00,0.50,0.50,1.30,8.28,0.00,1.00,1.00,50.00
17018,46.35,0.36,38.75,0.36,14.89,0.36,2.11,0.36,1.24,0.36,1.10,1.17,1.38,76.79,0.36,55.12,60.86,102.07,43.36,0.36,42.75,43.64,43.74,48.53,0.36,45.00,50.00,52.00,1.78,0.36,1.39,2.24,2.31,1.63,0.36,1.36,1.51,2.28,0.85,0.36,0.50,0.50,1.30,11.44,0.00,0.00,1.00,50.00
18001,48.10,0.00,30.06,0.00,21.84,0.00,5.94,0.00,1.22,0.00,0.28,1.38,1.65,104.51,0.00,33.89,102.07,235.65,42.86,0.00,38.04,43.74,45.57,49.53,0.00,33.00,45.00,81.00,1.43,0.00,0.52,1.39,6.21,1.44,0.00,0.53,1.36,3.13,1.07,0.00,0.50,1.30,1.30,1.47,0.00,1.00,1.00,2.00
18002,48.15,0.00,34.05,0.00,17.80,0.00,8.40,0.00,1.09,0.00,0.28,1.17,1.65,108.96,0.00,33.89,95.48,235.65,43.00,0.00,38.04,43.64,43.83,53.57,0.00,33.00,50.00,81.00,1.64,0.00,1.15,1.39,6.21,1.72,0.00,1.34,1.51,3.13,0.96,0.00,0.50,1.30,1.30,1.39,0.14,0.00,1.00,2.00
18003,49.38,6.96,25.12,6.96,25.49,6.96,11.26,6.96,1.07,6.96,0.28,1.38,NaN,120.74,6.96,33.89,102.07,NaN,42.54,6.96,38.02,43.60,NaN,54.57,6.96,33.00,45.00,NaN,1.28,6.96,0.52,1.39,NaN,1.47,6.96,0.53,2.10,NaN,1.01,6.57,0.30,1.30,NaN,1.17,0.35,0.00,1.00,2.00
18008,45.42,4.11,25.39,4.11,29.19,4.11,15.81,4.11,0.89,4.11,0.28,1.14,1.73,139.65,4.11,33.89,97.81,235.65,42.97,4.11,38.02,43.60,45.88,60.78,4.11,33.00,55.00,81.00,1.09,4.11,0.52,1.15,6.73,1.40,4.11,0.53,2.10,3.83,1.01,3.59,0.30,1.30,1.30,0.91,0.00,0.00,1.00,2.00
18010,51.29,0.94,28.64,0.94,20.08,0.94,5.67,0.94,1.26,0.94,0.28,1.38,1.65,104.07,0.94,33.89,102.07,235.65,42.47,0.94,38.04,43.74,43.97,48.17,0.94,33.00,45.00,81.00,1.64,0.94,1.15,1.39,6.21,1.61,0.94,1.34,1.42,3.13,1.07,0.94,0.50,1.30,1.30,7.40,0.00,1.00,1.00,50.00
18011,49.56,3.85,27.32,3.85,23.12,3.85,8.24,3.85,1.17,3.85,0.28,1.38,1.65,112.52,3.85,33.89,102.07,235.65,42.61,3.85,38.04,43.64,45.57,51.38,3.85,33.00,45.00,81.00,1.40,3.85,0.52,1.39,6.21,1.50,3.85,0.53,1.61,3.13,1.05,3.65,0.30,1.30,1.30,4.55,0.24,0.00,1.00,45.00
18014,50.90,0.00,35.50,0.00,13.60,0.00,5.14,0.00,1.17,0.00,0.28,1.17,1.65,81.60,0.00,33.89,60.86,235.65,42.77,0.00,38.04,43.60,43.83,50.47,0.00,33.00,50.00,81.00,1.93,0.00,1.15,2.24,6.21,1.79,0.00,1.34,2.10,3.13,0.80,0.00,0.50,0.50,1.30,1.63,4.93,1.00,1.00,21.00
18017,51.54,5.87,26.60,5.87,21.86,5.87,15.47,5.87,0.97,5.87,0.28,1.43,NaN,128.28,5.87,37.70,49.67,NaN,42.37,5.87,NaN,42.80,NaN,57.62,5.87,NaN,42.00,NaN,1.63,5.87,1.15,1.84,NaN,2.17,5.87,1.61,2.10,NaN,0.77,5.87,0.30,0.52,NaN,0.87,0.00,0.00,1.00,1.00
18018,60.37,3.03,18.81,3.03,20.82,3.03,13.39,3.03,1.10,3.03,0.28,1.14,1.73,118.97,3.03,34.39,97.81,235.65,41.16,3.03,37.94,42.85,45.57,53.68,3.03,32.00,55.00,81.00,1.49,3.03,0.52,1.15,6.73,1.39,3.03,0.53,1.45,3.13,0.91,3.03,0.50,1.30,1.30,0.83,0.00,0.00,1.00,1.00
19001,42.05,0.00,29.26,0.00,28.69,0.00,10.21,0.00,1.05,0.00,0.28,1.36,1.51,135.23,0.00,79.09,97.81,235.65,43.47,0.00,40.10,43.82,45.57,56.02,0.00,40.00,47.00,81.00,1.14,0.00,0.52,1.17,3.42,1.32,0.00,0.53,1.34,3.13,1.27,0.00,1.30,1.30,1.30,7.91,11.82,1.00,1.00,NaN
19006,57.68,0.00,20.37,0.00,21.94,0.00,6.22,0.00,1.29,0.00,0.28,1.51,1.73,97.77,0.00,33.89,89.89,235.65,41.50,0.00,37.94,40.10,45.57,47.37,0.00,32.00,40.00,81.00,1.48,0.00,0.52,3.42,6.73,1.27,0.00,0.53,1.45,3.13,1.04,0.00,0.50,1.30,1.30,1.27,21.76,1.00,1.00,NaN
19010,67.47,0.00,18.06,0.00,14.47,0.00,0.84,0.00,1.54,0.00,1.36,1.51,1.73,68.84,0.00,33.89,79.09,110.37,40.38,0.00,37.94,40.10,44.36,38.83,0.00,32.00,40.00,47.00,2.69,0.00,1.17,3.42,6.73,1.56,0.00,1.27,1.64,2.10,1.02,0.00,0.50,1.30,1.30,1.00,50.97,1.00,NaN,NaN
19017,41.57,0.00,29.70,0.00,28.72,0.00,5.61,0.00,1.19,0.00,0.28,1.37,1.51,116.60,0.00,79.09,95.48,235.65,43.53,0.00,40.10,43.83,45.57,51.31,0.00,40.00,45.00,81.00,1.13,0.00,0.52,1.34,3.42,1.19,0.00,0.53,1.34,3.13,1.30,0.00,1.30,1.30,1.30,8.83,13.81,1.00,1.00,NaN
19020,36.63,0.00,30.46,0.00,32.91,0.00,15.67,0.00,0.83,0.00,0.28,1.14,1.38,162.38,0.00,95.48,108.92,235.65,44.08,0.00,43.60,43.82,45.57,63.45,0.00,45.00,55.00,81.00,0.96,0.00,0.52,1.15,1.38,1.27,0.00,0.53,1.34,3.13,1.30,0.00,1.30,1.30,1.30,9.38,8.07,1.00,1.00,NaN
20002,48.12,0.00,29.36,0.00,22.52,0.00,0.54,0.00,1.41,0.00,1.36,1.37,1.51,93.31,0.00,79.09,95.48,110.37,42.83,0.00,40.10,43.83,44.36,43.89,0.00,40.00,45.00,47.00,1.58,0.00,1.17,1.34,3.42,1.40,0.00,1.27,1.34,1.64,1.30,0.00,1.30,1.30,1.30,12.63,0.00,1.00,1.00,49.00
20003,43.67,0.00,34.63,0.00,21.69,0.00,2.60,0.00,1.29,0.00,1.10,1.37,1.42,97.80,0.00,55.12,95.48,110.37,43.50,0.00,42.75,43.82,44.36,47.72,0.00,44.00,45.00,55.00,1.41,0.00,1.15,1.38,2.31,1.36,0.00,1.27,1.34,2.28,1.14,0.00,0.50,1.30,1.30,5.36,0.01,1.00,1.00,30.00
20007,57.19,0.00,25.12,0.00,17.68,0.00,2.45,0.00,1.36,0.00,1.10,1.38,1.65,76.69,0.00,33.89,79.09,108.92,41.72,0.00,38.04,42.75,45.57,44.51,0.00,33.00,45.00,55.00,1.73,0.00,0.52,2.31,6.21,1.35,0.00,0.53,1.52,2.28,0.95,0.00,0.50,1.30,1.30,2.93,0.00,1.00,1.00,20.00
2001,41.68,2.77,25.27,2.77,33.04,2.77,19.86,2.77,0.72,2.77,0.28,0.28,1.65,167.77,2.77,33.89,235.65,235.65,43.36,2.77,38.04,43.60,45.57,66.84,2.77,33.00,81.00,81.00,0.95,2.77,0.52,1.15,6.21,1.30,2.77,0.53,3.13,3.13,1.18,2.53,0.50,1.30,1.30,2.56,0.00,1.00,1.00,18.00
2002,41.74,1.50,24.42,1.50,33.85,1.50,16.70,1.50,0.82,1.50,0.28,1.14,1.65,151.30,1.50,33.89,97.81,235.65,43.32,1.50,38.04,43.60,45.57,63.52,1.50,33.00,55.00,81.00,0.90,1.50,0.52,1.15,6.21,1.14,1.50,0.53,2.10,3.13,1.15,1.50,0.50,1.30,1.30,2.10,0.00,1.00,1.00,14.00
21003,65.17,0.57,21.25,0.57,13.58,0.57,2.89,0.57,1.48,0.57,0.28,1.53,1.74,76.52,0.57,33.89,68.44,235.65,40.74,0.57,37.89,40.10,43.82,40.62,0.57,32.00,39.00,81.00,2.43,0.57,1.15,3.54,6.80,1.52,0.57,1.27,1.45,3.13,0.94,0.57,0.50,1.30,1.30,1.58,0.43,0.00,1.00,2.00
21006,61.92,0.46,23.07,0.46,15.02,0.46,3.72,0.46,1.41,0.46,0.28,1.42,1.73,82.35,0.46,33.89,88.01,235.65,41.15,0.46,37.94,42.80,43.83,42.93,0.46,32.00,44.00,81.00,2.16,0.46,1.15,2.31,6.73,1.54,0.46,1.27,1.45,3.13,0.96,0.46,0.50,1.30,1.30,1.27,0.38,0.00,1.00,1.00
21008,47.51,0.17,29.45,0.17,23.03,0.17,6.16,0.17,1.24,0.17,0.28,1.38,1.74,113.97,0.17,33.89,97.81,235.65,42.90,0.17,37.89,43.60,44.08,49.41,0.17,32.00,45.00,81.00,1.43,0.17,1.15,1.39,6.80,1.44,0.17,1.27,1.36,3.13,1.22,0.17,0.50,1.30,1.30,1.53,0.01,1.00,1.00,2.00
21009,52.99,0.30,27.65,0.30,19.37,0.30,3.81,0.30,1.35,0.30,0.28,1.42,1.73,95.00,0.30,33.89,95.39,235.65,42.26,0.30,37.94,43.55,44.21,45.53,0.30,32.00,45.00,81.00,1.70,0.30,1.15,1.60,6.73,1.47,0.30,1.27,1.43,3.13,1.09,0.30,0.50,1.30,1.30,3.29,0.25,1.00,1.00,22.00
21011,66.31,1.29,18.79,1.29,14.90,1.29,3.34,1.29,1.45,1.29,0.28,1.53,1.73,78.39,1.29,33.89,88.01,235.65,40.53,1.29,37.94,40.10,45.57,41.47,1.29,32.00,39.00,81.00,2.36,1.29,1.15,3.54,6.73,1.57,1.29,1.27,1.52,3.13,0.96,1.29,0.50,1.30,1.30,0.97,0.00,1.00,1.00,1.00
21012,56.54,0.00,24.54,0.00,18.92,0.00,5.60,0.00,1.32,0.00,0.28,1.42,1.74,101.15,0.00,33.89,95.39,235.65,41.77,0.00,37.89,43.47,43.83,46.22,0.00,32.00,44.00,81.00,1.78,0.00,1.15,1.62,6.80,1.55,0.00,1.27,1.43,3.13,1.12,0.00,0.50,1.30,1.30,0.99,0.00,1.00,1.00,1.00
21013,55.48,0.00,27.65,0.00,16.87,0.00,2.51,0.00,1.42,0.00,1.10,1.42,1.74,87.90,0.00,33.89,95.39,108.92,42.00,0.00,37.89,43.47,43.82,43.23,0.00,32.00,44.00,52.00,1.92,0.00,1.34,1.62,6.80,1.50,0.00,1.27,1.43,2.28,1.09,0.00,0.50,1.30,1.30,1.06,0.15,1.00,1.00,1.00
21015,43.81,0.00,34.72,0.00,21.47,0.00,5.19,0.00,1.21,0.00,0.28,1.38,1.42,110.51,0.00,55.12,102.07,235.65,43.48,0.00,42.75,43.64,43.83,50.25,0.00,44.00,45.00,81.00,1.49,0.00,1.15,1.39,2.31,1.57,0.00,1.34,1.43,3.13,1.17,0.00,0.50,1.30,1.30,1.44,0.00,1.00,1.00,1.00
21016,42.00,0.00,34.34,0.00,23.65,0.00,0.56,0.00,1.39,0.00,1.37,1.38,1.42,99.57,0.00,95.39,102.07,102.07,43.66,0.00,43.47,43.74,43.83,44.72,0.00,44.00,45.00,45.00,1.42,0.00,1.34,1.39,1.62,1.36,0.00,1.34,1.36,1.43,1.30,0.00,1.30,1.30,1.30,4.00,0.01,1.00,1.00,23.00
21017,75.88,0.00,12.40,0.00,11.72,0.00,1.72,0.00,1.55,0.00,1.53,1.65,1.65,64.65,0.00,33.89,33.89,88.01,39.29,0.00,38.04,38.04,40.10,37.41,0.00,33.00,33.00,39.00,3.60,0.00,3.51,6.21,6.21,1.69,0.00,1.52,2.10,2.10,0.90,0.00,0.50,0.50,1.30,0.98,0.00,1.00,1.00,1.00
21018,53.88,0.00,28.03,0.00,18.09,0.00,2.69,0.00,1.41,0.00,0.28,1.42,1.74,94.94,0.00,33.89,95.39,235.65,42.18,0.00,37.89,43.47,43.83,43.52,0.00,32.00,44.00,81.00,1.82,0.00,1.15,1.62,6.80,1.46,0.00,1.27,1.43,3.13,1.18,0.00,0.50,1.30,1.30,2.55,0.00,1.00,1.00,18.00
21022,48.00,0.00,29.58,0.00,22.42,0.00,4.28,0.00,1.29,0.00,0.28,1.38,1.65,105.56,0.00,33.89,97.81,235.65,42.85,0.00,38.04,43.74,44.36,47.50,0.00,33.00,45.00,81.00,1.49,0.00,1.15,1.39,6.21,1.45,0.00,1.27,1.36,3.13,1.20,0.00,0.50,1.30,1.30,5.64,0.00,1.00,1.00,33.00
21023,47.92,0.00,29.44,0.00,22.64,0.00,0.53,0.00,1.41,0.00,1.36,1.37,1.51,95.62,0.00,79.09,95.48,110.37,42.86,0.00,40.10,43.83,44.36,44.15,0.00,40.00,45.00,47.00,1.55,0.00,1.17,1.34,3.42,1.39,0.00,1.27,1.34,1.64,1.30,0.00,1.30,1.30,1.30,24.10,0.00,1.00,23.00,50.00
21024,44.54,0.00,28.86,0.00,26.59,0.00,11.35,0.00,1.04,0.00,0.28,1.37,1.65,135.52,0.00,33.89,102.07,235.65,43.19,0.00,38.04,43.60,45.57,56.13,0.00,33.00,45.00,81.00,1.22,0.00,0.52,1.34,6.21,1.44,0.00,0.53,1.43,3.13,1.21,0.00,0.50,1.30,1.30,1.00,0.02,1.00,1.00,1.00
21026,72.56,0.00,12.72,0.00,14.73,0.00,4.35,0.00,1.45,0.00,0.28,1.65,1.65,68.70,0.00,33.89,33.89,235.65,39.65,0.00,38.04,38.04,45.57,40.77,0.00,33.00,33.00,81.00,2.38,0.00,0.52,6.21,6.21,1.59,0.00,0.53,2.10,3.13,0.79,0.00,0.50,0.50,1.30,0.99,0.00,1.00,1.00,1.00
21027,42.62,0.00,31.82,0.00,25.55,0.00,2.62,0.00,1.31,0.00,0.28,1.38,1.51,105.78,0.00,79.09,102.07,235.65,43.50,0.00,40.10,43.74,45.57,47.47,0.00,40.00,45.00,81.00,1.27,0.00,0.52,1.39,3.42,1.25,0.00,0.53,1.36,3.13,1.29,0.00,1.30,1.30,1.30,9.75,0.00,1.00,1.00,41.00
22001,45.17,0.69,31.88,0.69,22.95,0.69,4.08,0.69,1.30,0.69,0.28,1.38,1.73,100.19,0.69,41.36,108.92,235.65,43.24,0.69,38.07,43.82,44.86,47.72,0.69,32.00,45.00,81.00,1.38,0.69,1.02,1.38,6.47,1.39,0.69,1.10,1.39,3.13,1.03,0.69,0.30,1.30,1.30,3.37,0.02,1.00,1.00,22.00
22006,37.66,0.00,35.22,0.00,27.11,0.00,0.54,0.00,1.36,0.00,1.24,1.38,1.38,108.25,0.00,103.09,108.92,112.23,44.15,0.00,43.82,43.82,45.83,46.01,0.00,45.00,45.00,52.00,1.15,0.00,0.56,1.38,1.38,1.20,0.00,0.74,1.34,1.34,1.30,0.00,1.30,1.30,1.30,20.03,0.00,1.00,21.00,50.00
22007,39.41,0.00,34.77,0.00,25.82,0.00,1.56,0.00,1.34,0.00,1.22,1.38,1.47,110.92,0.00,82.82,108.92,112.23,43.95,0.00,40.22,43.82,44.86,46.70,0.00,41.00,45.00,51.76,1.24,0.00,1.02,1.38,2.97,1.27,0.00,1.10,1.34,1.57,1.28,0.00,1.30,1.30,1.30,6.83,0.00,1.00,1.00,27.00
22009,47.21,1.16,31.10,1.16,21.69,1.16,6.37,1.16,1.23,1.16,0.28,1.38,1.73,101.73,1.16,41.36,97.81,235.65,42.99,1.16,38.07,43.60,44.86,49.58,1.16,32.00,45.00,81.00,1.48,1.16,1.02,1.38,6.73,1.52,1.16,1.10,1.47,3.13,0.94,1.16,0.30,1.30,1.30,1.43,0.03,1.00,1.00,1.00
23001,42.24,0.09,33.50,0.09,24.25,0.09,6.38,0.09,1.16,0.09,0.28,1.36,1.51,120.54,0.09,57.53,108.92,235.65,43.60,0.09,40.10,43.82,44.86,51.90,0.09,40.00,47.00,81.00,1.33,0.09,1.02,1.38,3.42,1.49,0.09,1.10,1.39,3.13,1.19,0.09,0.50,1.30,1.30,1.84,0.01,1.00,1.00,2.00
23004,42.88,0.00,33.73,0.00,23.39,0.00,7.03,0.00,1.14,0.00,0.28,1.22,1.67,119.29,0.00,49.67,108.92,235.65,43.54,0.00,38.07,43.82,44.86,52.59,0.00,33.00,50.00,81.00,1.35,0.00,1.02,1.38,6.29,1.52,0.00,1.10,1.39,3.13,1.12,0.00,0.30,1.30,1.30,1.69,0.00,1.00,1.00,2.00
23006,44.32,0.00,33.11,0.00,22.58,0.00,9.87,0.00,1.03,0.00,0.28,1.22,1.67,126.19,0.00,41.36,108.31,235.65,43.37,0.00,38.07,43.64,44.08,55.85,0.00,33.00,50.00,81.00,1.38,0.00,1.15,1.21,6.29,1.67,0.00,1.34,1.51,3.13,1.06,0.00,0.30,1.30,1.30,1.31,0.00,1.00,1.00,1.00
23007,39.91,0.00,35.52,0.00,24.56,0.00,7.66,0.00,1.12,0.00,0.28,1.35,1.42,123.76,0.00,57.53,108.92,235.65,43.92,0.00,43.55,43.82,44.86,53.71,0.00,44.00,47.00,81.00,1.27,0.00,1.02,1.38,2.24,1.49,0.00,1.10,1.39,3.13,1.14,0.00,0.50,1.30,1.30,1.16,0.00,1.00,1.00,1.00
23008,41.27,0.00,33.79,0.00,24.93,0.00,6.55,0.00,1.14,0.00,0.28,1.22,1.38,124.48,0.00,60.86,108.92,235.65,43.72,0.00,43.60,43.82,44.08,52.76,0.00,45.00,50.00,81.00,1.31,0.00,1.15,1.21,2.24,1.51,0.00,1.34,1.39,3.13,1.22,0.00,0.50,1.30,1.30,1.25,0.02,1.00,1.00,2.00
23011,47.15,0.00,28.02,0.00,24.83,0.00,13.83,0.00,0.94,0.00,0.28,1.17,1.67,139.08,0.00,41.36,108.31,235.65,42.89,0.00,38.07,43.60,45.57,58.86,0.00,33.00,50.00,81.00,1.28,0.00,0.52,1.21,6.29,1.66,0.00,0.53,2.44,3.13,1.03,0.00,0.30,1.30,1.30,0.98,0.05,1.00,1.00,1.00
23016,32.92,0.00,34.95,0.00,32.12,0.00,0.53,0.00,1.33,0.00,1.24,1.35,1.38,108.03,0.00,103.09,110.92,112.23,44.64,0.00,43.82,44.86,45.83,47.56,0.00,45.00,47.00,52.00,0.91,0.00,0.56,1.02,1.38,1.03,0.00,0.74,1.10,1.34,1.30,0.00,1.30,1.30,1.30,24.27,0.00,1.00,25.00,50.00
24001,40.80,0.00,35.62,0.00,23.58,0.00,5.04,0.00,1.20,0.00,0.28,1.35,1.42,114.01,0.00,57.53,108.92,235.65,43.83,0.00,43.55,43.82,44.86,50.89,0.00,44.00,47.00,81.00,1.33,0.00,1.02,1.38,2.24,1.45,0.00,1.10,1.39,3.13,1.15,0.00,0.50,1.30,1.30,1.47,0.00,1.00,1.00,1.00
24003,41.19,0.00,35.37,0.00,23.44,0.00,5.96,0.00,1.13,0.00,0.28,1.22,1.42,114.59,0.00,57.53,108.31,235.65,43.78,0.00,43.55,44.08,44.08,52.86,0.00,44.00,50.00,81.00,1.34,0.00,1.15,1.21,2.24,1.54,0.00,1.34,1.39,3.13,1.13,0.00,0.50,1.30,1.30,0.98,0.00,1.00,1.00,1.00
24004,40.86,0.00,34.47,0.00,24.67,0.00,12.13,0.00,0.95,0.00,0.28,1.22,1.42,144.45,0.00,57.53,108.92,235.65,43.78,0.00,43.55,43.82,44.08,58.74,0.00,44.00,50.00,81.00,1.30,0.00,1.15,1.21,2.24,1.70,0.00,1.34,1.39,3.13,1.19,0.00,0.50,1.30,1.30,1.01,0.00,1.00,1.00,1.00
24005,38.95,0.00,36.53,0.00,24.51,0.00,0.63,0.00,1.38,0.00,1.35,1.38,1.42,99.60,0.00,57.53,108.92,112.23,44.06,0.00,43.55,43.82,44.86,45.50,0.00,44.00,45.00,47.00,1.28,0.00,1.02,1.38,1.59,1.28,0.00,1.10,1.34,1.47,1.19,0.00,0.70,1.30,1.30,1.48,0.00,1.00,1.00,1.00
25001,42.38,0.00,32.01,0.00,25.62,0.00,9.02,0.00,1.08,0.00,0.28,1.22,1.67,128.63,0.00,41.36,108.92,235.65,43.54,0.00,38.07,43.82,45.57,54.67,0.00,33.00,50.00,81.00,1.23,0.00,0.52,1.21,6.29,1.45,0.00,0.53,1.39,3.13,1.15,0.00,0.30,1.30,1.30,4.77,0.00,1.00,1.00,28.00
25003,57.30,0.00,19.25,0.00,23.46,0.00,12.32,0.00,1.09,0.00,0.28,1.14,1.67,117.55,0.00,41.36,97.81,235.65,41.50,0.00,38.07,43.60,45.57,53.60,0.00,33.00,55.00,81.00,1.33,0.00,0.52,1.15,6.29,1.47,0.00,0.53,2.44,3.13,0.84,0.00,0.30,1.30,1.30,1.59,0.00,1.00,1.00,2.00
25006,39.04,0.00,29.50,0.00,31.46,0.00,16.48,0.00,0.81,0.00,0.28,1.14,1.38,163.66,0.00,54.61,108.92,235.65,43.79,0.00,43.60,43.60,45.57,64.03,0.00,45.00,55.00,81.00,1.01,0.00,0.52,1.15,2.24,1.39,0.00,0.53,2.44,3.13,1.25,0.00,0.39,1.30,1.30,3.18,0.00,1.00,1.00,19.00
25012,39.56,0.00,31.85,0.00,28.59,0.00,15.63,0.00,0.81,0.00,0.28,1.22,1.22,162.53,0.00,108.31,108.31,235.65,43.82,0.00,43.60,44.08,44.08,63.51,0.00,50.00,50.00,81.00,1.19,0.00,1.15,1.21,1.21,1.83,0.00,1.39,1.39,3.13,1.26,0.00,1.30,1.30,1.30,0.96,0.00,1.00,1.00,1.00
25020,48.23,0.00,27.49,0.00,24.28,0.00,1.67,0.00,1.37,0.00,1.35,1.36,1.51,103.73,0.00,82.82,110.92,112.23,42.75,0.00,40.10,44.10,44.86,45.47,0.00,40.00,46.00,47.00,1.47,0.00,1.02,1.21,3.42,1.32,0.00,1.10,1.26,1.65,1.30,0.00,1.30,1.30,1.30,17.82,0.00,1.00,18.00,50.00
25021,54.66,0.00,23.09,0.00,22.25,0.00,2.91,0.00,1.36,0.00,0.24,1.47,1.53,102.52,0.00,75.85,88.01,221.88,41.91,0.00,40.07,40.22,44.86,45.52,0.00,39.00,41.00,85.00,1.77,0.00,1.02,2.97,3.54,1.44,0.00,1.10,1.57,3.77,1.30,0.00,1.30,1.30,1.30,16.26,0.00,1.00,17.00,45.00
25029,40.27,0.00,33.96,0.00,25.76,0.00,1.32,0.00,1.34,0.00,1.17,1.35,1.52,104.45,0.00,57.53,110.92,112.23,43.83,0.00,39.05,44.35,45.83,46.51,0.00,38.00,47.00,52.00,1.19,0.00,0.56,1.07,4.19,1.22,0.00,0.74,1.15,1.85,1.23,0.00,0.70,1.30,1.30,18.99,0.00,1.00,17.00,50.00
26003,40.04,0.00,35.94,0.00,24.02,0.00,0.95,0.00,1.39,0.00,1.35,1.39,1.41,75.44,0.00,44.86,49.91,110.92,43.92,0.00,43.28,44.10,44.54,44.51,0.00,43.00,44.00,46.00,1.33,0.00,1.21,1.34,1.44,1.30,0.00,1.11,1.26,1.62,0.81,0.00,0.30,0.50,1.30,8.51,0.00,1.00,1.00,50.00
26005,39.33,0.08,37.67,0.08,23.00,0.08,1.14,0.08,1.39,0.08,1.36,1.39,1.41,65.30,0.08,44.86,48.17,110.92,44.06,0.08,43.52,44.10,44.54,44.25,0.08,43.00,44.00,46.00,1.34,0.08,1.21,1.34,1.43,1.29,0.08,1.11,1.26,1.58,0.68,0.08,0.30,0.50,1.30,3.94,0.00,1.00,1.00,23.00
26006,49.95,0.00,28.02,0.00,22.03,0.00,0.79,0.00,1.42,0.00,1.34,1.41,1.51,76.95,0.00,44.86,79.09,110.92,42.59,0.00,40.10,43.52,44.54,43.13,0.00,40.00,43.00,46.00,1.66,0.00,1.21,1.35,3.42,1.35,0.00,1.10,1.28,1.64,1.01,0.00,0.30,1.30,1.30,5.41,0.00,1.00,1.00,39.00
26008,40.71,0.00,37.21,0.00,22.09,0.00,1.26,0.00,1.40,0.00,1.36,1.39,1.45,65.57,0.00,44.86,48.17,110.92,43.90,0.00,40.63,44.10,44.54,43.90,0.00,42.00,43.94,46.00,1.39,0.00,1.21,1.34,2.57,1.28,0.00,1.11,1.26,1.58,0.71,0.00,0.30,0.50,1.30,4.09,0.00,1.00,1.00,26.00
26009,40.50,0.00,35.43,0.00,24.07,0.00,0.96,0.00,1.39,0.00,1.34,1.39,1.41,77.12,0.00,44.86,79.09,110.92,43.86,0.00,43.28,44.10,44.54,44.52,0.00,43.00,44.00,46.00,1.34,0.00,1.21,1.34,1.43,1.28,0.00,1.10,1.26,1.58,0.87,0.00,0.30,1.30,1.30,7.78,0.00,1.00,1.00,50.00
27001,38.94,0.00,35.35,0.00,25.71,0.00,3.80,0.00,1.24,0.00,0.28,1.35,1.47,115.35,0.00,60.86,110.92,235.65,44.02,0.00,40.22,44.08,44.86,49.95,0.00,41.00,47.00,81.00,1.20,0.00,1.02,1.21,2.97,1.30,0.00,1.10,1.34,3.13,1.23,0.00,0.50,1.30,1.30,8.39,0.00,1.00,1.00,50.00
27002,39.21,0.17,35.21,0.17,25.58,0.17,3.71,0.17,1.23,0.17,0.28,1.35,1.43,108.92,0.17,43.33,108.31,235.65,43.99,0.17,42.80,44.08,44.86,49.89,0.17,42.00,47.00,81.00,1.23,0.17,1.02,1.21,2.24,1.35,0.17,1.10,1.39,3.13,1.15,0.17,0.50,1.30,1.30,1.44,0.00,1.00,1.00,3.00
27003,45.91,0.09,31.20,0.09,22.88,0.09,2.69,0.09,1.33,0.09,0.28,1.38,1.55,94.90,0.09,36.11,108.92,235.65,43.13,0.09,39.68,43.82,44.86,46.58,0.09,38.00,45.00,81.00,1.41,0.09,1.02,1.38,3.93,1.39,0.09,1.10,1.34,3.13,1.05,0.09,0.50,1.30,1.30,2.46,0.00,1.00,1.00,11.00
27006,51.70,0.00,27.03,0.00,21.26,0.00,4.49,0.00,1.29,0.00,0.28,1.38,1.67,89.41,0.00,34.39,95.48,235.65,42.37,0.00,38.07,43.60,45.95,47.40,0.00,33.00,45.00,81.00,1.52,0.00,0.50,1.38,6.29,1.45,0.00,0.57,1.47,3.13,0.93,0.00,0.30,1.30,1.30,1.08,0.00,1.00,1.00,1.00
27007,43.54,0.11,33.49,0.11,22.98,0.11,4.76,0.11,1.21,0.11,0.28,1.35,1.51,111.94,0.11,57.53,108.92,235.65,43.47,0.11,40.09,43.82,44.86,50.19,0.11,40.00,47.00,81.00,1.38,0.11,1.02,1.21,3.42,1.44,0.11,1.10,1.39,3.13,1.18,0.11,0.50,1.30,1.30,5.20,0.00,1.00,1.00,34.00
27009,43.94,0.03,31.82,0.03,24.24,0.03,3.32,0.03,1.28,0.03,0.28,1.35,1.67,108.13,0.03,57.53,108.92,235.65,43.36,0.03,38.22,43.82,45.83,48.21,0.03,33.00,47.00,81.00,1.29,0.03,0.56,1.21,6.27,1.30,0.03,0.74,1.34,3.13,1.21,0.03,0.50,1.30,1.30,16.67,0.00,1.00,1.00,50.00
27021,46.49,0.00,30.11,0.00,23.40,0.00,1.77,0.00,1.37,0.00,1.17,1.38,1.55,89.86,0.00,34.39,108.92,112.23,43.03,0.00,39.68,43.82,45.95,45.26,0.00,38.00,45.00,52.00,1.36,0.00,0.50,1.38,3.93,1.30,0.00,0.57,1.34,2.05,1.04,0.00,0.50,1.30,1.30,2.04,0.00,1.00,1.00,9.00
27023,45.42,0.00,30.21,0.00,24.37,0.00,0.63,0.00,1.41,0.00,1.23,1.38,1.55,83.11,0.00,34.18,105.45,112.23,43.15,0.00,39.68,43.82,45.95,44.17,0.00,38.00,45.00,52.00,1.29,0.00,0.50,1.38,3.93,1.22,0.00,0.57,1.34,2.05,1.03,0.00,0.50,1.30,1.30,1.09,0.00,1.00,1.00,2.00
27025,45.20,0.00,31.18,0.00,23.62,0.00,0.71,0.00,1.40,0.00,1.23,1.38,1.55,90.19,0.00,34.39,108.92,112.23,43.21,0.00,39.68,43.82,45.95,44.20,0.00,38.00,45.00,52.00,1.36,0.00,0.50,1.38,3.93,1.28,0.00,0.57,1.34,1.96,1.09,0.00,0.50,1.30,1.30,1.14,0.00,1.00,1.00,2.00
27026,48.48,0.00,28.15,0.00,23.37,0.00,0.81,0.00,1.42,0.00,1.23,1.38,1.55,82.96,0.00,34.18,105.45,112.23,42.75,0.00,38.85,43.82,45.95,43.65,0.00,38.00,45.00,52.00,1.36,0.00,0.50,1.38,3.93,1.24,0.00,0.57,1.34,2.05,1.02,0.00,0.50,1.30,1.30,1.05,0.00,1.00,1.00,1.00
27029,53.67,0.00,26.00,0.00,20.33,0.00,7.01,0.00,1.21,0.00,0.28,1.22,1.73,98.37,0.00,34.18,95.48,235.65,42.13,0.00,38.07,43.60,44.21,50.00,0.00,32.00,50.00,81.00,1.63,0.00,1.15,1.38,6.47,1.62,0.00,1.34,1.80,3.13,0.91,0.00,0.30,1.30,1.30,1.05,0.00,1.00,1.00,1.00
27030,44.92,0.00,30.40,0.00,24.68,0.00,0.60,0.00,1.40,0.00,1.23,1.38,1.55,87.87,0.00,34.39,108.92,112.23,43.21,0.00,39.80,43.82,45.95,44.30,0.00,38.00,45.00,52.00,1.27,0.00,0.50,1.38,3.90,1.21,0.00,0.57,1.34,1.96,1.07,0.00,0.50,1.30,1.30,2.68,0.00,1.00,1.00,15.00
27032,41.56,0.00,31.64,0.00,26.80,0.00,16.84,0.00,0.78,0.00,0.28,0.67,1.22,161.63,0.00,43.56,108.31,235.65,43.61,0.00,43.60,43.60,44.08,64.32,0.00,50.00,52.71,81.00,1.20,0.00,1.15,1.15,2.24,1.78,0.00,1.39,2.01,3.13,1.18,0.00,0.32,1.30,1.30,1.00,0.00,1.00,1.00,1.00
27034,42.03,0.20,35.76,0.20,22.20,0.20,4.92,0.20,1.18,0.20,0.28,1.22,1.42,109.51,0.20,57.53,108.31,235.65,43.71,0.20,43.55,43.82,44.08,51.11,0.20,43.00,50.00,81.00,1.39,0.20,1.15,1.38,2.24,1.48,0.20,1.34,1.39,3.13,1.12,0.20,0.50,1.30,1.30,1.13,0.00,1.00,1.00,2.00
27035,40.22,0.60,35.79,0.60,23.99,0.60,1.81,0.60,1.31,0.60,1.17,1.38,1.42,102.54,0.60,44.86,108.92,112.23,43.90,0.60,43.55,43.82,44.86,47.19,0.60,44.00,45.00,50.00,1.34,0.60,1.02,1.38,1.59,1.38,0.60,1.10,1.34,1.51,1.18,0.60,0.50,1.30,1.30,2.41,0.00,1.00,1.00,18.00
27038,62.62,0.00,21.16,0.00,16.22,0.00,0.57,0.00,1.50,0.00,NaN,1.55,1.55,48.40,0.00,34.18,36.11,100.96,41.00,0.00,39.68,39.80,44.39,40.20,0.00,38.00,38.00,46.42,2.43,0.00,NaN,3.90,3.93,1.73,0.00,NaN,1.96,2.05,0.63,0.00,0.50,0.50,1.30,8.14,0.00,1.00,1.00,50.00
27041,48.34,0.03,29.31,0.03,22.35,0.03,2.51,0.03,1.35,0.03,1.04,1.39,1.73,81.28,0.03,34.18,79.09,112.23,42.81,0.03,38.14,43.73,45.95,45.59,0.03,32.00,45.00,55.00,1.43,0.03,0.50,1.39,6.47,1.34,0.03,0.57,1.45,2.44,0.89,0.03,0.30,1.30,1.30,10.53,0.00,1.00,1.00,50.00
27042,50.35,0.00,33.16,0.00,16.48,0.00,3.89,0.00,1.27,0.00,0.28,1.38,1.55,81.12,0.00,34.18,60.86,235.65,42.74,0.00,39.68,43.64,44.08,47.69,0.00,38.00,45.00,81.00,1.79,0.00,1.15,2.24,3.93,1.62,0.00,1.34,1.51,3.13,0.80,0.00,0.50,0.50,1.30,1.02,0.00,1.00,1.00,1.00
27043,40.89,0.30,34.56,0.30,24.55,0.30,5.65,0.30,1.16,0.30,0.28,1.22,1.43,110.87,0.30,43.33,108.31,235.65,43.78,0.30,43.55,43.82,44.08,51.88,0.30,43.00,50.00,81.00,1.32,0.30,1.15,1.21,2.24,1.51,0.30,1.34,1.39,3.13,1.10,0.30,0.50,1.30,1.30,1.19,0.00,1.00,1.00,2.00
27047,39.38,0.00,36.50,0.00,24.12,0.00,1.79,0.00,1.21,0.00,1.17,1.22,1.22,101.33,0.00,60.86,108.31,108.31,44.02,0.00,43.64,44.08,44.08,50.00,0.00,50.00,50.00,50.00,1.30,0.00,1.21,1.21,2.24,1.41,0.00,1.39,1.39,1.51,1.18,0.00,0.50,1.30,1.30,0.66,0.00,0.00,1.00,1.00
27049,52.17,0.00,29.52,0.00,18.31,0.00,3.97,0.00,1.32,0.00,0.28,1.39,1.73,78.02,0.00,34.18,57.53,235.65,42.41,0.00,38.14,43.64,44.86,46.27,0.00,32.00,44.00,81.00,1.68,0.00,1.02,1.43,6.47,1.52,0.00,1.10,1.51,3.13,0.77,0.00,0.30,0.50,1.30,1.78,0.00,1.00,1.00,2.00
27051,43.53,0.00,31.18,0.00,25.28,0.00,0.52,0.00,1.38,0.00,NaN,1.36,1.47,104.32,0.00,82.82,110.92,112.23,43.38,0.00,40.22,44.10,44.86,45.19,0.00,41.00,46.00,47.31,1.35,0.00,1.02,1.21,2.97,1.28,0.00,1.10,1.26,1.57,1.30,0.00,1.30,1.30,1.30,1.95,0.00,1.00,1.00,17.00
27062,38.81,0.00,35.40,0.00,25.79,0.00,3.61,0.00,1.24,0.00,0.28,1.35,1.47,115.02,0.00,60.86,110.92,235.65,44.04,0.00,40.22,44.10,44.86,49.74,0.00,41.00,47.00,81.00,1.20,0.00,1.02,1.21,2.97,1.29,0.00,1.10,1.26,3.13,1.23,0.00,0.50,1.30,1.30,10.33,0.00,1.00,1.00,50.00
27064,38.37,0.00,36.19,0.00,25.43,0.00,0.56,0.00,1.37,0.00,1.35,1.38,1.39,101.86,0.00,44.86,108.92,112.23,44.11,0.00,43.73,43.82,44.86,45.50,0.00,44.00,45.00,47.00,1.24,0.00,1.02,1.38,1.43,1.27,0.00,1.10,1.34,1.58,1.20,0.00,0.50,1.30,1.30,3.59,0.00,1.00,1.00,21.00
27065,59.38,0.00,23.29,0.00,17.32,0.00,3.72,0.00,1.36,0.00,0.28,1.55,1.73,73.61,0.00,34.18,36.11,235.65,41.42,0.00,37.94,39.80,44.08,44.71,0.00,32.00,38.00,81.00,2.02,0.00,1.15,3.90,6.73,1.66,0.00,1.34,1.96,3.13,0.80,0.00,0.50,0.50,1.30,1.01,0.00,1.00,1.00,1.00
27071,45.16,0.00,31.30,0.00,23.55,0.00,3.28,0.00,1.29,0.00,0.28,1.35,1.67,106.71,0.00,57.53,108.92,235.65,43.22,0.00,38.07,43.82,44.86,47.81,0.00,33.00,47.00,81.00,1.35,0.00,1.02,1.34,6.29,1.34,0.00,1.10,1.34,3.13,1.21,0.00,0.50,1.30,1.30,18.32,0.00,1.00,1.00,50.00
27073,60.48,0.00,18.63,0.00,20.89,0.00,0.66,0.00,1.46,0.00,1.38,1.45,1.55,75.80,0.00,NaN,92.67,92.67,41.14,0.00,38.46,40.63,43.73,41.76,0.00,34.33,42.00,44.20,2.28,0.00,1.36,2.57,3.93,1.57,0.00,1.38,1.52,2.05,1.05,0.00,0.50,1.30,1.30,9.68,0.00,1.00,1.00,50.00
27077,42.68,0.00,34.30,0.00,23.02,0.00,0.67,0.00,1.40,0.00,1.35,1.38,1.55,90.58,0.00,36.11,108.92,112.23,43.59,0.00,39.80,43.82,44.86,44.49,0.00,38.00,45.00,47.00,1.38,0.00,1.02,1.38,3.90,1.32,0.00,1.10,1.34,1.96,1.08,0.00,0.50,1.30,1.30,1.15,0.00,1.00,1.00,1.00
27079,51.20,0.00,27.32,0.00,21.48,0.00,3.76,0.00,1.32,0.00,0.28,1.38,1.67,88.89,0.00,34.18,105.45,235.65,42.43,0.00,38.14,43.64,45.95,46.60,0.00,33.00,45.00,81.00,1.52,0.00,0.50,1.38,6.29,1.44,0.00,0.57,1.47,3.13,0.95,0.00,0.50,1.30,1.30,2.05,0.00,1.00,1.00,2.00
27080,40.64,0.20,35.06,0.20,24.29,0.20,1.81,0.20,1.33,0.20,1.17,1.38,1.42,102.87,0.20,57.53,108.92,112.23,43.83,0.20,43.55,43.82,44.86,46.85,0.20,43.00,45.00,50.00,1.32,0.20,1.02,1.38,2.24,1.34,0.20,1.10,1.34,1.61,1.18,0.20,0.50,1.30,1.30,1.89,0.00,1.00,1.00,4.00
27084,42.01,0.00,34.03,0.00,23.96,0.00,3.26,0.00,1.28,0.00,0.28,1.38,1.42,103.71,0.00,47.98,108.92,235.65,43.65,0.00,41.84,43.82,44.08,48.09,0.00,40.17,45.00,81.00,1.38,0.00,1.15,1.38,1.64,1.45,0.00,1.34,1.39,3.13,1.12,0.00,0.30,1.30,1.30,1.06,0.00,1.00,1.00,2.00
27087,51.86,0.11,26.79,0.11,21.34,0.11,2.98,0.11,1.36,0.11,0.28,1.41,1.73,82.80,0.11,34.18,92.67,221.88,42.34,0.11,38.14,43.73,44.54,44.99,0.11,32.00,43.00,81.00,1.65,0.11,1.15,1.43,6.47,1.45,0.11,1.10,1.52,3.13,0.92,0.11,0.30,1.30,1.30,13.96,0.00,1.00,1.00,50.00
27089,39.19,0.16,35.24,0.16,25.56,0.16,3.50,0.16,1.24,0.16,0.28,1.35,1.43,106.78,0.16,43.33,108.31,235.65,43.99,0.16,42.80,44.08,44.86,49.56,0.16,42.00,47.00,81.00,1.23,0.16,1.02,1.21,2.24,1.35,0.16,1.10,1.39,3.13,1.14,0.16,0.50,1.30,1.30,2.07,0.00,1.00,1.00,4.00
27090,42.76,0.00,34.68,0.00,22.56,0.00,7.32,0.00,1.12,0.00,0.28,1.22,1.43,118.80,0.00,49.67,108.31,235.65,43.59,0.00,42.65,43.82,44.86,53.19,0.00,42.00,50.00,81.00,1.37,0.00,1.02,1.38,2.24,1.53,0.00,1.10,1.39,3.13,1.10,0.00,0.30,1.30,1.30,1.51,0.00,1.00,1.00,2.00
28001,63.16,4.74,20.03,4.74,16.81,4.74,6.41,4.74,1.34,4.74,0.28,1.55,1.73,82.82,4.74,36.11,43.10,235.65,40.91,4.74,38.07,39.80,45.57,45.37,4.74,32.00,38.00,81.00,1.93,4.74,0.52,3.90,6.73,1.61,4.74,0.53,1.80,3.13,0.68,4.74,0.30,0.50,1.30,1.00,0.00,1.00,1.00,1.00
28003,65.96,0.00,16.69,0.00,17.35,0.00,0.39,0.00,1.50,0.00,1.35,1.47,1.70,84.14,0.00,63.88,82.82,112.23,40.49,0.00,37.68,40.22,44.86,39.92,0.00,32.00,41.00,47.00,2.49,0.00,1.02,2.97,6.93,1.50,0.00,1.10,1.57,1.84,1.29,0.00,1.30,1.30,1.30,4.31,0.00,1.00,1.00,32.00
28008,40.88,0.00,34.01,0.00,25.10,0.00,1.53,0.00,1.33,0.00,1.22,1.38,1.42,86.33,0.00,44.86,108.31,112.23,43.77,0.00,43.15,43.82,44.86,46.78,0.00,44.00,45.00,50.00,1.34,0.00,1.02,1.38,1.59,1.40,0.00,1.10,1.39,1.93,0.99,0.00,0.50,1.30,1.30,1.16,0.00,1.00,1.00,2.00
28009,45.78,0.12,28.34,0.12,25.87,0.12,0.78,0.12,1.39,0.12,1.22,1.36,1.70,92.37,0.12,44.86,105.45,112.23,43.04,0.12,37.68,43.83,45.95,44.78,0.12,32.00,46.00,53.00,1.26,0.12,0.50,1.37,6.93,1.17,0.12,0.57,1.34,1.84,1.19,0.11,0.50,1.30,1.30,3.69,0.00,1.00,1.00,25.00
28012,52.00,0.00,25.85,0.00,22.15,0.00,0.42,0.00,1.43,0.00,1.35,1.38,1.70,95.89,0.00,63.88,108.92,112.23,42.30,0.00,37.68,43.82,44.86,43.00,0.00,32.00,45.00,47.00,1.60,0.00,1.02,1.38,6.93,1.33,0.00,1.10,1.34,1.67,1.29,0.00,1.30,1.30,1.30,9.21,0.00,1.00,1.00,46.00
28015,67.06,0.00,18.33,0.00,14.61,0.00,0.76,0.00,1.54,0.00,1.35,1.65,1.74,75.49,0.00,44.86,63.88,112.23,40.44,0.00,37.68,37.89,44.86,38.57,0.00,32.00,34.00,47.00,2.35,0.00,1.02,6.46,6.93,1.50,0.00,1.10,1.64,1.90,1.18,0.00,0.50,1.30,1.30,6.61,0.00,1.00,1.00,50.00
28018,42.02,0.00,33.67,0.00,24.30,0.00,1.42,0.00,1.35,0.00,1.22,1.38,1.47,93.17,0.00,46.68,108.31,112.23,43.63,0.00,40.22,43.82,44.86,46.22,0.00,41.00,45.00,50.00,1.37,0.00,1.02,1.38,2.97,1.36,0.00,1.10,1.37,1.65,1.10,0.00,0.50,1.30,1.30,1.20,0.00,1.00,1.00,2.00
28022,45.47,0.11,28.39,0.11,26.13,0.11,0.76,0.11,1.39,0.11,1.22,1.36,1.70,92.67,0.11,44.86,105.45,112.23,43.08,0.11,37.68,43.97,45.95,44.84,0.11,32.00,46.00,52.00,1.24,0.11,0.50,1.37,6.93,1.16,0.11,0.57,1.34,1.85,1.19,0.10,0.50,1.30,1.30,4.64,0.00,1.00,1.00,38.00
28023,44.48,0.00,32.19,0.00,23.33,0.00,1.10,0.00,1.38,0.00,1.25,1.39,1.55,51.79,0.00,43.10,44.86,74.06,43.32,0.00,39.80,43.63,44.08,44.48,0.00,38.00,44.00,49.00,1.49,0.00,1.34,1.43,3.90,1.54,0.00,1.37,1.51,1.93,0.56,0.00,0.30,0.50,0.70,1.04,0.00,1.00,1.00,1.00
28024,28.40,0.00,29.92,0.00,41.67,0.00,0.58,0.00,1.29,0.00,1.22,1.23,1.36,99.07,0.00,78.22,105.45,112.23,44.92,0.00,44.10,45.12,46.04,49.59,0.00,46.00,52.00,53.00,0.68,0.00,0.50,0.54,1.21,0.72,0.00,0.49,0.60,1.26,1.27,0.00,1.30,1.30,1.30,1.20,0.00,1.00,1.00,2.00
28026,36.40,0.00,29.58,0.00,34.02,0.00,0.55,0.00,1.34,0.00,1.22,1.36,1.47,99.42,0.00,57.53,105.45,112.23,44.07,0.00,40.22,44.10,46.04,47.28,0.00,41.00,46.00,53.00,0.90,0.00,0.50,1.21,2.97,0.89,0.00,0.49,1.26,1.57,1.27,0.00,0.70,1.30,1.30,1.28,0.00,1.00,1.00,3.00
28031,40.45,0.00,33.85,0.00,25.70,0.00,2.53,0.00,1.27,0.00,1.17,1.36,1.39,100.36,0.00,44.86,108.31,108.92,43.81,0.00,43.15,43.82,44.08,48.59,0.00,44.00,46.00,50.00,1.32,0.00,1.21,1.37,1.43,1.43,0.00,1.34,1.39,1.93,1.13,0.00,0.50,1.30,1.30,1.05,0.00,1.00,1.00,2.00
28033,43.18,0.00,33.93,0.00,22.89,0.00,2.54,0.00,1.23,0.00,0.43,1.22,1.55,97.91,0.00,36.11,108.31,108.31,43.52,0.00,39.80,44.08,44.08,49.47,0.00,38.00,50.00,50.00,1.40,0.00,1.21,1.21,3.90,1.48,0.00,1.39,1.39,1.96,1.11,0.00,0.50,1.30,1.30,1.00,0.00,1.00,1.00,1.00
28039,44.09,0.00,30.60,0.00,25.31,0.00,0.44,0.00,1.39,0.00,1.35,1.36,1.53,102.43,0.00,46.68,110.92,112.23,43.30,0.00,39.88,44.10,44.86,44.88,0.00,39.00,46.00,47.00,1.36,0.00,1.02,1.21,3.67,1.29,0.00,1.10,1.26,1.84,1.27,0.00,0.70,1.30,1.30,1.00,0.00,1.00,1.00,1.00
28040,38.43,0.00,35.63,0.00,25.93,0.00,0.50,0.00,1.37,0.00,1.35,1.36,1.47,106.67,0.00,82.82,110.92,112.23,44.08,0.00,40.22,44.10,44.86,45.74,0.00,41.00,46.00,47.00,1.21,0.00,1.02,1.21,2.97,1.22,0.00,1.10,1.26,1.57,1.27,0.00,1.30,1.30,1.30,1.44,0.00,1.00,1.00,2.00
28043,56.58,1.74,24.54,1.74,18.88,1.74,3.71,1.74,1.38,1.74,0.28,1.41,1.73,78.56,1.74,34.39,57.39,235.65,41.77,1.74,38.07,43.55,45.57,44.37,1.74,32.00,44.00,81.00,1.76,1.74,1.02,1.57,6.73,1.53,1.74,1.10,1.70,3.13,0.78,1.74,0.30,0.70,1.30,1.05,0.00,1.00,1.00,1.00
28044,49.13,0.00,30.24,0.00,20.62,0.00,0.63,0.00,1.44,0.00,1.35,1.39,1.70,58.36,0.00,44.86,44.86,112.23,42.76,0.00,37.68,43.73,44.86,42.33,0.00,32.00,44.00,47.00,1.58,0.00,1.02,1.43,6.93,1.51,0.00,1.10,1.58,1.90,0.77,0.00,0.50,0.50,1.30,1.19,0.00,1.00,1.00,2.00
28046,42.00,0.00,32.02,0.00,25.98,0.00,1.02,0.00,1.33,0.00,1.22,1.36,1.39,71.23,0.00,43.42,58.29,108.92,43.57,0.00,43.15,43.72,44.08,46.44,0.00,44.00,46.00,50.00,1.37,0.00,1.21,1.37,1.57,1.44,0.00,1.34,1.39,1.69,0.83,0.00,0.50,0.70,1.30,1.06,0.00,1.00,1.00,2.00
28048,41.37,0.00,34.63,0.00,24.00,0.00,0.61,0.00,1.39,0.00,1.35,1.38,1.55,98.25,0.00,36.11,108.92,112.23,43.74,0.00,39.80,43.82,44.86,44.86,0.00,38.00,45.00,47.00,1.33,0.00,1.02,1.38,3.90,1.30,0.00,1.10,1.34,1.70,1.18,0.00,0.50,1.30,1.30,1.08,0.00,1.00,1.00,2.00
28050,48.63,0.00,28.29,0.00,23.08,0.00,1.45,0.00,1.40,0.00,1.23,1.39,1.70,71.59,0.00,44.86,63.19,112.23,42.74,0.00,37.68,43.73,45.95,43.96,0.00,32.00,44.00,52.00,1.42,0.00,0.50,1.43,6.93,1.37,0.00,0.57,1.58,1.90,0.91,0.00,0.50,1.30,1.30,22.07,0.00,1.00,20.00,50.00
28052,54.26,0.00,24.40,0.00,21.34,0.00,0.41,0.00,1.45,0.00,1.35,1.36,1.70,94.18,0.00,63.88,110.92,112.23,42.01,0.00,37.68,44.10,44.86,42.40,0.00,32.00,46.00,47.00,1.67,0.00,1.02,1.21,6.93,1.35,0.00,1.10,1.26,1.67,1.30,0.00,1.30,1.30,1.30,7.49,0.00,1.00,1.00,30.00
28055,41.55,0.00,34.18,0.00,24.27,0.00,0.68,0.00,1.39,0.00,1.25,1.38,1.47,91.21,0.00,41.19,108.92,112.23,43.70,0.00,39.83,43.82,44.86,44.93,0.00,38.19,45.00,49.00,1.31,0.00,1.02,1.38,2.88,1.29,0.00,1.10,1.34,1.93,1.10,0.00,0.50,1.30,1.30,0.96,0.00,1.00,1.00,1.00
28056,41.02,0.00,29.43,0.00,29.54,0.00,0.47,0.00,1.36,0.00,1.23,1.36,1.47,100.12,0.00,75.37,110.92,112.23,43.58,0.00,40.22,44.10,46.04,45.98,0.00,41.00,46.00,52.00,1.11,0.00,0.50,1.21,2.97,1.09,0.00,0.60,1.26,1.57,1.30,0.00,1.30,1.30,1.30,1.11,0.00,1.00,1.00,2.00
28060,68.15,0.00,17.45,0.00,14.39,0.00,0.42,0.00,1.55,0.00,1.35,1.53,1.70,79.03,0.00,46.68,63.88,112.23,40.29,0.00,37.68,39.88,44.86,38.25,0.00,32.00,39.00,47.00,2.46,0.00,1.02,3.67,6.93,1.50,0.00,1.10,1.67,1.90,1.24,0.00,0.70,1.30,1.30,1.08,0.00,1.00,1.00,2.00
28066,60.05,0.00,20.10,0.00,19.85,0.00,0.39,0.00,1.47,0.00,1.35,1.47,1.70,89.46,0.00,63.88,82.82,112.23,41.24,0.00,37.68,40.22,44.86,41.29,0.00,32.00,41.00,47.00,2.02,0.00,1.02,2.97,6.93,1.43,0.00,1.10,1.57,1.67,1.30,0.00,1.30,1.30,1.30,1.11,0.00,1.00,1.00,2.00
28067,47.55,0.51,29.66,0.51,22.79,0.51,1.60,0.51,1.39,0.51,1.23,1.38,1.73,78.52,0.51,36.11,58.29,112.23,42.90,0.51,38.14,43.73,45.57,44.54,0.51,32.00,45.00,52.00,1.45,0.51,1.02,1.38,6.47,1.39,0.51,1.10,1.42,2.06,0.89,0.51,0.30,0.70,1.30,1.50,0.00,1.00,1.00,2.00
28072,55.31,0.00,25.11,0.00,19.57,0.00,0.42,0.00,1.48,0.00,1.35,1.36,1.70,93.09,0.00,63.19,110.92,112.23,41.92,0.00,37.68,44.10,44.86,41.31,0.00,32.00,46.00,47.00,1.66,0.00,1.02,1.21,6.93,1.35,0.00,1.10,1.26,1.80,1.28,0.00,1.30,1.30,1.30,1.54,0.00,1.00,1.00,3.00
28074,32.01,0.00,29.82,0.00,38.17,0.00,0.55,0.00,1.31,0.00,1.22,1.35,1.47,99.29,0.00,81.38,105.45,112.23,44.54,0.00,40.22,44.86,46.04,48.55,0.00,41.00,47.00,53.00,0.77,0.00,0.50,1.02,2.97,0.79,0.00,0.49,1.10,1.57,1.28,0.00,1.30,1.30,1.30,1.44,0.00,1.00,1.00,3.00
28080,60.70,0.00,19.84,0.00,19.46,0.00,0.40,0.00,1.47,0.00,1.35,1.47,1.70,88.57,0.00,63.88,82.82,112.23,41.16,0.00,37.68,40.22,44.86,41.18,0.00,32.00,41.00,47.00,2.08,0.00,1.02,2.97,6.93,1.44,0.00,1.10,1.57,1.67,1.29,0.00,1.30,1.30,1.30,2.78,0.00,1.00,1.00,5.00
28081,68.25,0.00,14.65,0.00,17.10,0.00,0.37,0.00,1.51,0.00,1.35,1.47,1.70,81.77,0.00,63.19,82.82,112.23,40.18,0.00,37.68,40.22,44.86,39.63,0.00,32.00,41.00,47.00,2.74,0.00,1.02,2.97,6.93,1.53,0.00,1.10,1.57,1.90,1.29,0.00,1.30,1.30,1.30,8.45,0.00,1.00,1.00,48.00
28082,40.10,0.00,26.12,0.00,33.77,0.00,0.50,0.00,1.35,0.00,1.22,1.35,1.51,96.19,0.00,79.09,98.08,112.23,43.56,0.00,40.07,44.86,46.04,46.71,0.00,40.00,47.00,53.00,0.91,0.00,0.50,1.02,3.42,0.87,0.00,0.49,1.10,1.64,1.30,0.00,1.30,1.30,1.30,1.23,0.00,1.00,1.00,2.00
28085,48.35,0.57,29.17,0.57,22.48,0.57,1.73,0.57,1.39,0.57,1.22,1.38,1.73,75.12,0.57,36.11,58.29,112.23,42.80,0.57,38.14,43.65,45.57,44.44,0.57,32.00,45.00,52.00,1.47,0.57,0.52,1.38,6.47,1.40,0.57,0.62,1.47,2.06,0.84,0.57,0.30,0.70,1.30,1.12,0.00,1.00,1.00,2.00
28091,56.88,0.00,24.73,0.00,18.39,0.00,0.51,0.00,1.49,0.00,1.35,1.39,1.70,76.17,0.00,44.86,63.88,112.23,41.74,0.00,37.68,43.73,44.86,40.68,0.00,32.00,44.00,47.00,1.76,0.00,1.02,1.43,6.93,1.43,0.00,1.10,1.58,1.90,1.09,0.00,0.50,1.30,1.30,5.43,0.00,1.00,1.00,42.00
28093,31.32,0.00,29.07,0.00,39.61,0.00,0.56,0.00,1.30,0.00,1.22,1.24,1.47,98.18,0.00,81.38,103.09,112.23,44.59,0.00,40.22,45.12,46.04,48.87,0.00,41.00,51.00,53.00,0.73,0.00,0.50,0.65,2.97,0.76,0.00,0.49,0.74,1.57,1.28,0.00,1.30,1.30,1.30,1.26,0.00,1.00,1.00,3.00
28115,63.73,0.00,20.15,0.00,16.12,0.00,0.48,0.00,1.52,0.00,1.35,1.47,1.70,70.32,0.00,44.86,63.88,112.23,40.85,0.00,37.68,40.22,44.86,39.32,0.00,32.00,41.00,47.00,2.25,0.00,1.02,2.97,6.93,1.54,0.00,1.10,1.58,1.90,1.09,0.00,0.50,1.30,1.30,1.30,0.00,1.00,1.00,2.00
28116,76.63,0.00,12.19,0.00,11.18,0.00,0.41,0.00,1.61,0.00,1.36,1.70,1.74,71.26,0.00,44.86,63.88,110.92,39.21,0.00,37.68,37.78,44.10,35.95,0.00,32.00,32.00,46.00,3.28,0.00,1.21,6.80,6.93,1.54,0.00,1.26,1.67,1.90,1.26,0.00,0.50,1.30,1.30,1.18,0.00,1.00,1.00,2.00
28117,50.86,0.80,27.84,0.80,21.30,0.80,2.19,0.80,1.39,0.80,1.13,1.38,1.73,67.58,0.80,36.11,57.18,112.23,42.49,0.80,38.14,43.63,44.86,44.26,0.80,32.00,44.00,55.00,1.60,0.80,1.03,1.43,6.47,1.50,0.80,1.11,1.53,2.44,0.72,0.80,0.30,0.70,1.30,1.10,0.00,1.00,1.00,2.00
29002,46.13,0.00,33.51,0.00,20.36,0.00,1.02,0.00,1.43,0.00,1.35,1.39,1.70,67.75,0.00,44.86,48.17,112.23,43.19,0.00,37.68,44.10,44.86,42.54,0.00,32.00,44.00,47.00,1.48,0.00,1.02,1.34,6.93,1.31,0.00,1.10,1.26,1.67,0.79,0.00,0.30,0.50,1.30,9.16,0.00,1.00,1.00,45.00
29003,38.81,0.00,38.13,0.00,23.06,0.00,1.12,0.00,1.39,0.00,1.35,1.39,1.41,68.35,0.00,44.86,48.17,112.23,44.13,0.00,43.73,44.10,44.86,44.34,0.00,43.00,44.00,47.00,1.31,0.00,1.02,1.34,1.43,1.27,0.00,1.10,1.26,1.58,0.71,0.00,0.30,0.50,1.30,6.73,0.00,1.00,1.00,28.00
29005,45.85,0.00,28.02,0.00,26.13,0.00,0.77,0.00,1.41,0.00,1.23,1.36,1.71,99.27,0.00,63.30,110.92,112.23,43.02,0.00,37.68,44.10,45.95,44.24,0.00,32.00,46.00,52.00,1.17,0.00,0.50,1.21,6.82,1.07,0.00,0.57,1.25,1.67,1.27,0.00,1.30,1.30,1.30,16.20,0.00,1.00,1.00,50.00
29009,28.37,0.00,34.60,0.00,37.02,0.00,0.65,0.00,1.31,0.00,1.23,1.35,1.40,89.27,0.00,52.50,82.15,112.23,45.10,0.00,43.72,44.86,46.04,48.61,0.00,44.00,47.00,52.00,0.73,0.00,0.50,1.02,1.47,0.86,0.00,0.60,1.10,1.92,1.14,0.00,0.30,1.30,1.30,27.05,0.00,1.00,50.00,50.00
30001,33.16,0.00,30.25,0.00,36.60,0.00,0.70,0.00,1.32,0.00,1.22,1.35,1.55,85.65,0.00,35.13,82.15,112.23,44.44,0.00,39.10,44.86,46.04,47.96,0.00,38.00,47.00,53.00,0.79,0.00,0.50,1.02,4.42,0.86,0.00,0.49,1.10,2.14,1.08,0.00,0.30,1.30,1.30,4.44,0.00,1.00,1.00,46.00
30004,81.91,0.00,9.40,0.00,8.69,0.00,0.42,0.00,1.63,0.00,1.51,1.70,1.70,64.99,0.00,34.18,63.88,79.09,38.55,0.00,37.68,37.68,40.10,34.95,0.00,32.00,32.00,40.00,5.10,0.00,3.42,6.93,6.93,1.72,0.00,1.64,1.67,2.05,1.20,0.00,0.50,1.30,1.30,3.23,0.00,1.00,1.00,17.00
30005,28.37,0.00,29.24,0.00,42.39,0.00,0.77,0.00,1.28,0.00,1.22,1.26,1.40,79.50,0.00,52.50,81.38,98.08,44.90,0.00,43.72,45.12,46.04,49.73,0.00,44.00,51.00,53.00,0.69,0.00,0.50,0.65,1.47,0.76,0.00,0.49,0.80,1.92,1.07,0.00,0.30,1.30,1.30,1.13,0.00,1.00,1.00,2.00
30011,49.56,0.00,24.49,0.00,25.94,0.00,0.67,0.00,1.42,0.00,1.23,1.41,1.65,84.29,0.00,48.17,91.03,112.23,42.50,0.00,37.78,44.10,46.04,43.29,0.00,34.00,43.00,52.00,1.15,0.00,0.50,1.34,6.46,1.05,0.00,0.57,1.26,1.90,1.15,0.00,0.30,1.30,1.30,8.76,0.00,1.00,1.00,50.00
30012,45.18,0.00,29.58,0.00,25.23,0.00,0.51,0.00,1.40,0.00,1.23,1.36,1.55,90.47,0.00,34.18,105.45,112.23,43.15,0.00,39.05,44.10,44.86,44.42,0.00,38.00,46.00,51.00,1.29,0.00,0.55,1.21,3.98,1.23,0.00,0.57,1.26,2.05,1.14,0.00,0.50,1.30,1.30,6.70,0.00,1.00,1.00,45.00
30014,23.38,0.00,28.16,0.00,48.46,0.00,0.68,0.00,1.25,0.00,1.22,1.23,1.38,90.35,0.00,82.15,97.33,107.46,45.39,0.00,43.74,45.12,46.04,51.33,0.00,45.00,52.00,53.00,0.57,0.00,0.50,0.54,1.39,0.60,0.00,0.49,0.60,1.36,1.28,0.00,1.30,1.30,1.30,8.08,0.00,1.00,1.00,38.00
30015,30.14,0.00,31.36,0.00,38.50,0.00,0.82,0.00,1.30,0.00,1.23,1.26,1.40,72.54,0.00,52.50,81.38,82.15,44.79,0.00,43.72,45.21,46.01,48.83,0.00,44.00,51.00,52.00,0.77,0.00,0.50,0.65,1.47,0.97,0.00,0.60,0.80,1.92,0.99,0.00,0.30,1.30,1.30,1.08,0.00,1.00,1.00,2.00
3003,45.49,3.71,22.88,3.71,31.62,3.71,12.86,3.71,0.98,3.71,0.28,1.14,1.65,126.62,3.71,33.89,97.81,235.65,42.87,3.71,38.04,43.60,45.75,58.08,3.71,33.00,55.00,81.00,0.96,3.71,0.52,1.15,6.21,1.12,3.71,0.53,2.10,3.13,1.04,3.23,0.30,1.30,1.30,1.01,0.00,0.00,1.00,1.00
31002,26.75,0.00,31.06,0.00,42.20,0.00,0.73,0.00,1.28,0.00,1.22,1.23,1.40,81.41,0.00,52.50,82.15,110.92,45.14,0.00,43.72,45.33,46.04,49.62,0.00,44.00,52.00,53.00,0.65,0.00,0.50,0.54,1.47,0.75,0.00,0.49,0.60,1.92,1.07,0.00,0.30,1.30,1.30,5.10,0.00,1.00,1.00,50.00
31006,30.25,6.03,32.08,6.03,37.67,6.03,0.72,6.03,1.31,6.03,1.22,1.35,NaN,83.40,6.03,52.50,82.15,NaN,44.81,6.03,43.72,45.12,NaN,48.44,6.03,44.00,51.00,NaN,0.74,6.03,0.50,1.02,NaN,0.85,6.03,0.49,1.10,NaN,1.02,6.03,0.30,1.30,NaN,1.14,0.00,1.00,1.00,2.00
31010,40.28,0.00,28.85,0.00,30.88,0.00,0.65,0.00,1.37,0.00,1.23,1.36,1.55,77.78,0.00,35.13,82.53,112.23,43.64,0.00,39.10,44.10,46.04,45.87,0.00,38.00,46.00,52.00,0.95,0.00,0.50,1.21,4.42,1.02,0.00,0.57,1.26,2.27,0.93,0.00,0.30,1.30,1.30,1.04,0.00,1.00,1.00,1.00
31021,26.99,0.00,32.48,0.00,40.52,0.00,0.56,0.00,1.29,0.00,1.22,1.23,1.36,104.03,0.00,82.15,105.45,112.23,45.17,0.00,44.10,45.12,46.04,49.43,0.00,46.00,52.00,53.00,0.69,0.00,0.50,0.54,1.21,0.75,0.00,0.49,0.60,1.26,1.30,0.00,1.30,1.30,1.30,1.19,0.00,1.00,1.00,2.00
31023,22.02,0.00,26.66,0.00,51.31,0.00,0.66,0.00,1.24,0.00,1.22,1.23,1.26,94.05,0.00,56.43,98.08,105.45,45.47,0.00,45.12,45.17,46.01,52.02,0.00,44.95,52.00,53.00,0.54,0.00,NaN,0.54,0.64,0.57,0.00,0.49,0.57,0.77,1.26,0.00,1.30,1.30,1.30,1.00,0.00,1.00,1.00,1.00
31025,30.35,0.00,30.47,0.00,39.18,0.00,0.53,0.00,1.30,0.00,1.22,1.35,1.36,106.37,0.00,98.08,110.92,112.23,44.74,0.00,44.10,44.86,45.95,49.06,0.00,46.00,47.00,53.00,0.76,0.00,0.50,1.02,1.21,0.76,0.00,0.49,1.10,1.26,1.30,0.00,1.30,1.30,1.30,1.00,0.00,1.00,1.00,1.00
32003,22.76,0.00,28.02,0.00,49.22,0.00,0.66,0.00,1.24,0.00,1.22,1.23,1.35,88.85,0.00,75.37,82.15,110.92,45.44,0.00,44.35,45.95,46.04,51.41,0.00,47.00,52.00,53.00,0.57,0.00,0.50,0.50,1.02,0.62,0.00,0.49,0.60,1.13,1.29,0.00,1.30,1.30,1.30,1.10,0.00,1.00,1.00,2.00
32004,36.99,0.00,27.20,0.00,35.81,0.00,0.61,0.00,1.34,0.00,1.23,1.35,1.55,76.58,0.00,35.13,82.15,112.23,43.92,0.00,39.10,44.62,46.04,47.13,0.00,38.00,47.00,52.00,0.82,0.00,0.50,1.02,4.42,0.86,0.00,0.56,1.10,2.27,1.03,0.00,0.50,1.30,1.30,1.12,0.00,1.00,1.00,2.00
32006,33.36,0.00,33.92,0.00,32.72,0.00,0.50,0.00,1.33,0.00,1.23,1.35,1.46,106.23,0.00,82.15,110.92,112.23,44.55,0.00,40.21,44.86,46.04,47.41,0.00,41.00,47.00,52.00,0.90,0.00,0.50,1.02,2.85,0.97,0.00,0.57,1.10,1.53,1.30,0.00,1.30,1.30,1.30,1.08,0.00,1.00,1.00,2.00
32008,37.52,0.00,34.31,0.00,28.16,0.00,0.45,0.00,1.36,0.00,1.35,1.35,1.46,109.62,0.00,95.00,110.92,112.23,44.13,0.00,40.21,44.86,44.86,46.20,0.00,41.00,47.00,47.00,1.11,0.00,1.02,1.02,2.85,1.15,0.00,1.10,1.10,1.53,1.30,0.00,1.30,1.30,1.30,1.04,0.00,1.00,1.00,1.00
33006,65.66,0.00,18.92,0.00,15.41,0.00,0.80,0.00,1.50,0.00,1.35,1.46,1.70,83.30,0.00,63.19,68.44,112.23,40.61,0.00,37.68,39.41,44.86,39.82,0.00,32.00,41.00,47.00,2.27,0.00,1.02,4.63,6.93,1.53,0.00,1.10,1.53,2.81,1.25,0.00,0.70,1.30,1.30,4.88,0.00,1.00,1.00,29.00
33007,65.92,0.00,17.99,0.00,16.09,0.00,0.50,0.00,1.50,0.00,1.35,1.50,1.70,80.92,0.00,34.18,91.03,112.23,40.54,0.00,37.68,39.41,44.86,39.80,0.00,32.00,39.00,47.00,2.38,0.00,1.02,3.78,6.93,1.59,0.00,1.10,1.67,2.81,1.20,0.00,0.50,1.30,1.30,5.38,0.00,1.00,1.00,50.00
33012,24.81,0.00,27.85,0.00,47.34,0.00,0.65,0.00,1.25,0.00,1.23,1.24,1.35,88.54,0.00,40.97,82.15,112.23,45.22,0.00,44.35,45.24,46.04,50.76,0.00,47.00,51.00,52.00,0.61,0.00,0.50,0.62,1.02,0.71,0.00,0.56,0.60,1.15,1.24,0.00,0.50,1.30,1.30,2.64,0.00,1.00,1.00,4.00
33013,52.20,0.00,24.27,0.00,23.53,0.00,0.62,0.00,1.42,0.00,1.23,1.37,1.74,86.16,0.00,41.19,95.00,112.23,42.22,0.00,37.68,43.83,46.04,43.18,0.00,32.00,45.00,52.00,1.35,0.00,0.50,1.34,6.93,1.21,0.00,0.60,1.34,2.48,1.23,0.00,0.50,1.30,1.30,2.45,0.00,1.00,1.00,4.00
33014,58.39,0.00,18.07,0.00,23.54,0.00,0.60,0.00,1.46,0.00,1.23,1.41,1.74,77.60,0.00,63.19,79.82,110.92,41.34,0.00,37.68,39.41,46.04,41.89,0.00,32.00,42.00,52.00,1.29,0.00,0.50,3.78,6.93,1.09,0.00,0.56,1.36,2.48,1.24,0.00,0.70,1.30,1.30,4.06,0.00,1.00,1.00,26.00
33018,25.72,0.00,30.33,0.00,43.95,0.00,0.63,0.00,1.27,0.00,1.22,1.24,1.36,90.98,0.00,40.97,98.08,112.23,45.22,0.00,44.10,45.12,46.04,50.13,0.00,46.00,51.00,53.00,0.64,0.00,0.50,0.62,1.21,0.73,0.00,0.49,0.60,1.26,1.22,0.00,0.50,1.30,1.30,1.09,0.00,1.00,1.00,2.00
33019,55.83,0.00,24.62,0.00,19.55,0.00,0.80,0.00,1.46,0.00,1.35,1.36,1.70,93.46,0.00,63.19,110.92,112.23,41.85,0.00,37.68,44.10,44.86,41.98,0.00,32.00,46.00,47.00,1.67,0.00,1.02,1.21,6.93,1.37,0.00,1.10,1.26,1.90,1.28,0.00,1.30,1.30,1.30,5.96,0.00,1.00,1.00,40.00
33020,24.25,0.07,28.72,0.07,47.03,0.07,0.65,0.07,1.25,0.07,1.23,1.24,1.35,88.05,0.07,40.97,82.15,110.92,45.31,0.07,44.35,45.33,46.04,50.81,0.07,47.00,51.00,52.00,0.60,0.07,0.50,0.62,1.02,0.70,0.07,0.60,0.60,1.15,1.26,0.07,0.50,1.30,1.30,8.38,0.00,1.00,1.00,50.00
33021,58.31,0.00,17.72,0.00,23.97,0.00,0.73,0.00,1.43,0.00,1.23,1.52,1.55,64.44,0.00,34.18,81.38,106.08,41.33,0.00,39.05,39.68,46.04,42.79,0.00,38.00,38.00,52.00,1.41,0.00,0.50,3.93,4.63,1.27,0.00,0.60,1.85,2.48,0.91,0.00,0.50,1.30,1.30,14.35,0.00,1.00,1.00,50.00
33022,42.78,0.00,24.18,0.00,33.04,0.00,0.62,0.00,1.36,0.00,1.23,1.35,1.70,83.60,0.00,34.18,82.15,110.92,43.20,0.00,37.68,44.35,46.04,45.95,0.00,32.00,47.00,52.00,0.91,0.00,0.50,1.21,6.93,0.93,0.00,0.57,1.11,2.48,1.19,0.00,0.50,1.30,1.30,2.55,0.00,1.00,1.00,3.00
33023,53.87,0.00,18.35,0.00,27.79,0.00,0.67,0.00,1.42,0.00,1.23,1.41,1.70,66.36,0.00,31.73,75.37,83.68,41.82,0.00,37.78,39.68,46.04,43.37,0.00,32.00,42.00,52.00,1.09,0.00,0.50,3.93,6.80,1.00,0.00,0.56,1.67,2.60,1.07,0.00,0.30,1.30,1.30,13.63,0.00,1.00,1.00,50.00
33024,46.62,0.00,21.66,0.00,31.72,0.00,0.76,0.00,1.37,0.00,1.23,1.27,1.65,66.37,0.00,34.18,81.38,106.08,42.70,0.00,38.17,44.35,46.04,45.51,0.00,34.00,50.00,52.00,0.93,0.00,0.50,0.75,6.03,0.93,0.00,0.56,0.81,2.48,1.00,0.00,0.50,1.30,1.30,4.13,0.00,1.00,1.00,50.00
33026,30.50,0.00,27.79,0.00,41.71,0.00,0.63,0.00,1.29,0.00,1.22,1.24,1.52,90.01,0.00,48.17,82.15,110.92,44.62,0.00,39.38,45.12,46.04,49.08,0.00,38.00,51.00,53.00,0.69,0.00,0.50,0.65,4.19,0.75,0.00,0.49,0.60,1.85,1.25,0.00,0.50,1.30,1.30,3.64,0.00,1.00,1.00,24.00
33028,39.23,0.00,24.79,0.00,35.98,0.00,0.56,0.00,1.36,0.00,1.22,1.25,1.70,87.63,0.00,63.19,82.15,112.23,43.60,0.00,37.68,44.86,46.04,46.46,0.00,32.00,50.00,53.00,0.79,0.00,0.50,0.65,6.93,0.81,0.00,0.49,0.81,1.67,1.27,0.00,1.30,1.30,1.30,1.25,0.00,1.00,1.00,3.00
33029,76.78,0.00,11.62,0.00,11.59,0.00,0.72,0.00,1.57,0.00,1.34,1.65,1.70,74.48,0.00,63.19,63.88,110.92,39.17,0.00,37.68,37.78,44.10,36.97,0.00,32.00,34.00,46.00,3.33,0.00,1.21,6.46,6.93,1.62,0.00,1.10,1.67,2.81,1.27,0.00,0.70,1.30,1.30,29.93,0.00,1.00,39.00,50.00
33031,27.47,0.00,28.47,0.00,44.06,0.00,0.61,0.00,1.28,0.00,1.22,1.23,1.49,91.50,0.00,63.88,82.15,112.23,44.97,0.00,38.95,45.83,46.04,49.82,0.00,37.02,52.00,53.00,0.63,0.00,0.50,0.54,3.19,0.69,0.00,0.49,0.60,1.60,1.29,0.00,1.30,1.30,1.30,1.30,0.00,1.00,1.00,3.00
33032,68.53,0.00,15.45,0.00,16.02,0.00,0.56,0.00,1.49,0.00,1.35,1.50,1.63,79.72,0.00,34.18,91.03,112.23,40.18,0.00,39.05,39.38,44.86,40.08,0.00,36.00,39.00,47.00,2.80,0.00,1.02,3.78,4.99,1.69,0.00,1.10,1.78,2.48,1.12,0.00,0.50,1.30,1.30,2.41,0.00,1.00,1.00,13.00
33033,48.43,0.00,23.45,0.00,28.12,0.00,0.77,0.00,1.37,0.00,1.23,1.35,1.55,77.64,0.00,34.18,82.15,106.08,42.58,0.00,39.05,43.28,46.04,45.11,0.00,38.00,46.00,52.00,1.16,0.00,0.50,1.29,4.63,1.12,0.00,0.60,1.18,2.48,1.08,0.00,0.50,1.30,1.30,1.15,0.00,1.00,1.00,2.00
33034,56.69,0.00,23.27,0.00,20.04,0.00,1.32,0.00,1.44,0.00,1.23,1.37,1.74,91.42,0.00,63.19,95.48,112.23,41.71,0.00,37.68,43.83,44.86,42.49,0.00,32.00,45.00,52.00,1.62,0.00,0.75,1.34,6.93,1.35,0.00,0.81,1.34,2.81,1.26,0.00,0.70,1.30,1.30,5.16,0.00,1.00,1.00,32.00
33035,57.02,0.00,20.32,0.00,22.66,0.00,3.33,0.00,1.36,0.00,0.24,1.37,1.70,88.19,0.00,34.18,82.15,221.88,41.56,0.00,37.68,40.63,46.04,45.15,0.00,32.00,44.00,85.00,1.45,0.00,0.50,2.57,6.93,1.29,0.00,0.60,1.67,3.77,1.16,0.00,0.50,1.30,1.30,18.97,0.00,1.00,1.00,50.00
33039,27.21,0.00,28.86,0.00,43.93,0.00,0.64,0.00,1.28,0.00,1.22,1.23,1.39,91.84,0.00,63.88,91.03,110.92,45.01,0.00,43.72,45.21,46.04,49.92,0.00,44.00,52.00,53.00,0.65,0.00,0.50,0.54,1.39,0.71,0.00,0.49,0.60,1.36,1.26,0.00,1.30,1.30,1.30,2.49,0.00,1.00,1.00,4.00
33053,51.61,0.00,20.39,0.00,28.00,0.00,0.76,0.00,1.39,0.00,1.23,1.41,1.55,65.36,0.00,34.18,81.38,89.02,42.13,0.00,39.05,39.68,46.04,44.43,0.00,38.00,42.00,52.00,1.12,0.00,0.50,3.93,4.63,1.06,0.00,0.56,1.85,2.48,0.99,0.00,0.50,1.30,1.30,3.43,0.00,1.00,1.00,28.00
33054,74.74,0.00,12.89,0.00,12.38,0.00,0.52,0.00,1.55,0.00,1.36,1.55,1.70,66.62,0.00,34.18,63.88,108.30,39.43,0.00,37.68,39.38,43.99,37.68,0.00,32.00,38.00,45.70,3.65,0.00,1.21,4.14,6.93,1.76,0.00,1.26,1.78,2.48,1.03,0.00,0.50,1.30,1.30,9.92,0.00,1.00,1.00,50.00
33058,27.13,0.00,29.67,0.00,43.19,0.00,0.71,0.00,1.28,0.00,1.22,1.23,1.41,90.57,0.00,40.97,98.08,112.23,45.05,0.00,43.73,45.21,46.04,49.66,0.00,43.00,52.00,53.00,0.65,0.00,0.50,0.54,1.43,0.71,0.00,0.49,0.60,1.57,1.18,0.00,0.30,1.30,1.30,1.37,0.00,1.00,1.00,3.00
34002,39.33,0.00,34.05,0.00,26.61,0.00,0.47,0.00,1.37,0.00,1.35,1.36,1.46,106.57,0.00,95.00,110.92,112.23,43.93,0.00,40.21,44.10,44.86,45.66,0.00,41.00,46.00,47.00,1.22,0.00,1.02,1.21,2.85,1.23,0.00,1.10,1.26,1.53,1.30,0.00,1.30,1.30,1.30,21.25,0.00,1.00,22.00,50.00
34003,49.95,0.00,26.59,0.00,23.45,0.00,0.42,0.00,1.42,0.00,1.34,1.36,1.63,101.29,0.00,82.29,110.92,112.23,42.54,0.00,39.16,44.10,44.86,43.48,0.00,36.00,46.00,47.00,1.53,0.00,1.02,1.21,4.99,1.34,0.00,1.10,1.26,1.78,1.30,0.00,1.30,1.30,1.30,13.82,0.00,1.00,2.00,50.00
34004,49.48,0.00,27.01,0.00,23.50,0.00,0.43,0.00,1.41,0.00,1.35,1.37,1.50,100.92,0.00,91.03,95.48,112.23,42.60,0.00,39.38,43.83,44.86,43.59,0.00,39.00,45.00,47.00,1.52,0.00,1.02,1.34,3.78,1.34,0.00,1.10,1.34,1.78,1.30,0.00,1.30,1.30,1.30,4.80,0.00,1.00,1.00,31.00
34005,41.77,0.00,32.44,0.00,25.78,0.00,0.46,0.00,1.38,0.00,1.35,1.36,1.50,104.63,0.00,91.03,110.92,112.23,43.61,0.00,39.38,44.10,44.86,45.15,0.00,39.00,46.00,47.00,1.28,0.00,1.02,1.21,3.78,1.25,0.00,1.10,1.26,1.53,1.30,0.00,1.30,1.30,1.30,1.52,0.00,1.00,1.00,3.00
34006,38.59,0.00,34.16,0.00,27.24,0.00,3.17,0.00,1.28,0.00,0.24,1.36,1.45,113.84,0.00,95.00,110.92,221.88,44.01,0.00,40.63,44.10,44.86,48.68,0.00,42.00,46.00,82.01,1.18,0.00,1.02,1.21,2.57,1.27,0.00,1.10,1.26,3.29,1.30,0.00,1.30,1.30,1.30,24.06,0.00,1.00,24.00,50.00
34007,38.13,0.00,35.28,0.00,26.59,0.00,0.78,0.00,1.36,0.00,1.35,1.37,1.37,103.38,0.00,95.48,95.48,112.23,44.10,0.00,43.83,43.83,44.86,45.98,0.00,45.00,45.00,47.00,1.21,0.00,1.02,1.34,1.34,1.25,0.00,1.10,1.34,1.34,1.30,0.00,1.30,1.30,1.30,35.59,0.00,1.00,45.00,50.00
34008,56.12,0.00,21.91,0.00,21.96,0.00,0.38,0.00,1.44,0.00,1.35,1.47,1.65,98.69,0.00,63.19,93.68,112.23,41.72,0.00,37.78,39.79,44.86,42.41,0.00,34.00,41.00,47.00,1.77,0.00,1.02,3.22,6.46,1.41,0.00,1.10,1.36,1.90,1.30,0.00,1.30,1.30,1.30,33.92,0.00,17.00,32.00,50.00
34010,38.47,0.00,33.33,0.00,28.20,0.00,4.19,0.00,1.25,0.00,0.24,1.35,1.46,119.72,0.00,95.00,112.23,221.88,43.99,0.00,40.21,44.10,45.83,50.07,0.00,41.00,47.00,85.00,1.13,0.00,0.56,1.11,2.85,1.24,0.00,0.74,1.26,3.77,1.30,0.00,1.30,1.30,1.30,4.04,0.00,1.00,1.00,24.00
34011,58.01,0.00,21.32,0.00,20.67,0.00,0.40,0.00,1.45,0.00,1.35,1.46,1.65,95.58,0.00,63.19,95.00,112.23,41.50,0.00,37.78,40.21,44.86,41.78,0.00,34.00,41.00,47.00,1.90,0.00,1.02,2.85,6.46,1.44,0.00,1.10,1.53,1.90,1.30,0.00,1.30,1.30,1.30,1.28,0.00,1.00,1.00,2.00
34012,66.80,0.00,16.56,0.00,16.64,0.00,0.56,0.00,1.48,0.00,1.35,1.50,1.61,77.88,0.00,34.18,91.03,112.23,40.40,0.00,39.05,39.38,44.86,40.33,0.00,34.47,39.00,47.00,2.62,0.00,1.02,3.78,4.91,1.68,0.00,1.10,1.78,2.48,1.08,0.00,0.50,1.30,1.30,4.54,0.00,1.00,1.00,24.00
35003,45.80,0.00,30.13,0.00,24.07,0.00,0.46,0.00,1.41,0.00,1.35,1.36,1.70,101.73,0.00,63.88,110.92,112.23,43.11,0.00,37.68,44.10,44.86,44.11,0.00,32.00,46.00,47.00,1.38,0.00,1.02,1.21,6.93,1.28,0.00,1.10,1.26,1.78,1.30,0.00,1.30,1.30,1.30,26.73,0.00,1.00,25.00,50.00
35008,37.20,0.00,29.60,0.00,33.19,0.00,0.56,0.00,1.34,0.00,1.23,1.36,1.50,95.14,0.00,82.15,95.48,112.23,43.99,0.00,39.38,44.10,46.04,46.76,0.00,39.00,46.00,52.00,0.92,0.00,0.50,1.21,3.78,0.97,0.00,0.60,1.26,1.78,1.30,0.00,1.30,1.30,1.30,15.75,0.00,1.00,1.00,50.00
36003,32.59,0.00,25.42,0.00,41.99,0.00,0.57,0.00,1.29,0.00,1.23,1.27,1.50,94.81,0.00,81.38,91.03,110.92,44.32,0.00,39.38,44.35,46.04,48.90,0.00,39.00,50.00,52.00,0.72,0.00,0.50,0.75,3.78,0.79,0.00,0.60,0.81,1.78,1.30,0.00,1.30,1.30,1.30,1.19,0.00,1.00,1.00,2.00
36006,28.96,0.00,26.59,0.00,44.45,0.00,0.63,0.00,1.28,0.00,1.23,1.24,1.50,86.81,0.00,75.37,82.15,106.08,44.74,0.00,39.38,45.21,46.04,49.72,0.00,39.00,51.00,52.00,0.65,0.00,0.50,0.65,3.78,0.71,0.00,0.56,0.60,1.78,1.30,0.00,1.30,1.30,1.30,1.79,0.00,1.00,1.00,7.00
36009,19.37,0.00,30.24,0.00,50.39,0.00,0.69,0.00,1.23,0.00,1.23,1.23,1.24,82.98,0.00,75.37,82.15,82.15,45.88,0.00,44.36,46.04,46.04,51.85,0.00,50.02,52.00,52.00,0.51,0.00,0.50,0.50,0.65,0.61,0.00,0.56,0.60,0.60,1.30,0.00,1.30,1.30,1.30,1.24,0.00,1.00,1.00,2.00
36010,20.63,0.00,29.15,0.00,50.22,0.00,0.70,0.00,1.24,0.00,1.23,1.23,1.26,82.67,0.00,75.37,82.15,93.03,45.71,0.00,44.35,46.04,46.04,51.70,0.00,50.00,52.00,52.00,0.53,0.00,0.50,0.50,0.70,0.61,0.00,0.56,0.60,0.80,1.30,0.00,1.30,1.30,1.30,1.04,0.00,1.00,1.00,1.00
36011,21.73,0.00,27.99,0.00,50.29,0.00,0.71,0.00,1.24,0.00,1.23,1.23,1.26,80.08,0.00,75.37,82.15,82.15,45.55,0.00,44.62,46.04,46.04,51.60,0.00,51.00,52.00,52.00,0.55,0.00,0.50,0.50,0.65,0.60,0.00,0.56,0.60,0.80,1.30,0.00,1.30,1.30,1.30,1.07,0.00,1.00,1.00,2.00
36012,21.79,0.00,28.50,0.00,49.71,0.00,0.69,0.00,1.24,0.00,1.23,1.23,1.27,84.10,0.00,75.37,82.15,106.08,45.56,0.00,44.35,46.04,46.04,51.53,0.00,50.00,52.00,52.00,0.55,0.00,0.50,0.50,0.75,0.63,0.00,0.56,0.60,0.81,1.30,0.00,1.30,1.30,1.30,1.04,0.00,1.00,1.00,1.00
37001,23.61,0.00,29.65,0.00,46.74,0.00,0.64,0.00,1.26,0.00,1.23,1.23,1.35,90.46,0.00,75.37,82.15,112.23,45.42,0.00,44.32,45.95,46.04,50.85,0.00,47.00,52.00,52.00,0.59,0.00,0.50,0.50,1.02,0.68,0.00,0.56,0.60,1.10,1.30,0.00,1.30,1.30,1.30,2.21,0.00,1.00,1.00,8.00
37003,43.03,0.00,22.41,0.00,34.56,0.00,0.52,0.00,1.36,0.00,1.23,1.27,1.65,89.15,0.00,68.44,91.03,112.23,43.11,0.00,37.89,44.62,46.04,46.01,0.00,34.00,50.00,52.00,0.86,0.00,0.50,0.75,6.46,0.88,0.00,0.60,0.81,1.78,1.30,0.00,1.30,1.30,1.30,1.79,0.00,1.00,1.00,2.00
37005,36.85,0.00,25.39,0.00,37.76,0.00,0.57,0.00,1.33,0.00,1.23,1.24,1.50,88.81,0.00,75.37,82.15,110.92,43.87,0.00,39.38,44.62,46.04,47.48,0.00,39.00,51.00,52.00,0.78,0.00,0.50,0.65,3.78,0.81,0.00,0.56,0.60,1.78,1.30,0.00,1.30,1.30,1.30,1.51,0.00,1.00,1.00,3.00
37008,33.98,0.00,26.31,0.00,39.71,0.00,0.58,0.00,1.31,0.00,1.23,1.24,1.50,89.33,0.00,75.37,82.15,112.23,44.20,0.00,39.38,44.86,46.04,48.22,0.00,39.00,51.00,52.00,0.73,0.00,0.50,0.65,3.78,0.78,0.00,0.56,0.60,1.78,1.30,0.00,1.30,1.30,1.30,1.24,0.00,1.00,1.00,2.00
37009,48.93,0.00,21.83,0.00,29.24,0.00,0.47,0.00,1.39,0.00,1.23,1.36,1.60,92.17,0.00,76.44,91.03,112.23,42.47,0.00,39.16,44.10,46.04,44.40,0.00,36.00,46.00,52.00,1.09,0.00,0.50,1.21,4.70,1.03,0.00,0.60,1.26,1.78,1.30,0.00,1.30,1.30,1.30,1.57,0.00,1.00,1.00,2.00
37010,33.37,0.00,26.35,0.00,40.28,0.00,0.60,0.00,1.31,0.00,1.23,1.24,1.50,88.56,0.00,75.37,82.15,110.92,44.27,0.00,39.38,44.86,46.04,48.35,0.00,39.00,51.00,52.00,0.71,0.00,0.50,0.65,3.78,0.77,0.00,0.56,0.60,1.78,1.30,0.00,1.30,1.30,1.30,2.24,0.00,1.00,1.00,3.00
37011,27.94,0.00,27.95,0.00,44.11,0.00,0.64,0.00,1.28,0.00,1.23,1.23,1.50,86.16,0.00,75.37,82.15,111.39,44.90,0.00,39.38,46.04,46.04,49.80,0.00,39.00,52.00,52.00,0.64,0.00,0.50,0.50,3.78,0.70,0.00,0.56,0.60,1.78,1.30,0.00,1.30,1.30,1.30,1.06,0.00,1.00,1.00,2.00
37018,26.12,0.00,33.54,0.00,40.33,0.00,0.55,0.00,1.29,0.00,1.23,1.23,1.36,107.97,0.00,105.45,105.45,112.23,45.30,0.00,44.10,45.95,45.95,49.45,0.00,46.00,52.00,52.00,0.67,0.00,0.50,0.50,1.21,0.76,0.00,0.57,0.57,1.26,1.30,0.00,1.30,1.30,1.30,3.17,0.00,1.00,1.00,22.00
37019,26.39,0.00,32.66,0.00,40.95,0.00,0.56,0.00,1.29,0.00,1.23,1.24,1.36,106.25,0.00,81.85,105.45,112.23,45.24,0.00,44.10,44.86,45.95,49.60,0.00,46.00,51.00,52.00,0.68,0.00,0.50,0.65,1.21,0.75,0.00,0.57,0.58,1.26,1.30,0.00,1.30,1.30,1.30,13.69,0.00,1.00,1.00,50.00
37020,29.87,0.00,27.81,0.00,42.32,0.00,0.61,0.00,1.29,0.00,1.23,1.23,1.50,87.68,0.00,75.37,82.15,112.23,44.69,0.00,39.38,46.04,46.04,49.22,0.00,39.00,52.00,52.00,0.66,0.00,0.50,0.50,3.78,0.73,0.00,0.56,0.60,1.78,1.30,0.00,1.30,1.30,1.30,1.06,0.00,1.00,1.00,2.00
37031,29.16,0.00,34.29,0.00,36.54,0.00,0.53,0.00,1.31,0.00,1.23,1.35,1.36,108.82,0.00,105.45,110.92,112.23,45.01,0.00,44.10,44.86,45.95,48.64,0.00,46.00,47.00,52.00,0.77,0.00,0.50,1.02,1.21,0.85,0.00,0.57,1.10,1.26,1.30,0.00,1.30,1.30,1.30,14.61,0.00,1.00,1.00,50.00
37033,34.29,0.00,37.00,0.00,28.70,0.00,0.46,0.00,1.35,0.00,1.35,1.35,1.36,111.42,0.00,110.92,112.23,112.23,44.57,0.00,44.10,44.86,44.86,46.75,0.00,46.00,47.00,47.00,1.05,0.00,1.02,1.02,1.21,1.12,0.00,1.10,1.10,1.26,1.30,0.00,1.30,1.30,1.30,4.48,0.00,1.00,1.00,20.00
38001,35.96,0.00,26.80,0.00,37.24,0.00,0.59,0.00,1.33,0.00,1.23,1.27,1.55,89.74,0.00,68.44,82.15,112.21,44.02,0.00,39.38,44.62,46.04,47.54,0.00,38.00,50.00,52.00,0.79,0.00,0.50,0.75,3.93,0.83,0.00,0.56,0.81,1.78,1.28,0.00,1.30,1.30,1.30,1.18,0.00,1.00,1.00,2.00
38003,45.72,0.00,26.72,0.00,27.56,0.00,0.48,0.00,1.38,0.00,1.24,1.35,1.55,98.51,0.00,75.37,99.12,122.16,42.99,0.00,39.38,43.28,44.86,44.78,0.00,38.00,46.00,51.00,1.33,0.00,0.65,1.29,3.93,1.19,0.00,0.59,1.18,1.85,1.28,0.00,1.30,1.30,1.30,1.04,0.00,1.00,1.00,1.00
38004,30.15,0.00,26.65,0.00,43.19,0.00,0.63,0.00,1.29,0.00,1.23,1.24,1.52,84.68,0.00,75.37,82.15,106.08,44.62,0.00,39.38,45.21,46.04,49.32,0.00,38.00,51.00,52.00,0.66,0.00,0.50,0.65,3.93,0.72,0.00,0.56,0.60,1.78,1.29,0.00,1.30,1.30,1.30,1.05,0.00,1.00,1.00,1.00
38007,23.84,0.00,28.21,0.00,47.95,0.00,0.67,0.00,1.25,0.00,1.23,1.24,1.27,86.77,0.00,75.37,82.15,106.08,45.34,0.00,44.35,45.21,46.04,51.08,0.00,50.00,51.00,52.00,0.59,0.00,0.50,0.65,0.75,0.67,0.00,0.56,0.60,0.81,1.30,0.00,1.30,1.30,1.30,1.10,0.00,1.00,1.00,2.00
38012,46.17,0.00,26.96,0.00,26.87,0.00,0.51,0.00,1.40,0.00,1.26,1.35,1.74,98.41,0.00,68.44,99.12,112.23,42.95,0.00,37.89,43.28,44.86,44.46,0.00,32.00,46.00,47.67,1.35,0.00,0.65,1.29,6.80,1.19,0.00,0.77,1.18,1.78,1.30,0.00,1.30,1.30,1.30,1.07,0.00,1.00,1.00,2.00
38014,28.37,0.00,31.69,0.00,39.94,0.00,0.55,0.00,1.29,0.00,1.23,1.27,1.36,106.92,0.00,99.12,105.45,112.23,44.99,0.00,43.28,44.86,45.95,49.09,0.00,46.00,47.57,52.00,0.71,0.00,0.50,1.02,1.29,0.78,0.00,0.57,0.79,1.26,1.30,0.00,1.30,1.30,1.30,5.98,0.00,1.00,1.00,50.00
38017,45.70,0.00,27.51,0.00,26.78,0.00,0.49,0.00,1.39,0.00,1.35,1.35,1.55,97.03,0.00,34.18,99.12,122.16,43.02,0.00,39.05,43.28,44.65,44.65,0.00,38.00,46.00,46.00,1.43,0.00,1.21,1.29,4.17,1.27,0.00,1.07,1.18,2.05,1.24,0.00,0.50,1.30,1.30,1.01,0.00,1.00,1.00,1.00
38018,43.75,0.00,26.60,0.00,29.64,0.00,0.63,0.00,1.37,0.00,1.23,1.35,1.55,90.78,0.00,44.86,99.12,112.23,43.19,0.00,39.05,44.10,45.95,45.19,0.00,38.00,46.00,52.00,1.09,0.00,0.50,1.29,4.19,1.03,0.00,0.57,1.18,1.85,1.17,0.00,0.30,1.30,1.30,1.18,0.00,1.00,1.00,2.00
38021,25.15,0.00,31.95,0.00,42.90,0.00,0.57,0.00,1.28,0.00,1.23,1.23,1.36,107.27,0.00,105.45,105.45,112.23,45.34,0.00,44.10,45.95,45.95,49.91,0.00,46.00,52.00,52.00,0.63,0.00,0.50,0.50,1.21,0.70,0.00,0.57,0.57,1.26,1.30,0.00,1.30,1.30,1.30,1.96,0.00,1.00,1.00,2.00
38026,21.19,0.00,28.96,0.00,49.85,0.00,0.67,0.00,1.24,0.00,1.23,1.23,1.27,86.03,0.00,75.37,82.15,106.08,45.65,0.00,44.35,46.04,46.04,51.58,0.00,50.00,52.00,52.00,0.54,0.00,0.50,0.50,0.75,0.63,0.00,0.56,0.60,0.81,1.30,0.00,1.30,1.30,1.30,1.08,0.00,1.00,1.00,2.00
38029,25.80,0.00,27.83,0.00,46.37,0.00,0.66,0.00,1.27,0.00,1.23,1.23,1.59,83.05,0.00,75.37,82.15,106.08,45.12,0.00,38.62,46.04,46.04,50.33,0.00,34.92,52.00,52.00,0.59,0.00,0.50,0.50,4.50,0.66,0.00,0.56,0.60,1.36,1.29,0.00,1.30,1.30,1.30,1.03,0.00,1.00,1.00,1.00
38030,35.37,0.00,27.19,0.00,37.44,0.00,0.59,0.00,1.32,0.00,1.23,1.26,1.50,89.70,0.00,75.37,82.15,112.23,44.09,0.00,39.38,44.64,46.04,47.67,0.00,39.00,51.00,52.00,0.79,0.00,0.50,0.65,3.78,0.83,0.00,0.56,0.80,1.78,1.30,0.00,1.30,1.30,1.30,1.04,0.00,1.00,1.00,1.00
39001,39.49,0.00,30.20,0.00,30.30,0.00,0.68,0.00,1.37,0.00,1.23,1.36,1.71,90.05,0.00,47.83,99.12,112.23,43.77,0.00,38.22,44.10,46.04,45.76,0.00,33.00,46.00,52.00,0.99,0.00,0.50,1.23,6.27,1.00,0.00,0.57,1.18,1.92,1.13,0.00,0.30,1.30,1.30,3.88,0.00,1.00,1.00,34.00
39002,35.33,0.00,31.39,0.00,33.27,0.00,0.71,0.00,1.34,0.00,1.23,1.36,1.55,82.53,0.00,44.86,82.15,112.23,44.25,0.00,39.10,44.35,46.04,46.90,0.00,38.00,46.00,52.00,0.86,0.00,0.50,1.21,4.42,0.96,0.00,0.57,1.11,2.02,1.00,0.00,0.30,1.30,1.30,3.41,0.00,1.00,1.00,13.00
39004,43.46,0.00,28.58,0.00,27.96,0.00,0.54,0.00,1.38,0.00,1.34,1.35,1.70,100.14,0.00,68.44,99.12,112.23,43.30,0.00,38.22,43.28,44.86,45.11,0.00,33.00,46.00,47.00,1.29,0.00,1.02,1.29,6.27,1.18,0.00,1.07,1.18,1.36,1.29,0.00,1.30,1.30,1.30,1.01,0.00,1.00,1.00,1.00
39005,61.53,0.00,20.89,0.00,17.58,0.00,0.80,0.00,1.53,0.00,1.35,1.36,1.74,90.82,0.00,68.44,99.12,112.23,41.11,0.00,37.89,43.28,44.86,39.75,0.00,32.00,46.00,47.00,1.96,0.00,1.02,1.29,6.80,1.21,0.00,1.10,1.25,1.27,1.30,0.00,1.30,1.30,1.30,16.24,0.00,1.00,1.00,50.00
39006,37.30,0.00,35.36,0.00,27.34,0.00,0.95,0.00,1.37,0.00,1.23,1.40,1.41,63.51,0.00,48.17,52.50,110.92,44.19,0.00,43.48,43.72,46.04,45.55,0.00,43.00,44.00,52.00,1.08,0.00,0.50,1.47,1.58,1.30,0.00,0.57,1.92,2.02,0.57,0.00,0.30,0.30,1.30,1.20,0.00,1.00,1.00,2.00
39007,45.77,0.00,28.69,0.00,25.53,0.00,0.84,0.00,1.43,0.00,1.23,1.36,1.74,90.22,0.00,44.86,103.09,112.23,43.05,0.00,37.89,44.10,45.95,43.48,0.00,32.00,46.00,52.00,1.10,0.00,0.50,1.23,6.80,0.99,0.00,0.57,1.17,1.58,1.17,0.00,0.30,1.30,1.30,1.26,0.00,1.00,1.00,2.00
39008,34.28,0.00,32.31,0.00,33.41,0.00,0.77,0.00,1.34,0.00,1.23,1.37,1.42,80.83,0.00,50.27,82.15,112.23,44.39,0.00,43.48,44.10,46.04,47.03,0.00,43.00,45.00,52.00,0.86,0.00,0.50,1.34,1.60,0.98,0.00,0.57,1.26,1.92,0.94,0.00,0.30,1.30,1.30,1.93,0.00,1.00,1.00,2.00
39010,42.07,0.00,27.36,0.00,30.57,0.00,0.52,0.00,1.36,0.00,1.23,1.35,1.50,100.29,0.00,82.29,99.12,112.23,43.40,0.00,39.38,43.28,45.95,45.77,0.00,39.00,46.00,52.00,1.12,0.00,0.50,1.29,3.78,1.07,0.00,0.57,1.18,1.78,1.29,0.00,1.30,1.30,1.30,1.16,0.00,1.00,1.00,2.00
39011,54.30,0.00,24.22,0.00,21.47,0.00,0.68,0.00,1.47,0.00,1.23,1.36,1.74,88.05,0.00,48.17,99.12,112.23,41.99,0.00,37.68,43.28,45.95,41.67,0.00,32.00,46.00,52.00,1.52,0.00,0.50,1.34,6.93,1.16,0.00,0.57,1.26,1.67,1.23,0.00,0.50,1.30,1.30,1.16,0.00,1.00,1.00,2.00
39012,54.99,0.00,24.11,0.00,20.89,0.00,0.79,0.00,1.48,0.00,1.31,1.36,1.74,88.33,0.00,48.17,95.85,112.23,41.92,0.00,37.89,43.28,44.86,41.56,0.00,32.00,46.00,47.00,1.63,0.00,1.02,1.34,6.80,1.18,0.00,1.10,1.25,1.42,1.22,0.00,0.30,1.30,1.30,7.30,0.00,1.00,1.00,45.00
39014,41.82,0.00,28.43,0.00,29.75,0.00,0.49,0.00,1.36,0.00,1.23,1.35,1.50,102.23,0.00,91.03,99.12,122.16,43.46,0.00,39.38,43.28,45.12,45.72,0.00,39.00,46.00,52.00,1.22,0.00,0.54,1.29,3.78,1.12,0.00,0.60,1.18,1.36,1.30,0.00,1.30,1.30,1.30,1.07,0.00,1.00,1.00,2.00
39015,38.79,0.00,37.17,0.00,24.04,0.00,1.16,0.00,1.38,0.00,1.35,1.39,1.41,67.14,0.00,44.86,48.17,110.92,44.10,0.00,43.28,44.10,44.54,44.46,0.00,43.00,44.00,46.00,1.28,0.00,1.21,1.34,1.43,1.23,0.00,1.11,1.24,1.58,0.72,0.00,0.30,0.50,1.30,1.02,0.00,1.00,1.00,1.00
39016,39.22,0.00,32.80,0.00,27.98,0.00,0.75,0.00,1.37,0.00,1.23,1.36,1.47,90.64,0.00,44.86,99.12,112.23,43.90,0.00,39.79,44.10,45.95,45.50,0.00,41.00,46.00,52.00,1.14,0.00,0.50,1.29,3.22,1.11,0.00,0.57,1.18,1.58,1.08,0.00,0.30,1.30,1.30,1.10,0.00,1.00,1.00,2.00
39017,24.54,0.00,31.26,0.00,44.20,0.00,0.58,0.00,1.27,0.00,1.22,1.23,1.36,104.20,0.00,82.15,105.45,112.23,45.38,0.00,44.10,45.95,46.04,50.31,0.00,46.00,52.00,53.00,0.62,0.00,0.50,0.50,1.21,0.67,0.00,0.49,0.57,1.26,1.30,0.00,1.30,1.30,1.30,1.14,0.00,1.00,1.00,2.00
39019,40.21,0.00,33.54,0.00,26.25,0.00,0.75,0.00,1.37,0.00,1.35,1.36,1.42,88.26,0.00,44.86,99.12,122.16,43.82,0.00,43.28,43.74,44.65,45.10,0.00,43.00,46.00,46.00,1.31,0.00,1.21,1.29,1.43,1.24,0.00,1.07,1.18,1.58,1.04,0.00,0.30,1.30,1.30,1.00,0.00,1.00,1.00,1.00
39020,39.81,0.00,35.61,0.00,24.59,0.00,0.99,0.00,1.38,0.00,1.23,1.40,1.41,55.28,0.00,48.17,52.50,82.15,43.94,0.00,43.48,43.72,45.95,44.78,0.00,43.00,44.00,52.00,1.26,0.00,0.50,1.47,1.58,1.56,0.00,0.60,1.92,2.02,0.41,0.00,0.30,0.30,1.30,1.03,0.00,1.00,1.00,1.00
39021,41.61,0.00,29.05,0.00,29.33,0.00,0.58,0.00,1.37,0.00,1.23,1.36,1.55,81.06,0.00,35.13,105.45,112.23,43.50,0.00,39.10,44.10,46.04,45.58,0.00,38.00,46.00,52.00,1.03,0.00,0.50,1.21,4.42,1.09,0.00,0.57,1.26,2.27,0.99,0.00,0.30,1.30,1.30,1.12,0.00,1.00,1.00,2.00
39022,28.62,0.00,34.36,0.00,37.02,0.00,0.90,0.00,1.31,0.00,1.23,1.35,1.41,91.95,0.00,48.17,105.45,112.23,45.06,0.00,43.73,44.86,45.95,48.16,0.00,43.00,47.00,52.00,0.73,0.00,0.50,1.02,1.38,0.79,0.00,0.57,1.10,1.42,1.06,0.00,0.30,1.30,1.30,1.21,0.00,1.00,1.00,2.00
39023,41.91,0.00,30.01,0.00,28.08,0.00,0.65,0.00,1.35,0.00,1.28,1.35,1.42,96.46,0.00,47.83,99.12,110.92,43.51,0.00,42.87,43.28,44.54,45.82,0.00,44.00,46.00,47.00,1.32,0.00,1.21,1.29,1.39,1.24,0.00,1.11,1.18,1.48,1.23,0.00,0.50,1.30,1.30,1.06,0.00,1.00,1.00,1.00
39025,32.01,0.00,31.44,0.00,36.54,0.00,0.64,0.00,1.32,0.00,1.23,1.35,1.63,100.39,0.00,48.17,105.45,112.23,44.60,0.00,39.16,44.86,45.95,47.83,0.00,36.00,47.00,52.00,0.76,0.00,0.50,1.02,4.99,0.81,0.00,0.57,1.10,1.58,1.23,0.00,0.30,1.30,1.30,1.02,0.00,1.00,1.00,1.00
39027,35.67,0.00,33.22,0.00,31.11,0.00,0.76,0.00,1.35,0.00,1.23,1.36,1.42,90.32,0.00,44.86,99.12,112.23,44.28,0.00,43.28,44.10,45.95,46.41,0.00,43.00,46.00,52.00,0.98,0.00,0.50,1.29,1.43,0.99,0.00,0.57,1.18,1.58,1.07,0.00,0.30,1.30,1.30,1.11,0.00,1.00,1.00,2.00
39028,40.14,0.00,34.13,0.00,25.73,0.00,0.86,0.00,1.38,0.00,1.35,1.36,1.42,88.24,0.00,44.86,99.12,122.16,43.85,0.00,43.28,43.80,44.65,44.92,0.00,43.00,46.00,46.00,1.31,0.00,1.21,1.29,1.43,1.20,0.00,1.07,1.18,1.58,1.04,0.00,0.30,1.30,1.30,1.01,0.00,1.00,1.00,1.00
39029,82.14,0.00,10.83,0.00,7.03,0.00,0.75,0.00,1.68,0.00,1.36,1.74,1.74,71.84,0.00,63.88,68.44,110.92,38.58,0.00,37.68,37.89,44.10,33.79,0.00,32.00,32.00,46.00,4.39,0.00,1.21,6.80,6.93,1.31,0.00,1.23,1.27,1.67,1.29,0.00,1.30,1.30,1.30,1.05,0.00,1.00,1.00,1.00
39034,38.43,0.00,32.54,0.00,29.03,0.00,0.81,0.00,1.37,0.00,1.23,1.40,1.63,72.52,0.00,50.27,52.50,112.23,43.97,0.00,39.16,43.72,46.04,45.74,0.00,36.00,44.00,52.00,1.02,0.00,0.50,1.47,4.99,1.17,0.00,0.57,1.90,1.92,0.79,0.00,0.30,0.30,1.30,1.09,0.00,1.00,1.00,2.00
39035,37.72,0.00,34.36,0.00,27.92,0.00,0.91,0.00,1.37,0.00,1.23,1.40,1.41,62.85,0.00,50.27,52.50,106.08,44.11,0.00,43.48,43.72,46.04,45.65,0.00,44.00,44.00,52.00,1.09,0.00,0.50,1.47,1.58,1.32,0.00,0.60,1.92,2.02,0.55,0.00,0.30,0.30,1.30,1.04,0.00,1.00,1.00,1.00
39036,78.38,0.00,12.94,0.00,8.68,0.00,0.71,0.00,1.66,0.00,1.35,1.71,1.74,76.50,0.00,63.88,68.44,110.92,39.05,0.00,37.68,37.89,44.10,34.84,0.00,32.00,32.00,46.00,3.63,0.00,1.02,6.80,6.93,1.32,0.00,1.10,1.27,1.67,1.30,0.00,1.30,1.30,1.30,1.00,0.00,1.00,1.00,1.00
39037,38.73,0.00,37.40,0.00,23.87,0.00,1.10,0.00,1.38,0.00,1.35,1.39,1.41,76.15,0.00,44.86,48.17,110.92,44.11,0.00,43.28,44.10,44.54,44.65,0.00,43.00,44.00,46.00,1.30,0.00,1.21,1.34,1.43,1.25,0.00,1.11,1.26,1.58,0.82,0.00,0.30,0.50,1.30,1.05,0.00,1.00,1.00,2.00
39042,33.28,0.00,32.68,0.00,34.04,0.00,0.81,0.00,1.33,0.00,1.23,1.35,1.40,72.25,0.00,52.50,81.38,112.23,44.51,0.00,43.72,44.35,46.04,47.39,0.00,44.00,47.00,52.00,0.87,0.00,0.50,1.02,1.47,1.07,0.00,0.60,1.20,1.92,0.82,0.00,0.30,1.30,1.30,1.05,0.00,1.00,1.00,2.00
39049,38.93,0.00,32.63,0.00,28.45,0.00,0.85,0.00,1.36,0.00,1.23,1.36,1.41,84.32,0.00,44.86,99.12,110.92,43.92,0.00,43.28,43.73,45.95,45.54,0.00,43.00,46.00,52.00,1.18,0.00,0.50,1.29,1.43,1.15,0.00,0.57,1.18,1.58,0.99,0.00,0.30,1.30,1.30,1.14,0.00,1.00,1.00,2.00
39052,32.06,0.00,28.30,0.00,39.64,0.00,0.67,0.00,1.33,0.00,1.23,1.23,1.74,101.75,0.00,68.44,105.45,112.23,44.48,0.00,37.89,45.95,45.95,47.90,0.00,32.00,52.00,52.00,0.66,0.00,0.50,0.50,6.80,0.70,0.00,0.57,0.57,1.27,1.30,0.00,1.30,1.30,1.30,1.22,0.00,1.00,1.00,2.00
39054,31.50,0.00,32.02,0.00,36.47,0.00,0.58,0.00,1.32,0.00,1.23,1.35,1.53,95.90,0.00,46.68,95.48,112.23,44.68,0.00,39.88,44.86,46.04,48.03,0.00,39.00,47.00,52.00,0.76,0.00,0.50,1.02,3.67,0.84,0.00,0.57,1.10,1.84,1.25,0.00,0.70,1.30,1.30,1.23,0.00,1.00,1.00,2.00
39056,61.60,0.00,19.98,0.00,18.42,0.00,0.65,0.00,1.52,0.00,1.35,1.38,1.74,87.63,0.00,63.88,99.12,110.92,41.07,0.00,37.89,43.28,44.10,40.01,0.00,32.00,45.00,46.00,2.01,0.00,1.21,1.39,6.80,1.26,0.00,1.18,1.26,1.64,1.29,0.00,1.30,1.30,1.30,2.08,0.00,1.00,1.00,2.00
39061,37.11,0.00,43.23,0.00,19.66,0.00,1.99,0.00,1.41,0.00,1.36,1.41,1.41,52.75,0.00,48.17,48.17,110.92,44.50,0.00,44.10,44.54,44.54,43.23,0.00,43.00,43.00,46.00,1.33,0.00,1.21,1.34,1.34,1.12,0.00,1.11,1.11,1.26,0.38,0.00,0.30,0.30,1.30,1.00,0.00,1.00,1.00,1.00
39065,39.58,0.00,35.70,0.00,24.72,0.00,0.97,0.00,1.37,0.00,NaN,1.38,1.41,82.69,0.00,44.86,95.54,110.92,43.96,0.00,43.04,44.10,44.54,45.27,0.00,43.00,46.00,47.00,1.32,0.00,1.21,1.34,1.43,1.28,0.00,1.11,1.26,1.58,0.97,0.00,0.30,1.30,1.30,1.00,0.00,1.00,1.00,1.00
39069,33.07,0.00,33.22,0.00,33.70,0.00,0.55,0.00,1.33,0.00,1.23,1.35,1.53,98.66,0.00,46.68,105.45,112.23,44.56,0.00,39.88,44.86,46.04,47.49,0.00,39.00,47.00,52.00,0.84,0.00,0.50,1.02,3.67,0.92,0.00,0.57,1.10,1.84,1.25,0.00,0.70,1.30,1.30,1.34,0.00,1.00,1.00,3.00
39072,36.50,0.00,31.62,0.00,31.88,0.00,0.71,0.00,1.35,0.00,1.23,1.36,1.55,88.05,0.00,44.86,99.12,112.23,44.14,0.00,39.10,44.10,46.04,46.50,0.00,38.00,46.00,52.00,0.92,0.00,0.50,1.21,4.42,0.98,0.00,0.57,1.18,1.92,1.07,0.00,0.30,1.30,1.30,3.36,0.00,1.00,1.00,15.00
39078,40.63,0.00,31.61,0.00,27.76,0.00,0.67,0.00,1.37,0.00,1.34,1.36,1.41,94.03,0.00,44.86,99.12,110.92,43.70,0.00,42.87,43.74,44.65,45.45,0.00,43.00,46.00,47.00,1.25,0.00,1.17,1.29,1.43,1.19,0.00,1.10,1.18,1.58,1.15,0.00,0.30,1.30,1.30,1.10,0.00,1.00,1.00,2.00
39081,36.06,0.00,28.42,0.00,35.51,0.00,0.69,0.00,1.35,0.00,1.23,1.23,1.65,87.56,0.00,48.17,88.01,112.23,44.06,0.00,37.78,45.95,46.04,46.86,0.00,34.00,52.00,52.00,0.76,0.00,0.50,0.50,6.46,0.81,0.00,0.57,0.60,1.90,1.18,0.00,0.30,1.30,1.30,1.28,0.00,1.00,1.00,3.00
39087,26.60,0.00,31.66,0.00,41.74,0.00,0.64,0.00,1.29,0.00,1.23,1.23,1.41,101.30,0.00,48.17,105.45,112.23,45.18,0.00,43.73,45.95,45.95,49.38,0.00,43.00,52.00,52.00,0.64,0.00,0.50,0.50,1.39,0.71,0.00,0.57,0.57,1.42,1.25,0.00,0.50,1.30,1.30,1.19,0.00,1.00,1.00,2.00
39088,42.11,0.00,28.30,0.00,29.59,0.00,0.50,0.00,1.36,0.00,1.35,1.35,1.38,101.29,0.00,99.12,99.12,110.92,43.43,0.00,43.28,43.28,44.10,45.77,0.00,45.00,46.00,46.00,1.30,0.00,1.21,1.29,1.39,1.22,0.00,1.18,1.18,1.36,1.29,0.00,1.30,1.30,1.30,1.01,0.00,1.00,1.00,1.00
39095,65.00,0.00,17.65,0.00,17.35,0.00,0.44,0.00,1.51,0.00,1.35,1.53,1.74,87.92,0.00,63.19,88.01,110.92,40.63,0.00,37.78,40.10,44.10,39.86,0.00,32.00,39.00,46.00,2.43,0.00,1.21,3.54,6.80,1.43,0.00,1.18,1.52,1.90,1.30,0.00,1.30,1.30,1.30,2.00,0.00,1.00,1.00,15.00
39099,33.76,0.00,32.19,0.00,34.05,0.00,0.80,0.00,1.33,0.00,1.23,1.35,1.40,74.11,0.00,52.50,81.38,112.23,44.44,0.00,43.72,44.17,46.04,47.29,0.00,44.00,46.03,52.00,0.88,0.00,0.50,1.02,1.47,1.05,0.00,0.60,1.10,1.92,0.80,0.00,0.30,1.30,1.30,1.00,0.00,1.00,1.00,1.00
39101,39.99,0.00,34.12,0.00,25.89,0.00,0.83,0.00,1.37,0.00,1.34,1.36,1.41,83.74,0.00,44.86,99.12,110.92,43.86,0.00,42.87,43.80,44.54,45.28,0.00,43.00,46.00,47.00,1.31,0.00,1.21,1.34,1.43,1.28,0.00,1.11,1.26,1.58,0.99,0.00,0.30,1.30,1.30,1.00,0.00,1.00,1.00,1.00
39105,27.66,0.00,32.52,0.00,39.82,0.00,0.70,0.00,1.29,0.00,1.23,1.23,1.41,92.80,0.00,44.86,105.45,112.23,45.10,0.00,43.52,45.95,46.04,48.98,0.00,43.00,52.00,52.00,0.69,0.00,0.50,0.50,1.43,0.77,0.00,0.57,0.60,1.58,1.16,0.00,0.30,1.30,1.30,1.46,0.00,1.00,1.00,3.00
39108,41.51,0.00,35.76,0.00,22.74,0.00,0.96,0.00,1.40,0.00,1.40,1.40,1.41,53.01,0.00,50.27,52.50,52.50,43.76,0.00,43.48,43.72,43.72,44.26,0.00,44.00,44.00,44.00,1.39,0.00,1.47,1.47,1.58,1.78,0.00,1.92,1.92,2.02,0.33,0.00,0.30,0.30,0.30,1.00,0.00,1.00,1.00,1.00
39114,39.04,0.00,35.66,0.00,25.29,0.00,0.98,0.00,1.38,0.00,1.35,1.39,1.41,76.14,0.00,44.86,95.54,110.92,44.02,0.00,43.28,44.10,44.65,44.80,0.00,43.00,44.00,46.00,1.26,0.00,1.21,1.34,1.43,1.21,0.00,1.07,1.18,1.58,0.86,0.00,0.30,1.30,1.30,1.00,0.00,1.00,1.00,1.00
39120,40.21,0.00,32.35,0.00,27.44,0.00,0.68,0.00,1.37,0.00,1.34,1.36,1.41,94.68,0.00,44.86,99.12,110.92,43.77,0.00,43.28,43.74,44.54,45.48,0.00,43.00,46.00,46.00,1.27,0.00,1.21,1.29,1.43,1.23,0.00,1.10,1.26,1.58,1.14,0.00,0.30,1.30,1.30,1.07,0.00,1.00,1.00,2.00
39125,41.28,0.00,29.40,0.00,29.31,0.00,0.49,0.00,1.36,0.00,1.35,1.35,1.42,102.96,0.00,99.12,99.12,122.16,43.56,0.00,43.28,43.28,44.65,45.76,0.00,44.00,46.00,46.00,1.29,0.00,1.21,1.29,1.39,1.19,0.00,1.07,1.18,1.36,1.30,0.00,1.30,1.30,1.30,1.01,0.00,1.00,1.00,1.00
39127,40.86,0.00,30.38,0.00,28.75,0.00,0.57,0.00,1.36,0.00,1.34,1.35,1.42,100.86,0.00,53.22,99.12,117.90,43.64,0.00,43.28,43.28,44.61,45.85,0.00,44.00,46.00,47.00,1.28,0.00,1.21,1.29,1.39,1.21,0.00,1.07,1.18,1.36,1.26,0.00,1.30,1.30,1.30,0.98,0.00,1.00,1.00,1.00
39141,59.68,0.00,20.86,0.00,19.45,0.00,0.68,0.00,1.52,0.00,1.23,1.51,1.74,84.02,0.00,48.17,79.09,112.23,41.31,0.00,37.68,40.10,45.95,40.19,0.00,32.00,40.00,52.00,1.58,0.00,0.50,3.42,6.93,1.12,0.00,0.57,1.26,1.67,1.25,0.00,0.50,1.30,1.30,1.20,0.00,1.00,1.00,2.00
39142,40.65,0.00,35.85,0.00,23.51,0.00,0.99,0.00,1.39,0.00,1.23,1.40,1.41,53.86,0.00,50.27,52.50,74.40,43.86,0.00,43.48,43.72,45.65,44.46,0.00,44.00,44.00,49.91,1.32,0.00,0.50,1.47,1.58,1.66,0.00,0.60,1.92,2.02,0.36,0.00,0.30,0.30,1.04,0.99,0.00,1.00,1.00,1.00
39143,38.16,0.00,35.74,0.00,26.10,0.00,0.92,0.00,1.38,0.00,1.23,1.40,1.41,63.25,0.00,50.27,52.50,112.23,44.11,0.00,43.48,43.72,46.04,45.27,0.00,44.00,44.00,52.00,1.14,0.00,0.50,1.47,1.58,1.38,0.00,0.57,1.92,2.02,0.54,0.00,0.30,0.30,1.30,1.06,0.00,1.00,1.00,2.00
39144,58.69,0.00,21.95,0.00,19.36,0.00,0.50,0.00,1.46,0.00,1.35,1.55,1.55,61.92,0.00,35.13,35.13,112.23,41.45,0.00,39.10,39.10,44.86,41.63,0.00,38.00,38.00,47.00,1.94,0.00,1.02,4.42,4.42,1.65,0.00,1.10,2.27,2.27,0.77,0.00,0.50,0.50,1.30,1.01,0.00,1.00,1.00,1.00
40003,38.03,0.00,31.27,0.00,30.70,0.00,0.54,0.00,1.36,0.00,1.23,1.35,1.53,96.42,0.00,46.68,105.45,112.23,43.96,0.00,39.88,44.86,45.95,46.30,0.00,39.00,47.00,52.00,0.96,0.00,0.50,1.02,3.67,0.99,0.00,0.57,1.10,1.84,1.22,0.00,0.70,1.30,1.30,7.01,0.00,1.00,1.00,50.00
40004,39.48,0.00,30.91,0.00,29.60,0.00,0.54,0.00,1.37,0.00,1.23,1.36,1.53,93.11,0.00,46.68,105.45,112.23,43.80,0.00,39.88,44.10,45.95,45.95,0.00,39.00,46.00,52.00,1.00,0.00,0.50,1.21,3.67,1.03,0.00,0.57,1.26,1.84,1.18,0.00,0.70,1.30,1.30,1.61,0.00,1.00,1.00,6.00
40005,27.79,0.00,33.51,0.00,38.69,0.00,0.56,0.00,1.30,0.00,1.23,1.33,1.37,105.84,0.00,95.48,105.45,112.23,45.12,0.00,43.83,44.86,45.95,49.04,0.00,45.00,47.54,52.00,0.71,0.00,0.50,1.02,1.34,0.79,0.00,0.57,1.08,1.34,1.29,0.00,1.30,1.30,1.30,12.83,0.00,1.00,1.00,50.00
40006,44.36,0.00,27.96,0.00,27.68,0.00,0.49,0.00,1.39,0.00,1.23,1.36,1.65,95.06,0.00,60.68,105.45,112.23,43.18,0.00,37.78,44.10,46.04,44.78,0.00,34.00,46.00,52.00,1.11,0.00,0.50,1.21,6.46,1.07,0.00,0.57,1.26,1.90,1.25,0.00,0.70,1.30,1.30,1.46,0.00,1.00,1.00,2.00
40007,47.40,0.00,29.62,0.00,22.98,0.00,0.55,0.00,1.42,0.00,1.35,1.37,1.71,88.12,0.00,46.68,95.48,112.23,42.92,0.00,38.22,43.83,44.86,43.69,0.00,33.00,45.00,47.00,1.42,0.00,1.02,1.34,6.27,1.29,0.00,1.10,1.34,1.84,1.15,0.00,0.70,1.30,1.30,1.07,0.00,1.00,1.00,1.00
40009,38.48,0.00,31.92,0.00,29.60,0.00,0.53,0.00,1.36,0.00,1.23,1.36,1.53,95.51,0.00,46.68,105.45,112.23,43.94,0.00,39.88,44.76,45.95,46.10,0.00,39.00,46.00,52.00,1.01,0.00,0.50,1.02,3.67,1.04,0.00,0.57,1.10,1.84,1.20,0.00,0.70,1.30,1.30,1.09,0.00,1.00,1.00,2.00
40010,36.79,0.00,30.57,0.00,32.64,0.00,0.54,0.00,1.35,0.00,1.23,1.35,1.53,94.47,0.00,46.68,95.48,112.23,44.07,0.00,39.88,44.86,46.04,46.70,0.00,39.00,47.00,52.00,0.88,0.00,0.50,1.02,3.67,0.93,0.00,0.57,1.10,1.84,1.25,0.00,0.70,1.30,1.30,1.27,0.00,1.00,1.00,3.00
40011,42.22,0.00,29.29,0.00,28.49,0.00,0.59,0.00,1.37,0.00,1.23,1.35,1.55,90.48,0.00,34.18,105.45,112.23,43.45,0.00,39.41,44.10,45.95,45.48,0.00,38.00,46.00,52.00,1.11,0.00,0.50,1.21,4.19,1.10,0.00,0.57,1.18,2.05,1.11,0.00,0.50,1.30,1.30,1.30,0.00,1.00,1.00,3.00
40012,59.34,0.00,20.81,0.00,19.85,0.00,0.54,0.00,1.47,0.00,1.23,1.53,1.65,79.84,0.00,34.18,88.01,110.92,41.34,0.00,37.78,40.10,45.95,41.32,0.00,34.00,39.00,52.00,1.82,0.00,0.50,3.54,6.46,1.35,0.00,0.57,1.52,2.05,1.12,0.00,0.50,1.30,1.30,1.36,0.00,1.00,1.00,2.00
40013,61.68,0.00,18.34,0.00,19.97,0.00,0.43,0.00,1.49,0.00,1.23,1.53,1.65,83.43,0.00,34.18,88.01,112.23,41.00,0.00,37.78,40.10,45.95,40.84,0.00,34.00,39.00,52.00,1.75,0.00,0.50,3.54,6.46,1.26,0.00,0.57,1.52,2.05,1.21,0.00,0.50,1.30,1.30,1.16,0.00,1.00,1.00,2.00
40016,59.93,0.00,20.18,0.00,19.89,0.00,0.54,0.00,1.46,0.00,1.35,1.41,1.74,86.05,0.00,41.19,91.03,110.92,41.25,0.00,37.78,40.10,44.10,41.45,0.00,32.00,42.00,46.00,2.05,0.00,1.21,3.54,6.80,1.43,0.00,1.18,1.36,2.05,1.21,0.00,0.50,1.30,1.30,1.97,0.00,1.00,1.00,9.50
40017,45.02,0.00,31.53,0.00,23.45,0.00,0.52,0.00,1.40,0.00,1.35,1.37,1.53,89.83,0.00,46.68,95.48,112.23,43.24,0.00,39.88,43.83,44.86,44.28,0.00,39.00,45.00,47.00,1.39,0.00,1.02,1.34,3.67,1.31,0.00,1.10,1.34,1.84,1.15,0.00,0.70,1.30,1.30,1.00,0.00,1.00,1.00,1.00
40018,60.72,0.00,19.05,0.00,20.23,0.00,0.45,0.00,1.48,0.00,1.23,1.53,1.65,81.28,0.00,34.18,88.01,112.23,41.13,0.00,37.78,40.10,45.95,41.08,0.00,34.00,39.00,52.00,1.77,0.00,0.50,3.54,6.46,1.30,0.00,0.57,1.52,2.05,1.17,0.00,0.50,1.30,1.30,1.15,0.00,1.00,1.00,2.00
4001,45.11,7.20,27.11,7.20,27.78,7.20,15.84,7.20,0.87,7.20,0.28,1.14,NaN,140.18,7.20,33.89,97.81,NaN,43.07,7.20,38.04,43.60,NaN,61.37,7.20,33.00,55.00,NaN,1.12,7.20,0.52,1.15,NaN,1.43,7.20,0.53,2.28,NaN,1.00,6.56,0.30,1.30,NaN,0.97,0.00,0.00,1.00,2.00
40020,46.26,0.00,29.80,0.00,23.94,0.00,0.51,0.00,1.41,0.00,1.35,1.37,1.53,88.71,0.00,46.68,95.48,112.23,43.05,0.00,39.88,43.83,44.86,44.18,0.00,39.00,45.00,47.00,1.37,0.00,1.02,1.34,3.67,1.29,0.00,1.10,1.34,1.84,1.12,0.00,0.70,1.30,1.30,1.04,0.00,1.00,1.00,1.00
40021,44.79,0.00,29.71,0.00,25.49,0.00,0.54,0.00,1.40,0.00,1.23,1.37,1.53,86.36,0.00,46.68,95.48,112.23,43.20,0.00,39.88,43.83,45.95,44.58,0.00,39.00,45.00,52.00,1.23,0.00,0.50,1.34,3.67,1.19,0.00,0.57,1.34,1.84,1.12,0.00,0.70,1.30,1.30,1.70,0.00,1.00,1.00,8.00
40022,42.31,0.00,29.66,0.00,28.03,0.00,0.52,0.00,1.38,0.00,1.23,1.35,1.55,90.65,0.00,34.18,105.45,112.23,43.45,0.00,39.68,44.10,45.95,45.28,0.00,38.00,46.00,52.00,1.11,0.00,0.50,1.21,3.93,1.12,0.00,0.57,1.18,2.05,1.11,0.00,0.50,1.30,1.30,1.21,0.00,1.00,1.00,2.00
40033,41.32,0.00,30.96,0.00,27.72,0.00,0.73,0.00,1.37,0.00,1.34,1.35,1.41,91.30,0.00,44.86,99.12,110.92,43.61,0.00,42.87,43.28,44.54,45.39,0.00,43.00,46.00,47.00,1.32,0.00,1.21,1.29,1.41,1.21,0.00,1.10,1.18,1.53,1.13,0.00,0.30,1.30,1.30,1.00,0.00,1.00,1.00,1.00
4003,43.10,5.52,24.23,5.52,32.68,5.52,15.95,5.52,0.85,5.52,0.28,1.14,NaN,146.32,5.52,33.89,97.81,NaN,43.17,5.52,38.04,43.60,NaN,62.25,5.52,33.00,55.00,NaN,0.94,5.52,0.52,1.15,NaN,1.16,5.52,0.53,2.10,NaN,1.12,5.19,0.50,1.30,NaN,0.97,0.07,1.00,1.00,1.00
4005,43.54,3.70,26.08,3.70,30.37,3.70,19.63,3.70,0.75,3.70,0.28,0.28,1.65,162.70,3.70,33.89,235.65,235.65,43.19,3.70,38.04,43.60,45.57,65.64,3.70,33.00,81.00,81.00,1.06,3.70,0.52,1.15,6.21,1.51,3.70,0.53,3.13,3.13,1.08,2.96,0.30,1.30,1.30,0.83,0.00,0.00,1.00,1.00
4006,42.63,9.71,24.35,9.71,33.02,9.71,14.26,9.71,0.91,9.71,0.28,1.14,NaN,136.76,9.71,33.89,97.81,NaN,43.23,9.71,38.04,43.60,NaN,60.41,9.71,33.00,55.00,NaN,0.93,9.71,0.52,1.15,NaN,1.12,9.71,0.53,2.10,NaN,1.07,8.12,0.30,1.30,NaN,0.99,0.00,0.00,1.00,1.00
41001,35.20,0.00,37.08,0.00,27.70,0.00,0.48,0.00,1.36,0.00,1.35,1.35,1.37,107.74,0.00,95.48,112.23,112.23,44.48,0.00,43.83,44.86,44.86,46.43,0.00,45.00,47.00,47.00,1.09,0.00,1.02,1.02,1.34,1.15,0.00,1.10,1.10,1.34,1.29,0.00,1.30,1.30,1.30,4.56,0.00,1.00,1.00,25.00
41003,35.64,0.00,32.24,0.00,32.11,0.00,0.56,0.00,1.35,0.00,1.23,1.35,1.53,95.61,0.00,46.68,105.45,112.23,44.25,0.00,39.88,44.86,46.04,46.79,0.00,39.00,47.00,52.00,0.88,0.00,0.50,1.02,3.67,0.94,0.00,0.57,1.10,1.84,1.22,0.00,0.70,1.30,1.30,11.85,0.00,1.00,1.00,50.00
41004,43.07,0.00,31.41,0.00,25.51,0.00,0.54,0.00,1.39,0.00,1.23,1.37,1.53,91.79,0.00,46.68,95.48,112.23,43.44,0.00,39.88,43.97,45.95,44.80,0.00,39.00,45.00,52.00,1.21,0.00,0.50,1.34,3.67,1.18,0.00,0.60,1.26,1.84,1.17,0.00,0.70,1.30,1.30,5.03,0.00,1.00,1.00,30.00
41005,46.09,0.00,30.65,0.00,23.25,0.00,0.52,0.00,1.41,0.00,1.35,1.37,1.53,87.75,0.00,46.68,95.48,112.23,43.09,0.00,39.88,43.83,44.86,44.09,0.00,39.00,45.00,47.00,1.41,0.00,1.02,1.34,3.67,1.32,0.00,1.10,1.34,1.84,1.13,0.00,0.70,1.30,1.30,1.72,0.00,1.00,1.00,7.00
41006,44.91,0.00,29.63,0.00,25.45,0.00,0.53,0.00,1.40,0.00,1.23,1.37,1.53,86.08,0.00,46.68,95.48,112.23,43.18,0.00,39.88,43.83,46.04,44.58,0.00,39.00,45.00,52.00,1.23,0.00,0.50,1.34,3.67,1.19,0.00,0.59,1.34,1.84,1.12,0.00,0.70,1.30,1.30,2.31,0.00,1.00,1.00,15.00
41009,52.13,0.00,24.83,0.00,23.04,0.00,0.75,0.00,1.47,0.00,1.23,1.40,1.74,86.77,0.00,48.17,82.15,112.23,42.25,0.00,37.89,44.10,45.95,42.02,0.00,32.00,44.00,52.00,1.23,0.00,0.50,1.34,6.80,1.01,0.00,0.57,1.25,1.64,1.21,0.00,0.30,1.30,1.30,2.41,0.00,1.00,1.00,12.00
41011,53.70,0.00,24.15,0.00,22.15,0.00,0.76,0.00,1.48,0.00,1.23,1.39,1.74,84.96,0.00,48.17,79.09,112.23,42.05,0.00,37.68,43.83,45.95,41.57,0.00,32.00,44.00,52.00,1.30,0.00,0.50,1.34,6.93,1.04,0.00,0.57,1.25,1.67,1.19,0.00,0.30,1.30,1.30,1.22,0.00,1.00,1.00,2.00
41012,36.40,0.00,32.98,0.00,30.61,0.00,0.57,0.00,1.36,0.00,1.23,1.35,1.53,98.61,0.00,46.68,110.92,112.23,44.20,0.00,39.88,44.86,46.04,46.46,0.00,39.00,47.00,52.00,0.94,0.00,0.50,1.02,3.67,0.97,0.00,0.57,1.10,1.84,1.23,0.00,0.70,1.30,1.30,11.43,0.00,1.00,1.00,50.00
41013,35.88,0.00,34.83,0.00,29.28,0.00,0.51,0.00,1.36,0.00,1.23,1.35,1.53,99.37,0.00,46.68,112.23,112.23,44.32,0.00,39.88,44.86,46.04,46.53,0.00,39.00,47.00,52.00,1.00,0.00,0.50,1.02,3.67,1.06,0.00,0.60,1.10,1.84,1.24,0.00,0.70,1.30,1.30,2.00,0.00,1.00,1.00,10.00
41014,29.95,0.00,33.80,0.00,36.24,0.00,0.55,0.00,1.32,0.00,1.23,1.35,1.37,102.92,0.00,82.15,110.92,112.23,44.91,0.00,43.83,44.86,46.04,48.24,0.00,45.00,47.00,52.00,0.76,0.00,0.50,1.02,1.34,0.84,0.00,0.57,1.10,1.34,1.30,0.00,1.30,1.30,1.30,5.03,0.00,1.00,1.00,32.00
41016,49.85,0.00,26.50,0.00,23.65,0.00,0.56,0.00,1.42,0.00,1.23,1.37,1.53,76.03,0.00,46.68,82.15,112.23,42.55,0.00,39.88,43.83,46.04,43.58,0.00,39.00,45.00,52.00,1.38,0.00,0.50,1.34,3.67,1.27,0.00,0.60,1.34,1.84,1.01,0.00,0.70,1.30,1.30,0.97,0.00,1.00,1.00,1.00
41019,30.10,0.00,34.62,0.00,35.28,0.00,0.55,0.00,1.32,0.00,1.23,1.35,1.37,104.04,0.00,82.15,105.45,112.23,44.92,0.00,43.83,44.86,46.04,48.13,0.00,45.00,47.00,52.00,0.79,0.00,0.50,1.02,1.34,0.88,0.00,0.57,1.10,1.34,1.30,0.00,1.30,1.30,1.30,1.49,0.00,1.00,1.00,2.00
41020,38.19,0.00,31.54,0.00,30.26,0.00,0.60,0.00,1.37,0.00,1.23,1.35,1.74,97.21,0.00,48.17,108.43,112.23,43.96,0.00,37.78,44.86,46.04,45.88,0.00,32.00,47.00,52.00,0.92,0.00,0.50,1.02,6.80,0.93,0.00,0.57,1.10,1.61,1.25,0.00,0.30,1.30,1.30,5.79,0.00,1.00,1.00,34.00
41022,38.47,0.00,27.87,0.00,33.66,0.00,0.61,0.00,1.38,0.00,1.23,1.35,1.74,97.51,0.00,68.44,105.45,112.23,43.79,0.00,37.89,44.86,46.04,46.00,0.00,32.00,47.00,52.00,0.80,0.00,0.50,1.02,6.80,0.80,0.00,0.57,1.10,1.27,1.30,0.00,1.30,1.30,1.30,1.12,0.00,1.00,1.00,2.00
41023,38.47,0.00,39.61,0.00,21.92,0.00,1.39,0.00,1.39,0.00,1.36,1.41,1.41,62.07,0.00,44.86,48.17,110.92,44.22,0.00,43.73,44.54,44.54,43.97,0.00,43.00,43.00,46.00,1.33,0.00,1.21,1.34,1.43,1.25,0.00,1.11,1.11,1.58,0.60,0.00,0.30,0.30,1.30,1.35,0.00,1.00,1.00,1.00
41025,30.89,0.00,31.31,0.00,37.80,0.00,0.58,0.00,1.32,0.00,1.23,1.23,1.70,99.62,0.00,68.44,105.45,112.23,44.72,0.00,37.89,45.95,46.04,48.14,0.00,32.00,52.00,52.00,0.71,0.00,0.50,0.50,6.80,0.77,0.00,0.57,0.60,1.27,1.30,0.00,1.30,1.30,1.30,1.91,0.00,1.00,1.00,2.00
41027,64.79,0.00,18.76,0.00,16.45,0.00,0.72,0.00,1.56,0.00,1.23,1.70,1.74,84.62,0.00,63.88,76.78,112.23,40.69,0.00,37.68,38.22,45.95,38.67,0.00,32.00,33.00,52.00,1.84,0.00,0.50,6.27,6.93,1.15,0.00,0.57,1.26,1.67,1.28,0.00,1.30,1.30,1.30,1.14,0.00,1.00,1.00,2.00
41028,43.07,0.00,30.80,0.00,26.13,0.00,0.67,0.00,1.41,0.00,1.23,1.35,1.65,89.01,0.00,48.17,105.45,112.23,43.42,0.00,37.78,44.86,46.04,44.37,0.00,33.65,47.00,52.00,1.09,0.00,0.50,1.02,6.46,1.05,0.00,0.57,1.10,1.90,1.15,0.00,0.30,1.30,1.30,10.27,0.00,1.00,1.00,46.00
41029,33.85,0.00,33.46,0.00,32.69,0.00,0.55,0.00,1.34,0.00,1.23,1.35,1.53,96.01,0.00,46.68,99.53,112.23,44.48,0.00,39.88,44.86,46.04,47.24,0.00,39.00,47.00,52.00,0.87,0.00,0.50,1.02,3.67,0.94,0.00,0.57,1.10,1.84,1.24,0.00,0.70,1.30,1.30,1.66,0.00,1.00,1.00,2.00
42001,34.94,0.00,36.98,0.00,28.07,0.00,0.88,0.00,1.36,0.00,1.23,1.36,1.41,88.62,0.00,44.86,106.30,112.23,44.50,0.00,43.73,44.54,45.95,46.02,0.00,43.00,46.00,52.00,1.04,0.00,0.50,1.21,1.43,1.07,0.00,0.57,1.11,1.58,0.99,0.00,0.30,1.30,1.30,2.28,0.00,1.00,1.00,13.00
42003,56.66,0.00,21.84,0.00,21.50,0.00,0.63,0.00,1.50,0.00,1.23,1.36,1.74,90.66,0.00,68.44,103.96,112.23,41.66,0.00,37.89,43.52,45.95,40.96,0.00,32.00,46.00,52.00,1.38,0.00,0.50,1.23,6.80,1.05,0.00,0.57,1.26,1.64,1.30,0.00,1.30,1.30,1.30,5.31,0.00,1.00,1.00,28.00
42004,38.27,0.00,37.69,0.00,24.04,0.00,1.22,0.00,1.38,0.00,1.35,1.39,1.41,72.17,0.00,44.86,48.17,110.92,44.17,0.00,43.28,44.10,44.54,44.57,0.00,43.00,44.00,47.00,1.27,0.00,1.21,1.34,1.43,1.19,0.00,1.11,1.18,1.58,0.76,0.00,0.30,0.50,1.30,1.57,0.00,1.00,1.00,2.00
42006,38.18,0.00,39.81,0.00,22.01,0.00,1.44,0.00,1.39,0.00,1.35,1.41,1.41,60.83,0.00,44.86,48.17,110.92,44.26,0.00,43.73,44.54,44.54,44.09,0.00,43.00,43.00,46.00,1.31,0.00,1.21,1.34,1.43,1.22,0.00,1.11,1.11,1.58,0.59,0.00,0.30,0.30,1.30,1.06,0.00,1.00,1.00,1.00
42008,39.90,0.00,35.57,0.00,24.52,0.00,1.08,0.00,1.38,0.00,1.35,1.39,1.41,71.64,0.00,44.86,48.17,110.92,43.92,0.00,43.28,43.73,44.54,44.52,0.00,43.00,44.00,46.00,1.33,0.00,1.21,1.34,1.43,1.25,0.00,1.11,1.18,1.58,0.79,0.00,0.30,0.50,1.30,1.02,0.00,1.00,1.00,1.00
42010,39.10,0.00,37.54,0.00,23.36,0.00,1.21,0.00,1.39,0.00,1.35,1.39,1.41,67.46,0.00,44.86,48.17,110.92,44.08,0.00,43.28,44.10,44.54,44.29,0.00,43.00,44.00,46.00,1.33,0.00,1.21,1.34,1.43,1.25,0.00,1.11,1.18,1.58,0.70,0.00,0.30,0.50,1.30,1.19,0.00,1.00,1.00,1.00
42011,35.74,0.00,37.64,0.00,26.61,0.00,1.02,0.00,1.37,0.00,1.23,1.39,1.41,75.90,0.00,44.86,48.17,112.23,44.44,0.00,43.73,44.54,45.95,45.42,0.00,43.00,44.00,52.00,1.09,0.00,0.50,1.34,1.43,1.11,0.00,0.57,1.11,1.58,0.81,0.00,0.30,0.50,1.30,1.57,0.00,1.00,1.00,2.00
42016,39.40,0.00,36.74,0.00,23.86,0.00,1.16,0.00,1.38,0.00,1.35,1.39,1.41,70.11,0.00,44.86,48.17,110.92,44.02,0.00,43.28,44.10,44.54,44.40,0.00,43.00,44.00,46.00,1.33,0.00,1.21,1.34,1.43,1.25,0.00,1.11,1.18,1.58,0.74,0.00,0.30,0.50,1.30,1.05,0.00,1.00,1.00,1.00
42017,30.98,0.00,36.67,0.00,32.34,0.00,0.50,0.00,1.33,0.00,1.23,1.35,1.36,109.68,0.00,92.87,112.23,112.23,44.90,0.00,44.10,44.86,45.95,47.82,0.00,46.00,47.00,52.00,0.89,0.00,0.50,1.02,1.21,0.98,0.00,0.57,1.10,1.26,1.30,0.00,1.30,1.30,1.30,7.24,0.00,1.00,1.00,48.00
42024,38.94,0.00,37.10,0.00,23.95,0.00,1.19,0.00,1.38,0.00,1.35,1.39,1.41,73.80,0.00,44.86,48.17,110.92,44.08,0.00,43.28,44.10,44.54,44.52,0.00,43.00,44.00,46.00,1.31,0.00,1.21,1.34,1.43,1.22,0.00,1.11,1.18,1.58,0.79,0.00,0.30,0.50,1.30,1.05,0.00,1.00,1.00,1.00
42026,38.15,0.00,40.04,0.00,21.81,0.00,1.46,0.00,1.39,0.00,1.36,1.41,1.41,63.11,0.00,44.86,48.17,110.92,44.27,0.00,43.73,44.54,44.54,43.93,0.00,43.00,43.00,46.00,1.32,0.00,1.21,1.34,1.43,1.22,0.00,1.11,1.11,1.58,0.59,0.00,0.30,0.30,1.30,1.02,0.00,1.00,1.00,1.00
42027,38.22,0.00,39.75,0.00,22.03,0.00,1.52,0.00,1.39,0.00,1.35,1.41,1.41,62.72,0.00,44.86,48.17,110.92,44.26,0.00,43.28,44.54,44.54,43.89,0.00,43.00,43.00,46.00,1.32,0.00,1.21,1.34,1.43,1.19,0.00,1.11,1.11,1.58,0.58,0.00,0.30,0.30,1.30,1.05,0.00,1.00,1.00,1.00
43005,38.72,0.00,38.15,0.00,23.13,0.00,1.23,0.00,1.39,0.00,1.35,1.39,1.41,71.99,0.00,44.86,48.17,110.92,44.14,0.00,43.52,44.10,44.54,44.35,0.00,43.00,44.00,46.00,1.31,0.00,1.21,1.34,1.43,1.23,0.00,1.11,1.26,1.58,0.74,0.00,0.30,0.50,1.30,1.10,0.00,1.00,1.00,2.00
43006,41.57,0.00,34.40,0.00,24.03,0.00,0.96,0.00,1.39,0.00,1.34,1.39,1.51,77.48,0.00,44.86,79.09,110.92,43.71,0.00,40.10,44.10,44.86,44.50,0.00,40.00,44.00,47.00,1.33,0.00,1.02,1.34,3.42,1.26,0.00,1.10,1.26,1.92,0.89,0.00,0.30,1.30,1.30,1.04,0.00,1.00,1.00,1.00
43007,35.90,0.00,32.43,0.00,31.67,0.00,0.82,0.00,1.35,0.00,1.23,1.36,1.51,86.45,0.00,44.86,99.12,112.23,44.23,0.00,39.38,44.54,46.04,46.38,0.00,39.00,46.00,52.00,0.91,0.00,0.50,1.21,3.78,0.94,0.00,0.57,1.11,1.78,1.06,0.00,0.30,1.30,1.30,2.50,0.00,1.00,1.00,10.00
43008,39.06,0.00,37.87,0.00,23.07,0.00,1.20,0.00,1.39,0.00,1.35,1.39,1.41,70.97,0.00,44.86,48.17,110.92,44.10,0.00,43.52,44.10,44.54,44.33,0.00,43.00,44.00,46.00,1.32,0.00,1.21,1.34,1.43,1.24,0.00,1.11,1.26,1.58,0.75,0.00,0.30,0.50,1.30,1.04,0.00,1.00,1.00,1.00
43009,27.44,0.00,31.99,0.00,40.57,0.00,0.64,0.00,1.29,0.00,1.23,1.23,1.41,95.98,0.00,48.17,105.45,112.23,45.10,0.00,43.28,45.95,46.04,49.17,0.00,43.00,52.00,52.00,0.67,0.00,0.50,0.50,1.47,0.76,0.00,0.57,0.60,1.64,1.21,0.00,0.30,1.30,1.30,1.14,0.00,1.00,1.00,2.00
43014,39.38,0.00,35.85,0.00,24.77,0.00,0.93,0.00,1.38,0.00,1.34,1.36,1.41,85.35,0.00,44.86,99.12,110.92,43.99,0.00,43.28,44.10,44.54,44.96,0.00,43.00,46.00,46.00,1.30,0.00,1.21,1.29,1.43,1.24,0.00,1.10,1.26,1.58,0.96,0.00,0.30,1.30,1.30,1.14,0.00,1.00,1.00,2.00
43017,38.58,0.00,37.91,0.00,23.51,0.00,1.19,0.00,1.39,0.00,1.34,1.39,1.41,77.18,0.00,44.86,48.17,110.92,44.15,0.00,43.52,44.10,44.54,44.47,0.00,43.00,44.00,46.00,1.30,0.00,1.21,1.34,1.43,1.20,0.00,1.10,1.11,1.58,0.81,0.00,0.30,0.50,1.30,1.15,0.00,1.00,1.00,2.00
43018,40.08,0.00,35.91,0.00,24.01,0.00,1.17,0.00,1.39,0.00,1.35,1.39,1.41,74.07,0.00,44.86,48.17,110.92,43.92,0.00,43.28,44.10,44.54,44.31,0.00,43.00,44.00,47.00,1.29,0.00,1.21,1.34,1.43,1.19,0.00,1.11,1.18,1.58,0.81,0.00,0.30,0.50,1.30,2.10,0.00,1.00,1.00,2.00
43021,39.84,0.00,36.41,0.00,23.75,0.00,1.11,0.00,1.39,0.00,1.34,1.39,1.41,74.37,0.00,44.86,48.17,110.92,43.96,0.00,42.87,44.10,44.86,44.34,0.00,43.00,44.00,47.00,1.28,0.00,1.02,1.34,1.51,1.20,0.00,1.10,1.26,1.58,0.81,0.00,0.30,0.50,1.30,2.46,0.00,1.00,1.00,2.00
44001,48.25,0.00,29.51,0.00,22.23,0.00,0.89,0.00,1.42,0.00,1.34,1.38,1.71,82.40,0.00,44.86,91.03,112.23,42.82,0.00,38.22,43.73,44.86,43.16,0.00,33.00,45.00,47.00,1.52,0.00,1.02,1.34,6.27,1.27,0.00,1.10,1.25,1.78,1.04,0.00,0.30,1.30,1.30,2.18,0.00,1.00,1.00,3.00
44002,42.97,0.00,34.99,0.00,22.04,0.00,1.32,0.00,1.40,0.00,1.28,1.39,1.71,74.61,0.00,44.86,48.17,112.23,43.58,0.00,38.22,44.10,44.86,43.86,0.00,33.00,44.00,47.00,1.39,0.00,1.02,1.34,6.27,1.25,0.00,1.10,1.26,1.58,0.84,0.00,0.30,0.50,1.30,2.46,0.00,1.00,1.00,14.00
44006,40.14,0.00,35.99,0.00,23.86,0.00,1.26,0.00,1.36,0.00,1.28,1.38,1.41,73.41,0.00,47.83,60.85,102.07,43.92,0.00,NaN,43.80,44.54,45.24,0.00,NaN,46.00,47.00,1.35,0.00,1.29,1.34,1.45,1.28,0.00,NaN,1.26,1.53,0.81,0.00,NaN,0.50,1.30,0.91,0.00,0.00,1.00,1.00
44009,31.67,0.00,38.17,0.00,30.17,0.00,1.39,0.00,1.35,0.00,1.23,1.40,1.41,69.69,0.00,44.86,48.17,105.45,44.88,0.00,43.72,44.54,45.96,46.21,0.00,43.00,43.42,52.00,0.88,0.00,0.50,1.34,1.43,0.89,0.00,0.57,1.11,1.58,0.71,0.00,0.30,0.30,1.30,1.53,0.00,1.00,1.00,8.00
44011,40.98,0.00,25.78,0.00,33.24,0.00,0.64,0.00,1.35,0.00,1.23,1.35,1.51,83.98,0.00,44.14,82.15,110.92,43.45,0.00,40.10,44.21,46.04,46.43,0.00,40.00,46.00,52.00,0.89,0.00,0.50,1.21,3.42,0.92,0.00,0.57,1.18,1.64,1.20,0.00,0.50,1.30,1.30,1.30,0.00,1.00,1.00,1.00
45001,45.86,0.00,33.05,0.00,21.10,0.00,1.29,0.00,1.41,0.00,1.37,1.39,1.73,69.87,0.00,43.10,60.68,108.92,43.21,0.00,38.14,43.74,43.83,44.13,0.00,32.00,45.00,45.00,1.56,0.00,1.34,1.41,6.47,1.46,0.00,1.34,1.47,1.70,0.85,0.00,0.50,0.70,1.30,1.03,0.00,1.00,1.00,1.00
45003,47.64,0.00,28.91,0.00,23.45,0.00,0.54,0.00,1.42,0.00,1.35,1.36,1.70,87.81,0.00,46.68,99.12,112.23,42.87,0.00,37.68,43.55,44.86,43.74,0.00,32.00,46.00,47.00,1.43,0.00,1.02,1.29,6.93,1.30,0.00,1.10,1.26,1.84,1.14,0.00,0.70,1.30,1.30,1.06,0.00,1.00,1.00,2.00
45004,42.65,0.00,28.04,0.00,29.31,0.00,0.50,0.00,1.37,0.00,1.23,1.35,1.53,97.16,0.00,46.68,99.12,112.23,43.36,0.00,39.88,43.37,45.95,45.54,0.00,39.00,46.00,52.00,1.13,0.00,0.50,1.29,3.67,1.08,0.00,0.57,1.18,1.84,1.25,0.00,0.70,1.30,1.30,1.24,0.00,1.00,1.00,1.00
45005,54.70,0.00,24.41,0.00,20.89,0.00,0.45,0.00,1.46,0.00,1.35,1.36,1.70,89.30,0.00,46.68,99.12,112.23,41.96,0.00,37.68,43.28,44.86,41.97,0.00,32.00,46.00,47.00,1.66,0.00,1.02,1.29,6.93,1.36,0.00,1.10,1.26,1.84,1.22,0.00,0.70,1.30,1.30,1.01,0.00,1.00,1.00,1.00
45009,46.47,0.00,32.64,0.00,20.89,0.00,1.10,0.00,1.42,0.00,1.37,1.39,1.73,67.03,0.00,43.10,60.68,95.48,43.13,0.00,38.14,43.74,43.83,43.72,0.00,32.00,45.00,45.00,1.58,0.00,1.34,1.41,6.47,1.47,0.00,1.34,1.47,1.70,0.81,0.00,0.30,0.70,1.30,1.01,0.00,1.00,1.00,1.00
45012,41.70,0.00,35.84,0.00,22.46,0.00,0.73,0.00,1.40,0.00,1.35,1.39,1.42,78.54,0.00,57.53,60.68,112.23,43.75,0.00,43.55,43.74,44.86,44.65,0.00,44.00,45.00,47.00,1.44,0.00,1.02,1.41,1.59,1.39,0.00,1.10,1.47,1.47,0.95,0.00,0.70,0.70,1.30,1.10,0.00,1.00,1.00,1.00
46003,61.05,0.00,22.09,0.00,16.86,0.00,6.36,0.00,1.32,0.00,0.28,1.53,1.73,93.24,0.00,41.36,71.72,235.65,41.21,0.00,38.07,40.10,43.74,46.19,0.00,32.00,39.00,81.00,2.10,0.00,1.15,3.54,6.47,1.70,0.00,1.47,1.52,3.13,0.92,0.00,0.30,1.30,1.30,1.01,0.00,1.00,1.00,1.00
46005,65.93,0.00,16.74,0.00,17.33,0.00,3.52,0.00,1.42,0.00,0.28,1.53,1.67,90.35,0.00,41.36,88.01,235.65,40.50,0.00,38.07,40.10,45.57,42.82,0.00,32.57,39.00,81.00,2.09,0.00,0.52,3.54,6.29,1.38,0.00,0.53,1.52,3.13,1.09,0.00,0.30,1.30,1.30,1.02,0.00,1.00,1.00,1.00
46008,50.90,0.00,29.56,0.00,19.54,0.00,2.32,0.00,1.40,0.00,1.14,1.42,1.73,75.22,0.00,36.11,57.53,108.92,42.55,0.00,38.07,43.55,43.82,43.99,0.00,32.00,44.00,49.33,1.71,0.00,1.15,1.59,6.47,1.54,0.00,1.34,1.47,2.44,0.84,0.00,0.30,0.70,1.30,1.02,0.00,1.00,1.00,1.00
46014,57.99,0.00,25.19,0.00,16.82,0.00,0.87,0.00,1.49,0.00,1.37,1.42,1.67,72.26,0.00,41.36,60.68,108.92,41.64,0.00,38.07,43.55,43.83,40.83,0.00,33.00,44.00,45.00,2.05,0.00,1.34,1.59,6.29,1.53,0.00,1.34,1.47,2.44,0.93,0.00,0.30,0.70,1.30,1.05,0.00,1.00,1.00,1.00
47001,41.61,0.00,35.37,0.00,23.02,0.00,0.68,0.00,1.39,0.00,1.35,1.38,1.42,87.67,0.00,57.53,108.92,112.23,43.74,0.00,43.55,43.82,44.86,44.71,0.00,44.00,45.00,47.00,1.41,0.00,1.02,1.38,1.59,1.36,0.00,1.10,1.34,1.47,1.06,0.00,0.70,1.30,1.30,1.07,0.00,1.00,1.00,1.00
47004,51.81,0.00,29.94,0.00,18.25,0.00,0.99,0.00,1.47,0.00,1.37,1.42,1.73,66.07,0.00,36.11,57.53,108.92,42.47,0.00,38.14,43.55,43.83,41.84,0.00,32.00,44.00,45.00,1.78,0.00,1.34,1.59,6.47,1.47,0.00,1.34,1.47,1.70,0.77,0.00,0.30,0.70,1.30,1.03,0.00,1.00,1.00,1.00
47005,39.97,0.00,36.04,0.00,23.98,0.00,0.63,0.00,1.38,0.00,1.35,1.38,1.42,96.98,0.00,57.53,108.92,112.23,43.94,0.00,43.55,43.82,44.86,45.14,0.00,44.00,45.00,47.00,1.34,0.00,1.02,1.38,1.59,1.32,0.00,1.10,1.34,1.47,1.16,0.00,0.70,1.30,1.30,1.04,0.00,1.00,1.00,1.00
47008,40.13,0.00,36.02,0.00,23.84,0.00,0.63,0.00,1.38,0.00,1.35,1.38,1.42,96.75,0.00,57.53,108.92,112.23,43.92,0.00,43.55,43.82,44.86,45.09,0.00,44.00,45.00,47.00,1.35,0.00,1.02,1.38,1.59,1.32,0.00,1.10,1.34,1.47,1.16,0.00,0.70,1.30,1.30,1.04,0.00,1.00,1.00,1.00
47009,42.28,0.00,35.59,0.00,22.12,0.00,0.75,0.00,1.40,0.00,1.37,1.39,1.42,73.80,0.00,57.53,60.68,108.92,43.68,0.00,43.55,43.74,43.83,44.52,0.00,44.00,45.00,45.00,1.48,0.00,1.34,1.41,1.59,1.43,0.00,1.34,1.47,1.47,0.89,0.00,0.70,0.70,1.30,1.14,0.00,1.00,1.00,1.00
47011,57.34,0.00,23.48,0.00,19.19,0.00,6.35,0.00,1.29,0.00,0.28,1.42,1.67,97.21,0.00,41.36,71.72,235.65,41.65,0.00,38.07,43.55,43.83,47.14,0.00,33.00,44.00,81.00,1.79,0.00,1.15,1.59,6.29,1.62,0.00,1.34,1.52,3.13,0.97,0.00,0.30,1.30,1.30,1.01,0.00,1.00,1.00,1.00
47014,60.62,0.00,22.14,0.00,17.24,0.00,5.34,0.00,1.35,0.00,0.28,1.53,1.67,87.03,0.00,41.36,60.68,235.65,41.25,0.00,38.07,40.10,43.81,45.01,0.00,33.00,39.00,81.00,2.05,0.00,1.15,3.54,6.29,1.72,0.00,1.34,1.52,3.13,0.86,0.00,0.30,0.70,1.30,0.98,0.00,1.00,1.00,1.00
47018,40.39,0.00,36.01,0.00,23.61,0.00,0.65,0.00,1.39,0.00,1.35,1.38,1.42,94.72,0.00,57.53,108.92,112.23,43.89,0.00,43.55,43.82,44.86,45.02,0.00,44.00,45.00,47.00,1.36,0.00,1.02,1.38,1.59,1.33,0.00,1.10,1.34,1.47,1.13,0.00,0.70,1.30,1.30,1.03,0.00,1.00,1.00,1.00
48003,63.70,0.00,20.99,0.00,15.31,0.00,0.65,0.00,1.51,0.00,1.37,1.53,1.67,77.61,0.00,41.36,88.01,95.48,40.89,0.00,38.07,40.10,43.83,39.88,0.00,33.00,39.00,45.00,2.60,0.00,1.34,3.54,6.29,1.55,0.00,1.34,1.52,2.44,1.09,0.00,0.30,1.30,1.30,1.08,0.00,1.00,1.00,2.00
48004,74.64,0.00,16.49,0.00,8.87,0.00,1.61,0.00,1.64,0.00,1.39,1.73,1.73,48.78,0.00,43.10,43.10,60.68,39.57,0.00,38.14,38.14,43.74,35.37,0.00,32.00,32.00,45.00,3.46,0.00,1.41,6.47,6.47,1.63,0.00,1.47,1.70,1.70,0.47,0.00,0.30,0.30,1.30,1.00,0.00,1.00,1.00,1.00
48005,42.69,0.00,35.75,0.00,21.56,0.00,0.80,0.00,1.41,0.00,1.37,1.42,1.42,68.54,0.00,57.53,57.53,108.92,43.64,0.00,43.55,43.55,43.83,44.34,0.00,44.00,44.00,45.00,1.51,0.00,1.34,1.59,1.59,1.43,0.00,1.34,1.47,1.47,0.85,0.00,0.70,0.70,1.30,1.05,0.00,1.00,1.00,1.00
48011,64.35,0.00,22.46,0.00,13.19,0.00,1.26,0.00,1.56,0.00,1.38,1.55,1.73,59.76,0.00,34.39,43.10,108.92,40.87,0.00,37.94,39.80,43.82,38.31,0.00,32.00,38.00,45.00,2.41,0.00,1.38,3.90,6.73,1.52,0.00,1.34,1.47,1.70,0.67,0.00,0.30,0.70,1.30,1.01,0.00,1.00,1.00,1.00
49001,53.98,0.00,28.38,0.00,17.64,0.00,0.97,0.00,1.48,0.00,1.37,1.42,1.73,65.65,0.00,34.60,57.53,108.92,42.18,0.00,38.14,43.55,43.83,41.34,0.00,32.00,44.00,45.00,1.86,0.00,1.34,1.59,6.47,1.48,0.00,1.34,1.47,1.70,0.79,0.00,0.30,0.70,1.30,1.22,0.00,1.00,1.00,1.00
49002,48.02,0.00,31.89,0.00,20.09,0.00,0.73,0.00,1.43,0.00,1.37,1.42,1.53,70.28,0.00,57.53,57.53,95.48,42.94,0.00,40.10,43.55,43.83,43.29,0.00,39.00,44.00,45.00,1.69,0.00,1.34,1.59,3.54,1.46,0.00,1.34,1.47,1.52,0.90,0.00,0.70,0.70,1.30,1.37,0.00,1.00,1.00,2.00
49004,43.58,0.00,35.38,0.00,21.03,0.00,0.85,0.00,1.41,0.00,1.37,1.42,1.42,64.42,0.00,57.53,57.53,95.48,43.53,0.00,43.55,43.55,43.83,44.10,0.00,44.00,44.00,45.00,1.54,0.00,1.34,1.59,1.59,1.45,0.00,1.34,1.47,1.47,0.80,0.00,0.70,0.70,1.30,1.14,0.00,1.00,1.00,1.00
50001,42.85,0.00,34.64,0.00,22.51,0.00,0.99,0.00,1.39,0.00,1.35,1.38,1.42,85.21,0.00,57.53,95.48,112.23,43.58,0.00,42.12,43.82,44.86,44.66,0.00,44.00,45.00,47.00,1.43,0.00,1.02,1.38,2.30,1.38,0.00,1.10,1.34,1.52,1.01,0.00,0.70,1.30,1.30,1.04,0.00,1.00,1.00,1.00
50002,40.59,0.00,35.36,0.00,24.05,0.00,1.06,0.00,1.37,0.00,1.35,1.38,1.42,102.05,0.00,57.53,108.92,112.23,43.85,0.00,43.55,43.82,44.86,45.50,0.00,44.00,45.00,47.00,1.34,0.00,1.02,1.38,1.59,1.33,0.00,1.10,1.34,1.47,1.20,0.00,0.70,1.30,1.30,1.04,0.00,1.00,1.00,1.00
50006,45.67,0.00,33.27,0.00,21.05,0.00,1.15,0.00,1.41,0.00,1.35,1.39,1.73,74.24,0.00,43.10,60.68,112.23,43.23,0.00,38.14,43.74,44.86,43.95,0.00,32.00,45.00,47.00,1.53,0.00,1.02,1.41,6.47,1.43,0.00,1.10,1.47,1.70,0.87,0.00,0.30,0.70,1.30,1.01,0.00,1.00,1.00,1.00
50007,44.02,0.00,33.23,0.00,22.75,0.00,2.24,0.00,1.35,0.00,0.55,1.38,1.53,99.92,0.00,57.53,108.92,112.23,43.41,0.00,40.10,43.82,44.86,45.96,0.00,39.00,45.00,52.53,1.44,0.00,1.02,1.38,3.54,1.39,0.00,1.10,1.34,2.44,1.15,0.00,0.70,1.30,1.30,1.04,0.00,1.00,1.00,1.00
50008,38.81,0.00,36.39,0.00,24.80,0.00,0.58,0.00,1.38,0.00,1.35,1.38,1.42,104.93,0.00,57.53,108.92,112.23,44.07,0.00,43.55,43.82,44.86,45.44,0.00,44.00,45.00,47.00,1.28,0.00,1.02,1.38,1.59,1.28,0.00,1.10,1.34,1.47,1.24,0.00,0.70,1.30,1.30,1.00,0.00,1.00,1.00,1.00
50011,45.71,0.00,31.25,0.00,23.03,0.00,4.32,0.00,1.29,0.00,0.28,1.38,1.67,110.43,0.00,41.36,108.92,235.65,43.16,0.00,38.07,43.82,44.86,47.91,0.00,33.00,45.00,81.00,1.44,0.00,1.02,1.38,6.29,1.44,0.00,1.10,1.34,3.13,1.16,0.00,0.30,1.30,1.30,1.01,0.00,1.00,1.00,1.00
5003,45.45,5.69,27.11,5.69,27.44,5.69,18.76,5.69,0.79,5.69,0.28,0.28,NaN,153.52,5.69,33.89,235.65,NaN,43.03,5.69,38.04,43.60,NaN,63.93,5.69,33.00,81.00,NaN,1.18,5.69,0.52,1.15,NaN,1.70,5.69,0.53,3.13,NaN,1.00,5.07,0.30,1.30,NaN,0.87,0.00,0.00,1.00,1.00
51001,46.01,0.34,31.72,0.34,22.26,0.34,0.64,0.34,1.42,0.34,1.35,1.39,1.53,81.56,0.34,46.68,60.68,112.23,43.14,0.34,39.88,43.74,44.86,43.94,0.34,39.00,45.00,47.00,1.49,0.34,1.02,1.41,3.67,1.39,0.34,1.10,1.47,1.84,0.99,0.34,0.70,0.70,1.30,1.23,0.00,1.00,1.00,1.00
52004,41.67,0.00,28.04,0.00,30.29,0.00,0.52,0.00,1.37,0.00,1.23,1.35,1.53,94.63,0.00,61.86,105.45,112.23,43.46,0.00,39.88,44.48,46.04,45.82,0.00,39.00,46.00,52.00,0.99,0.00,0.50,1.21,3.62,0.97,0.00,0.57,1.10,1.64,1.26,0.00,0.70,1.30,1.30,3.93,0.00,1.00,1.00,34.00
52005,42.28,0.00,33.63,0.00,24.08,0.00,0.64,0.00,1.39,0.00,1.35,1.38,1.53,82.29,0.00,46.68,95.48,112.23,43.60,0.00,39.88,43.74,44.86,44.84,0.00,39.00,45.00,47.00,1.36,0.00,1.02,1.38,3.67,1.34,0.00,1.10,1.34,1.84,1.01,0.00,0.70,1.30,1.30,1.32,0.00,1.00,1.00,1.00
52006,31.82,0.00,29.97,0.00,38.21,0.00,0.69,0.00,1.31,0.00,1.23,1.27,1.51,85.76,0.00,47.83,82.15,112.23,44.57,0.00,40.10,44.86,46.04,48.27,0.00,40.00,50.00,52.00,0.75,0.00,0.50,0.75,3.42,0.84,0.00,0.57,0.81,1.92,1.11,0.00,0.30,1.30,1.30,1.09,0.00,1.00,1.00,2.00
52007,34.84,0.00,25.85,0.00,39.31,0.00,0.59,0.00,1.32,0.00,1.23,1.27,1.51,87.95,0.00,61.86,82.15,110.92,44.10,0.00,40.10,44.35,46.04,48.19,0.00,40.00,50.00,52.00,0.74,0.00,0.50,0.75,3.42,0.81,0.00,0.57,0.81,1.64,1.25,0.00,0.70,1.30,1.30,1.27,0.00,1.00,1.00,2.00
52009,44.81,0.00,31.26,0.00,23.93,0.00,0.70,0.00,1.39,0.00,1.35,1.37,1.53,70.79,0.00,43.33,58.29,112.23,43.25,0.00,39.88,43.56,44.86,44.60,0.00,39.00,45.00,47.00,1.46,0.00,1.02,1.37,3.67,1.43,0.00,1.10,1.37,1.84,0.84,0.00,0.50,0.70,1.30,3.62,0.00,1.00,1.00,25.00
52010,37.07,0.00,29.95,0.00,32.98,0.00,0.66,0.00,1.34,0.00,1.23,1.36,1.53,79.12,0.00,40.97,82.15,112.23,44.02,0.00,39.88,44.10,46.04,46.74,0.00,39.00,46.00,52.00,0.90,0.00,0.50,1.21,3.67,1.01,0.00,0.57,1.26,1.92,1.02,0.00,0.30,1.30,1.30,1.16,0.00,1.00,1.00,2.00
52011,33.48,0.00,30.57,0.00,35.94,0.00,0.68,0.00,1.32,0.00,1.23,1.27,1.53,83.19,0.00,40.97,82.15,112.23,44.41,0.00,39.88,44.37,46.04,47.68,0.00,39.00,50.00,52.00,0.83,0.00,0.50,0.75,3.67,0.97,0.00,0.60,1.10,1.92,1.06,0.00,0.30,1.30,1.30,14.90,0.00,1.00,1.00,50.00
52015,43.62,0.00,33.06,0.00,23.32,0.00,0.65,0.00,1.40,0.00,1.36,1.39,1.53,76.18,0.00,46.68,60.68,110.92,43.44,0.00,39.88,43.74,44.10,44.50,0.00,39.00,45.00,46.00,1.44,0.00,1.21,1.41,3.67,1.44,0.00,1.26,1.47,1.92,0.88,0.00,0.30,0.70,1.30,2.09,0.00,1.00,1.00,7.00
52016,55.98,0.00,26.26,0.00,17.75,0.00,0.91,0.00,1.48,0.00,1.36,1.42,1.73,70.71,0.00,34.61,57.53,110.92,41.89,0.00,38.14,43.55,44.10,41.10,0.00,32.00,44.00,46.00,1.93,0.00,1.21,1.59,6.47,1.50,0.00,1.26,1.47,1.96,0.84,0.00,0.30,0.70,1.30,1.09,0.00,1.00,1.00,2.00
53005,35.82,0.00,34.56,0.00,29.62,0.00,0.87,0.00,1.35,0.00,1.23,1.36,1.41,73.49,0.00,44.86,52.50,112.23,44.32,0.00,43.15,44.10,46.04,46.20,0.00,43.00,46.00,52.00,0.99,0.00,0.50,1.34,1.47,1.14,0.00,0.60,1.26,1.92,0.81,0.00,0.30,0.70,1.30,1.04,0.00,1.00,1.00,1.00
53006,29.50,0.00,32.43,0.00,38.06,0.00,0.61,0.00,1.31,0.00,1.23,1.24,1.46,95.44,0.00,36.11,105.45,112.23,44.90,0.00,39.98,45.83,46.04,48.64,0.00,38.59,52.00,52.00,0.72,0.00,0.50,0.56,2.39,0.83,0.00,0.57,0.74,1.96,1.18,0.00,0.30,1.30,1.30,10.47,0.00,1.00,1.00,45.00
53007,31.08,0.00,31.63,0.00,37.29,0.00,0.65,0.00,1.31,0.00,1.23,1.35,1.41,84.23,0.00,43.33,82.15,112.23,44.71,0.00,43.15,44.86,46.04,48.31,0.00,44.00,47.00,52.00,0.78,0.00,0.50,1.02,1.57,0.88,0.00,0.57,1.10,1.92,1.05,0.00,0.30,1.30,1.30,1.20,0.00,1.00,1.00,2.00
53008,27.83,0.00,31.75,0.00,40.41,0.00,0.76,0.00,1.29,0.00,1.23,1.26,1.40,81.15,0.00,52.50,82.15,110.92,45.05,0.00,43.72,45.21,46.04,49.08,0.00,44.00,51.00,52.00,0.69,0.00,0.50,0.65,1.47,0.82,0.00,0.57,0.80,1.92,0.99,0.00,0.30,1.30,1.30,1.12,0.00,1.00,1.00,2.00
53009,38.77,0.00,34.50,0.00,26.72,0.00,0.87,0.00,1.37,0.00,1.23,1.40,1.53,71.44,0.00,46.40,52.50,112.23,44.00,0.00,39.88,44.10,46.04,45.38,0.00,39.00,44.00,52.00,1.15,0.00,0.50,1.34,3.67,1.26,0.00,0.60,1.26,1.92,0.76,0.00,0.30,0.70,1.30,1.00,0.00,1.00,1.00,1.00
53013,34.37,0.00,33.92,0.00,31.71,0.00,1.06,0.00,1.35,0.00,1.23,1.36,1.53,81.64,0.00,44.86,91.03,112.23,44.44,0.00,39.38,44.54,45.95,46.30,0.00,39.00,46.00,52.00,0.86,0.00,0.50,1.21,3.68,0.87,0.00,0.57,1.11,1.58,0.94,0.00,0.30,1.30,1.30,1.29,0.00,1.00,1.00,2.00
53017,34.76,0.00,34.77,0.00,30.47,0.00,0.85,0.00,1.35,0.00,1.23,1.40,1.41,69.45,0.00,50.27,52.50,112.23,44.44,0.00,43.72,43.72,46.04,46.47,0.00,44.00,44.00,52.00,0.94,0.00,0.50,1.47,1.47,1.13,0.00,0.57,1.92,1.92,0.68,0.00,0.30,0.30,1.30,1.64,0.00,1.00,1.00,7.00
53018,31.50,0.00,32.07,0.00,36.42,0.00,0.74,0.00,1.32,0.00,1.23,1.35,1.41,84.79,0.00,48.17,82.15,112.23,44.68,0.00,43.15,44.86,46.04,47.92,0.00,43.00,47.00,52.00,0.77,0.00,0.50,1.02,1.58,0.88,0.00,0.57,1.10,1.92,1.04,0.00,0.30,1.30,1.30,6.04,0.00,1.00,1.00,50.00
53022,31.33,0.00,32.09,0.00,36.58,0.00,0.74,0.00,1.32,0.00,1.23,1.35,1.41,84.45,0.00,48.17,82.15,112.23,44.70,0.00,43.15,44.86,46.04,47.97,0.00,43.00,47.00,52.00,0.77,0.00,0.50,1.02,1.58,0.87,0.00,0.57,1.10,1.92,1.04,0.00,0.30,1.30,1.30,5.90,0.00,1.00,1.00,49.00
53023,29.79,0.00,31.89,0.00,38.32,0.00,0.83,0.00,1.30,0.00,1.23,1.26,1.40,73.38,0.00,47.71,81.38,106.08,44.85,0.00,43.72,44.87,46.04,48.47,0.00,44.00,50.00,52.00,0.74,0.00,0.50,0.65,1.47,0.90,0.00,0.57,0.81,1.92,0.89,0.00,0.30,1.30,1.30,1.11,0.00,1.00,1.00,2.00
53028,31.70,0.00,33.05,0.00,35.25,0.00,0.86,0.00,1.32,0.00,1.23,1.35,1.40,68.99,0.00,48.17,52.50,106.08,44.69,0.00,43.72,44.35,46.04,47.70,0.00,44.00,47.00,52.00,0.81,0.00,0.50,1.02,1.47,1.01,0.00,0.60,1.15,1.92,0.78,0.00,0.30,0.50,1.30,1.03,0.00,1.00,1.00,1.00
54001,49.40,0.98,29.33,0.98,21.26,0.98,1.44,0.98,1.39,0.98,1.13,1.39,1.70,88.92,0.98,57.53,82.82,112.23,42.70,0.98,37.68,43.60,44.86,44.41,0.98,32.00,45.00,53.00,1.53,0.98,1.02,1.59,6.93,1.37,0.98,1.10,1.47,2.44,1.12,0.98,0.70,1.30,1.30,11.78,0.00,1.00,1.00,50.00
54002,36.28,0.00,29.11,0.00,34.61,0.00,0.53,0.00,1.34,0.00,1.22,1.35,1.53,97.94,0.00,63.88,105.45,112.23,44.07,0.00,39.10,44.86,46.04,47.19,0.00,38.00,47.00,53.00,0.85,0.00,0.50,1.02,4.19,0.88,0.00,0.49,1.10,1.67,1.26,0.00,1.30,1.30,1.30,1.54,0.00,1.00,1.00,2.00
54003,43.42,9.44,36.27,9.44,20.30,9.44,9.08,9.44,1.06,9.44,0.28,1.42,NaN,101.14,9.44,49.67,65.12,NaN,43.58,9.44,42.80,43.60,NaN,55.16,9.44,42.00,45.00,NaN,1.50,9.44,1.15,1.59,NaN,1.84,9.44,1.47,1.61,NaN,0.73,9.44,0.30,0.70,NaN,0.99,0.00,1.00,1.00,1.00
54004,43.06,0.00,24.76,0.00,32.17,0.00,0.49,0.00,1.37,0.00,1.22,1.36,1.70,95.89,0.00,63.88,98.08,112.23,43.19,0.00,37.68,44.10,46.04,45.95,0.00,32.00,46.00,53.00,0.98,0.00,0.50,1.21,6.93,0.91,0.00,0.49,1.26,1.67,1.30,0.00,1.30,1.30,1.30,1.14,0.00,1.00,1.00,2.00
54005,43.21,1.79,35.37,1.79,21.42,1.79,2.24,1.79,1.33,1.79,0.84,1.39,1.47,86.82,1.79,57.53,78.27,221.88,43.57,1.79,42.65,43.74,44.86,46.73,1.79,42.00,45.00,81.00,1.47,1.79,1.02,1.59,2.97,1.44,1.79,1.10,1.47,3.13,0.96,1.79,0.30,0.70,1.30,4.38,0.00,1.00,1.00,35.00
54007,41.96,0.00,31.42,0.00,26.61,0.00,0.46,0.00,1.38,0.00,1.24,1.36,1.53,101.90,0.00,46.68,110.92,112.23,43.56,0.00,39.88,44.10,45.83,45.28,0.00,39.00,46.00,52.00,1.21,0.00,0.56,1.21,3.67,1.21,0.00,0.74,1.26,1.84,1.26,0.00,0.70,1.30,1.30,1.13,0.00,1.00,1.00,2.00
54008,41.98,0.18,35.44,0.18,22.58,0.18,1.41,0.18,1.36,0.18,1.31,1.39,1.43,84.45,0.18,57.53,79.82,112.23,43.70,0.18,42.65,43.74,44.86,45.77,0.18,43.00,45.00,47.00,1.43,0.18,1.02,1.41,2.12,1.40,0.18,1.10,1.47,1.61,0.99,0.18,0.70,1.30,1.30,2.81,0.00,1.00,1.00,18.00
54011,42.11,0.00,32.48,0.00,25.41,0.00,0.56,0.00,1.39,0.00,1.24,1.36,1.70,93.46,0.00,57.53,110.92,112.23,43.58,0.00,37.68,44.10,45.83,44.91,0.00,32.00,46.00,52.00,1.24,0.00,0.56,1.21,6.93,1.25,0.00,0.74,1.26,1.67,1.16,0.00,0.70,1.30,1.30,1.11,0.00,1.00,1.00,2.00
54012,64.17,0.00,18.01,0.00,17.82,0.00,0.94,0.00,1.49,0.00,1.24,1.51,1.71,86.27,0.00,63.88,82.82,112.23,40.73,0.00,37.68,40.10,45.83,40.59,0.00,32.00,40.00,52.00,2.10,0.00,0.56,3.42,6.93,1.41,0.00,0.74,1.57,1.85,1.29,0.00,1.30,1.30,1.30,27.09,0.00,1.00,28.00,50.00
54015,41.37,0.00,28.69,0.00,29.93,0.00,0.48,0.00,1.37,0.00,1.23,1.36,1.53,101.10,0.00,63.88,110.92,112.23,43.52,0.00,38.10,44.10,46.04,45.74,0.00,33.83,46.00,52.00,1.06,0.00,0.50,1.21,4.03,1.08,0.00,0.60,1.26,1.68,1.28,0.00,1.30,1.30,1.30,2.65,0.00,1.00,1.00,9.00
54016,63.73,0.00,18.59,0.00,17.68,0.00,2.04,0.00,1.46,0.00,1.24,1.47,1.71,91.66,0.00,63.88,82.82,112.23,40.80,0.00,37.68,40.22,44.86,41.84,0.00,32.00,41.00,52.00,2.20,0.00,1.02,2.97,6.93,1.46,0.00,1.10,1.57,1.90,1.30,0.00,1.30,1.30,1.30,33.71,0.00,1.00,40.00,50.00
54017,36.28,0.00,34.99,0.00,28.72,0.00,0.53,0.00,1.35,0.00,1.23,1.36,1.42,103.72,0.00,57.53,110.92,112.23,44.28,0.00,43.55,44.10,45.95,46.38,0.00,44.00,46.00,52.00,1.08,0.00,0.50,1.21,1.59,1.13,0.00,0.57,1.26,1.47,1.24,0.00,0.70,1.30,1.30,5.08,0.00,1.00,1.00,36.00
54018,43.17,2.89,33.81,2.89,23.01,2.89,0.75,2.89,1.39,2.89,1.35,1.38,1.47,87.92,2.89,57.53,82.82,112.23,43.52,2.89,40.22,43.82,44.86,44.83,2.89,41.00,45.00,47.00,1.39,2.89,1.02,1.41,2.97,1.30,2.89,1.10,1.34,1.61,1.06,2.89,0.70,1.30,1.30,7.97,0.00,1.00,1.00,45.00
54019,36.19,0.00,26.45,0.00,37.36,0.00,0.53,0.00,1.33,0.00,1.22,1.35,1.70,96.99,0.00,63.88,98.08,112.23,43.98,0.00,37.68,44.86,46.04,47.61,0.00,32.00,47.00,53.00,0.79,0.00,0.50,1.02,6.93,0.78,0.00,0.49,1.10,1.67,1.30,0.00,1.30,1.30,1.30,1.19,0.00,1.00,1.00,2.00
54020,57.82,0.00,22.04,0.00,20.13,0.00,1.19,0.00,1.44,0.00,1.35,1.47,1.70,94.78,0.00,63.88,88.01,112.23,41.55,0.00,37.68,40.22,44.86,42.46,0.00,32.00,41.00,47.00,1.84,0.00,1.02,2.97,6.93,1.40,0.00,1.10,1.57,1.67,1.30,0.00,1.30,1.30,1.30,26.90,0.00,1.00,27.00,50.00
54022,43.70,0.00,40.28,0.00,16.02,0.00,5.28,0.00,1.10,0.00,0.28,1.13,1.42,80.83,0.00,NaN,70.11,235.65,43.70,0.00,NaN,43.60,44.15,53.37,0.00,NaN,53.00,81.00,1.63,0.00,1.15,1.59,2.12,1.85,0.00,1.47,1.69,3.13,0.58,0.00,0.30,0.70,1.30,1.00,0.00,1.00,1.00,1.00
54024,67.79,0.00,17.62,0.00,14.59,0.00,0.41,0.00,1.55,0.00,1.35,1.65,1.70,82.58,0.00,63.19,68.44,112.23,40.33,0.00,37.68,37.89,44.86,38.30,0.00,32.00,34.00,47.00,2.39,0.00,1.02,6.46,6.93,1.46,0.00,1.10,1.64,1.90,1.30,0.00,1.30,1.30,1.30,19.09,0.00,1.00,18.00,50.00
54025,43.93,1.87,38.11,1.87,17.96,1.87,1.51,1.87,1.36,1.87,0.84,1.42,1.42,63.77,1.87,57.53,57.53,108.92,43.59,1.87,43.49,43.55,44.00,45.48,1.87,44.00,44.00,60.00,1.63,1.87,1.38,1.59,2.30,1.48,1.87,1.29,1.47,2.49,0.69,1.87,0.30,0.70,1.30,1.03,0.00,1.00,1.00,1.00
54027,39.95,0.00,35.88,0.00,24.18,0.00,1.01,0.00,1.39,0.00,1.23,1.40,1.41,55.61,0.00,50.27,52.50,82.15,43.93,0.00,43.48,43.72,45.96,44.63,0.00,44.00,44.00,52.00,1.27,0.00,0.50,1.47,1.58,1.62,0.00,0.60,1.92,2.02,0.39,0.00,0.30,0.30,1.30,1.00,0.00,1.00,1.00,1.00
54028,42.22,2.05,36.44,2.05,21.34,2.05,3.26,2.05,1.28,2.05,0.28,1.39,1.43,85.57,2.05,57.53,65.12,235.65,43.71,2.05,42.80,43.60,44.86,48.12,2.05,44.00,45.00,81.00,1.46,2.05,1.02,1.59,2.30,1.50,2.05,1.10,1.47,3.13,0.88,2.05,0.30,0.70,1.30,1.09,0.00,1.00,1.00,1.00
54029,41.06,0.13,35.48,0.13,23.45,0.13,1.22,0.13,1.36,0.13,1.31,1.38,1.43,90.00,0.13,57.53,102.07,112.23,43.80,0.13,42.69,43.74,44.86,45.84,0.13,44.00,45.00,47.00,1.37,0.13,1.02,1.39,1.89,1.36,0.13,1.10,1.36,1.52,1.06,0.13,0.70,1.30,1.30,2.51,0.00,1.00,1.00,14.00
54032,48.10,0.65,30.16,0.65,21.74,0.65,1.24,0.65,1.39,0.65,1.23,1.38,1.70,89.37,0.65,57.53,95.48,112.23,42.87,0.65,37.68,43.74,44.86,44.41,0.65,32.00,45.00,52.00,1.50,0.65,1.02,1.41,6.93,1.36,0.65,1.10,1.43,1.90,1.12,0.65,0.70,1.30,1.30,8.68,0.00,1.00,1.00,50.00
54034,34.35,0.00,27.98,0.00,37.67,0.00,0.57,0.00,1.33,0.00,1.23,1.23,1.55,90.92,0.00,34.18,105.45,112.23,44.23,0.00,39.68,45.95,45.95,47.65,0.00,38.00,52.00,52.00,0.73,0.00,0.50,0.50,3.93,0.78,0.00,0.57,0.57,2.05,1.12,0.00,0.50,1.30,1.30,0.99,0.00,1.00,1.00,1.00
54036,28.01,0.00,30.58,0.00,41.41,0.00,0.70,0.00,1.29,0.00,1.23,1.27,1.40,86.84,0.00,50.27,105.45,112.23,44.99,0.00,43.72,44.86,46.04,49.23,0.00,44.00,50.00,52.00,0.69,0.00,0.50,0.75,1.47,0.81,0.00,0.57,0.81,1.92,1.03,0.00,0.30,1.30,1.30,1.05,0.00,1.00,1.00,2.00
54038,43.27,2.49,36.78,2.49,19.95,2.49,1.90,2.49,1.34,2.49,0.84,1.42,1.43,68.44,2.49,49.67,57.53,112.23,43.62,2.49,42.80,43.55,44.86,46.15,2.49,42.00,44.00,60.00,1.55,2.49,1.15,1.59,2.30,1.50,2.49,1.29,1.47,2.49,0.74,2.49,0.30,0.70,1.30,0.99,0.00,1.00,1.00,1.00
54044,67.08,0.00,16.76,0.00,16.16,0.00,0.41,0.00,1.52,0.00,1.36,1.51,1.70,82.30,0.00,63.19,79.09,110.92,40.38,0.00,37.68,40.10,44.10,39.45,0.00,32.00,40.00,46.00,2.60,0.00,1.21,3.42,6.93,1.53,0.00,1.26,1.64,1.84,1.28,0.00,1.30,1.30,1.30,11.67,0.00,1.00,1.00,41.00
54048,24.37,0.00,31.23,0.00,44.40,0.00,0.60,0.00,1.27,0.00,1.23,1.23,1.36,100.69,0.00,82.15,105.45,112.23,45.40,0.00,44.10,45.95,46.04,50.22,0.00,46.00,52.00,52.00,0.60,0.00,0.50,0.50,1.21,0.69,0.00,0.57,0.57,1.26,1.27,0.00,1.30,1.30,1.30,1.08,0.00,1.00,1.00,2.00
54049,27.42,0.00,31.79,0.00,40.79,0.00,0.57,0.00,1.29,0.00,1.23,1.24,1.36,101.83,0.00,82.15,105.45,112.23,45.10,0.00,44.10,45.83,46.04,49.30,0.00,46.00,52.00,52.00,0.67,0.00,0.50,0.56,1.21,0.76,0.00,0.57,0.74,1.26,1.28,0.00,1.30,1.30,1.30,1.17,0.00,1.00,1.00,2.00
54052,56.05,0.00,23.40,0.00,20.55,0.00,0.44,0.00,1.46,0.00,1.35,1.47,1.74,92.75,0.00,63.88,82.82,112.23,41.78,0.00,37.68,40.22,44.86,42.05,0.00,32.00,41.00,47.00,1.77,0.00,1.02,2.97,6.93,1.34,0.00,1.10,1.27,1.67,1.30,0.00,1.30,1.30,1.30,31.59,0.00,1.00,31.00,50.00
54057,44.55,0.45,29.88,0.45,25.57,0.45,1.03,0.45,1.38,0.45,1.23,1.37,1.70,91.94,0.45,57.53,102.07,112.23,43.23,0.45,37.68,43.83,45.95,45.23,0.45,32.00,45.00,52.00,1.23,0.45,0.50,1.38,6.93,1.18,0.45,0.57,1.34,1.85,1.16,0.45,0.70,1.30,1.30,7.29,0.00,1.00,1.00,49.00
54060,76.06,0.00,11.41,0.00,12.54,0.00,0.45,0.00,1.57,0.00,1.47,1.51,1.74,75.81,0.00,63.88,79.09,83.68,39.24,0.00,37.68,40.10,40.22,37.29,0.00,32.00,40.00,41.00,4.04,0.00,2.97,3.42,6.93,1.58,0.00,1.27,1.64,1.67,1.30,0.00,1.30,1.30,1.30,32.89,0.00,1.00,40.00,50.00
54063,62.37,0.00,20.86,0.00,16.77,0.00,0.45,0.00,1.51,0.00,1.35,1.51,1.70,80.55,0.00,46.68,66.63,112.23,41.02,0.00,37.68,40.10,44.86,39.94,0.00,32.00,40.00,47.00,2.10,0.00,1.02,3.42,6.93,1.47,0.00,1.10,1.64,1.90,1.19,0.00,0.70,1.30,1.30,1.03,0.00,1.00,1.00,1.00
54080,43.08,4.20,38.26,4.20,18.67,4.20,2.07,4.20,1.31,4.20,0.84,1.42,1.43,70.19,4.20,57.53,57.53,235.65,43.69,4.20,43.49,43.55,44.86,47.08,4.20,44.00,44.00,81.00,1.56,4.20,1.21,1.59,2.30,1.51,4.20,1.29,1.47,3.13,0.72,4.20,0.30,0.70,1.30,1.09,0.00,1.00,1.00,1.00
54095,48.94,1.14,29.96,1.14,21.09,1.14,1.60,1.14,1.38,1.14,1.13,1.40,1.70,88.53,1.14,57.53,82.82,112.23,42.77,1.14,37.68,43.55,44.86,44.74,1.14,32.00,45.00,60.00,1.55,1.14,1.02,1.59,6.93,1.39,1.14,1.10,1.47,2.49,1.09,1.14,0.70,1.30,1.30,12.22,0.00,1.00,1.00,50.00
54096,39.39,0.00,35.40,0.00,25.21,0.00,0.64,0.00,1.38,0.00,1.35,1.36,1.42,88.99,0.00,57.53,95.48,112.23,43.97,0.00,43.55,44.10,44.86,45.42,0.00,44.00,46.00,47.00,1.26,0.00,1.02,1.21,1.59,1.29,0.00,1.10,1.26,1.47,1.08,0.00,0.70,1.30,1.30,1.04,0.00,1.00,1.00,1.00
55002,42.43,2.01,36.91,2.01,20.66,2.01,2.26,2.01,1.32,2.01,0.84,1.40,1.43,80.24,2.01,52.46,65.12,221.88,43.71,2.01,42.80,43.55,44.86,46.95,2.01,43.00,45.00,81.00,1.49,2.01,1.15,1.59,2.30,1.47,2.01,1.26,1.47,3.13,0.86,2.01,0.30,0.70,1.30,2.54,0.00,1.00,1.00,17.00
55007,42.67,2.84,37.45,2.84,19.88,2.84,2.51,2.84,1.30,2.84,0.84,1.42,1.43,78.01,2.84,49.67,60.86,235.65,43.70,2.84,42.80,43.55,44.86,47.33,2.84,42.00,45.00,81.00,1.51,2.84,1.02,1.59,2.30,1.49,2.84,1.10,1.47,3.13,0.80,2.84,0.30,0.70,1.30,1.32,0.00,1.00,1.00,2.00
55008,42.27,0.00,41.22,0.00,16.51,0.00,2.99,0.00,1.10,0.00,0.84,1.13,1.42,69.54,0.00,NaN,70.11,78.27,43.89,0.00,NaN,44.00,44.15,53.19,0.00,NaN,53.00,60.00,1.56,0.00,1.24,1.59,2.12,1.85,0.00,1.47,1.69,2.49,0.52,0.00,0.30,0.70,0.70,1.00,0.00,1.00,1.00,1.00
55013,41.51,0.79,36.02,0.79,22.47,0.79,1.13,0.79,1.36,0.79,1.13,1.39,1.42,76.40,0.79,57.53,60.68,112.23,43.77,0.79,43.55,43.74,44.86,45.62,0.79,44.00,45.00,53.00,1.42,0.79,1.02,1.41,1.59,1.42,0.79,1.10,1.47,1.69,0.91,0.79,0.70,0.70,1.30,1.08,0.00,1.00,1.00,1.00
55014,43.20,0.00,36.22,0.00,20.57,0.00,1.19,0.00,1.38,0.00,0.84,1.42,1.43,65.74,0.00,57.53,57.53,102.95,43.60,0.00,42.80,43.55,44.00,45.19,0.00,43.00,44.00,56.75,1.54,0.00,1.34,1.59,1.89,1.49,0.00,1.34,1.47,2.12,0.76,0.00,0.30,0.70,1.30,2.01,0.00,1.00,1.00,2.00
55016,41.96,1.06,37.17,1.06,20.87,1.06,1.26,1.06,1.37,1.06,1.31,1.42,1.43,78.26,1.06,57.53,59.02,112.23,43.77,1.06,43.49,43.55,44.86,45.38,1.06,44.00,44.00,47.00,1.46,1.06,1.02,1.59,2.30,1.39,1.06,1.10,1.47,1.61,0.88,1.06,0.30,0.70,1.30,1.52,0.00,1.00,1.00,2.00
55018,36.89,0.00,36.02,0.00,27.09,0.00,0.47,0.00,1.36,0.00,1.35,1.36,1.38,109.35,0.00,102.07,110.92,112.23,44.26,0.00,43.74,44.10,44.86,46.10,0.00,45.00,46.00,47.00,1.17,0.00,1.02,1.21,1.39,1.22,0.00,1.10,1.26,1.36,1.30,0.00,1.30,1.30,1.30,3.52,0.00,1.00,1.00,23.00
55021,41.69,0.00,35.82,0.00,22.49,0.00,1.32,0.00,1.37,0.00,1.35,1.39,1.42,79.89,0.00,57.53,60.68,112.23,43.75,0.00,43.55,43.74,44.86,45.67,0.00,44.00,45.00,47.00,1.43,0.00,1.02,1.43,1.84,1.41,0.00,1.10,1.47,1.61,0.93,0.00,0.70,0.70,1.30,4.58,0.00,1.00,1.00,29.00
55023,41.35,0.97,36.27,0.97,22.38,0.97,1.63,0.97,1.34,0.97,1.13,1.39,1.42,83.83,0.97,57.53,73.25,112.23,43.80,0.97,43.49,43.74,44.86,46.29,0.97,44.00,45.00,60.00,1.41,0.97,1.02,1.41,2.12,1.40,0.97,1.10,1.47,2.49,0.95,0.97,0.30,0.70,1.30,4.09,0.00,1.00,1.00,24.00
55025,42.93,0.00,35.88,0.00,21.19,0.00,0.83,0.00,1.41,0.00,1.37,1.42,1.42,63.27,0.00,57.53,57.53,95.48,43.62,0.00,43.55,43.55,43.83,44.31,0.00,44.00,44.00,45.00,1.52,0.00,1.34,1.59,1.59,1.45,0.00,1.34,1.47,1.47,0.78,0.00,0.70,0.70,1.30,1.32,0.00,1.00,1.00,1.00
55026,43.95,3.42,39.08,3.42,16.97,3.42,1.87,3.42,1.30,3.42,0.84,1.42,1.43,63.05,3.42,49.67,57.53,78.27,43.63,3.42,42.80,43.55,44.15,47.24,3.42,42.00,44.00,60.00,1.65,3.42,1.24,1.59,2.30,1.58,3.42,1.29,1.47,2.49,0.60,3.42,0.30,0.70,0.70,1.28,0.00,1.00,1.00,2.00
55029,40.40,0.00,36.01,0.00,23.59,0.00,1.55,0.00,1.34,0.00,0.84,1.38,1.42,89.53,0.00,57.53,95.48,112.23,43.89,0.00,43.55,43.74,44.86,46.51,0.00,44.00,45.00,60.00,1.35,0.00,1.02,1.39,1.59,1.38,0.00,1.10,1.36,2.49,1.03,0.00,0.70,1.30,1.30,1.85,0.00,0.00,1.00,2.00
55032,42.29,4.47,37.82,4.47,19.89,4.47,8.96,4.47,1.00,4.47,0.28,1.13,1.43,101.91,4.47,57.53,70.11,235.65,43.76,4.47,43.55,43.60,44.40,56.77,4.47,44.00,53.00,81.00,1.46,4.47,1.15,1.59,2.30,1.89,4.47,1.47,1.69,4.26,0.74,4.47,0.30,0.70,1.30,1.09,0.00,1.00,1.00,1.00
56001,43.43,2.06,35.60,2.06,20.97,2.06,1.52,2.06,1.35,2.06,1.22,1.42,1.45,73.37,2.06,57.53,57.53,108.31,43.56,2.06,42.80,43.55,44.08,45.95,2.06,42.00,44.00,50.90,1.52,2.06,1.21,1.59,2.57,1.46,2.06,1.34,1.47,1.69,0.85,2.00,0.50,0.70,1.30,1.18,0.00,1.00,1.00,2.00
56002,43.73,3.89,36.76,3.89,19.50,3.89,1.38,3.89,1.38,3.89,1.22,1.42,1.43,65.33,3.89,49.67,57.53,108.31,43.57,3.89,42.80,43.55,44.08,44.96,3.89,42.00,44.00,50.00,1.58,3.89,1.21,1.59,2.30,1.45,3.89,1.29,1.47,1.61,0.73,3.89,0.30,0.70,1.30,0.96,0.00,0.00,1.00,1.00
56007,40.74,2.53,34.97,2.53,24.29,2.53,1.32,2.53,1.31,2.53,1.22,1.22,1.43,84.35,2.53,NaN,108.31,108.31,43.81,2.53,NaN,44.08,44.08,47.12,2.53,NaN,50.00,50.00,1.36,2.53,1.21,1.21,1.72,1.43,2.53,1.39,1.39,1.54,0.99,2.53,NaN,1.30,1.30,0.96,0.00,0.00,1.00,1.00
56012,43.10,0.00,37.84,0.00,19.06,0.00,2.55,0.00,1.28,0.00,0.84,1.42,1.42,68.47,0.00,57.53,57.53,95.48,43.67,0.00,43.55,43.55,44.15,48.00,0.00,44.00,44.00,60.00,1.56,0.00,1.24,1.59,2.12,1.59,0.00,1.47,1.47,2.49,0.69,0.00,0.30,0.70,1.30,0.94,0.00,0.00,1.00,1.00
56013,41.81,0.00,36.20,0.00,21.98,0.00,2.58,0.00,1.30,0.00,1.17,1.38,1.42,85.36,0.00,57.53,65.12,108.92,43.75,0.00,43.49,43.60,44.08,47.70,0.00,44.00,45.00,50.00,1.43,0.00,1.21,1.41,2.30,1.45,0.00,1.29,1.47,1.51,0.95,0.00,0.70,0.70,1.30,1.02,0.00,1.00,1.00,1.00
57004,43.21,1.24,37.95,1.24,18.84,1.24,1.66,1.24,1.31,1.24,0.84,1.42,1.43,68.11,1.24,49.67,57.53,108.31,43.66,1.24,42.80,43.55,44.15,47.05,1.24,42.00,44.00,60.00,1.57,1.24,1.21,1.59,2.30,1.53,1.24,1.29,1.47,2.49,0.71,1.24,0.30,0.70,1.30,1.30,0.00,1.00,1.00,2.00
57005,42.78,3.80,37.28,3.80,19.94,3.80,1.70,3.80,1.31,3.80,0.84,1.42,1.43,73.96,3.80,49.67,60.86,108.92,43.69,3.80,42.80,43.55,44.15,46.94,3.80,42.00,45.00,60.00,1.52,3.80,1.21,1.59,2.30,1.48,3.80,1.29,1.47,2.49,0.80,3.58,0.30,0.70,1.30,1.13,0.00,1.00,1.00,1.00
57006,43.38,4.49,38.44,4.49,18.17,4.49,2.17,4.49,1.27,4.49,0.84,1.42,1.43,70.44,4.49,49.67,57.53,169.64,43.66,4.49,42.80,43.55,44.15,48.02,4.49,42.00,44.00,70.06,1.59,4.49,1.21,1.59,2.30,1.57,4.49,1.34,1.47,2.80,0.69,3.52,0.30,0.70,1.30,1.00,0.00,1.00,1.00,1.00
57007,41.93,3.48,36.27,3.48,21.80,3.48,1.59,3.48,1.32,3.48,1.22,1.38,1.43,81.49,3.48,49.67,73.25,108.92,43.74,3.48,42.80,43.64,44.08,46.87,3.48,42.00,46.00,53.00,1.44,3.48,1.21,1.59,2.30,1.43,3.48,1.29,1.41,1.69,0.93,3.48,0.30,0.70,1.30,1.13,0.00,1.00,1.00,1.00
57008,45.06,5.17,35.39,5.17,19.55,5.17,1.17,5.17,1.39,5.17,1.22,1.42,NaN,68.03,5.17,49.67,57.53,NaN,43.38,5.17,40.10,43.55,NaN,44.57,5.17,40.00,44.00,NaN,1.61,5.17,1.21,1.59,NaN,1.45,5.17,1.29,1.47,NaN,0.80,5.17,0.30,0.70,NaN,1.05,0.00,1.00,1.00,1.00
57009,58.36,1.77,24.67,1.77,16.97,1.77,0.78,1.77,1.47,1.77,1.31,1.47,1.70,69.90,1.77,50.42,65.12,108.31,41.58,1.77,37.68,42.80,43.87,41.44,1.77,32.00,42.00,46.00,2.22,1.77,1.39,2.97,6.93,1.55,1.77,1.39,1.57,1.85,1.00,1.77,0.70,1.30,1.30,3.44,0.00,1.00,1.00,21.00
58001,43.70,1.90,38.25,1.90,18.05,1.90,1.55,1.90,1.33,1.90,0.84,1.42,1.43,64.94,1.90,49.67,57.53,108.31,43.62,1.90,42.80,43.55,44.08,46.32,1.90,42.00,44.00,60.00,1.61,1.90,1.21,1.59,2.30,1.52,1.90,1.29,1.47,2.49,0.68,1.90,0.30,0.70,1.30,1.07,0.00,1.00,1.00,1.00
58002,41.76,1.57,37.24,1.57,21.00,1.57,1.94,1.57,1.26,1.57,0.84,1.22,1.43,83.08,1.57,49.67,78.27,108.92,43.79,1.57,42.80,43.87,44.15,48.43,1.57,42.00,50.00,60.00,1.45,1.57,1.21,1.39,2.24,1.50,1.57,1.34,1.47,2.49,0.89,2.10,0.30,0.70,1.30,1.01,0.00,1.00,1.00,1.00
58006,40.44,3.06,36.09,3.06,23.47,3.06,1.41,3.06,1.29,3.06,1.22,1.22,1.42,89.24,3.06,57.53,108.31,108.76,43.89,3.06,43.55,44.08,44.08,47.86,3.06,44.00,50.00,50.00,1.36,3.06,1.21,1.21,2.30,1.41,3.06,1.33,1.39,1.51,1.04,3.06,0.70,1.30,1.30,0.98,0.00,1.00,1.00,1.00
58008,43.31,0.17,36.27,0.17,20.43,0.17,1.46,0.17,1.35,0.17,1.17,1.42,1.43,73.81,0.17,49.67,57.53,108.92,43.59,0.17,42.80,43.55,44.08,45.70,0.17,42.00,44.00,50.00,1.53,0.17,1.21,1.59,2.24,1.45,0.17,1.34,1.47,1.61,0.83,0.17,0.30,0.70,1.30,1.02,0.00,1.00,1.00,1.00
58009,43.89,4.74,35.20,4.74,20.91,4.74,0.92,4.74,1.41,4.74,1.36,1.42,1.51,66.53,4.74,49.67,57.53,112.21,43.49,4.74,42.80,43.55,44.10,44.18,4.74,42.00,44.00,46.00,1.56,4.74,1.21,1.59,3.42,1.46,4.74,1.26,1.47,1.64,0.78,4.74,0.30,0.70,1.30,3.46,0.00,1.00,1.00,18.00
58010,38.12,0.00,34.48,0.00,27.41,0.00,1.60,0.00,1.22,0.00,1.15,1.22,1.22,106.94,0.00,85.67,108.31,108.31,44.07,0.00,44.08,44.08,44.08,50.05,0.00,50.00,50.00,50.00,1.22,0.00,1.21,1.21,1.22,1.40,0.00,1.39,1.39,1.49,1.26,0.00,0.70,1.30,1.30,1.02,0.00,1.00,1.00,1.00
58012,43.00,5.57,37.98,5.57,19.01,5.57,1.96,5.57,1.27,5.57,0.84,1.42,NaN,66.26,5.57,49.67,65.12,NaN,43.69,5.57,42.80,43.56,NaN,48.15,5.57,42.00,45.00,NaN,1.55,5.57,1.24,1.59,NaN,1.61,5.57,1.34,1.47,NaN,0.64,5.57,0.30,0.70,NaN,0.99,0.00,1.00,1.00,1.00
59001,42.26,2.76,36.00,2.76,21.74,2.76,1.67,2.76,1.32,2.76,1.17,1.39,1.43,80.05,2.76,49.67,65.12,108.92,43.69,2.76,42.80,43.82,44.08,46.64,2.76,42.00,45.00,50.00,1.46,2.76,1.21,1.59,2.30,1.44,2.76,1.34,1.41,1.61,0.90,2.36,0.30,0.70,1.30,0.97,0.00,1.00,1.00,1.00
60002,43.72,5.72,37.83,5.72,18.45,5.72,1.28,5.72,1.37,5.72,1.17,1.42,NaN,63.22,5.72,57.53,57.53,NaN,43.61,5.72,43.49,43.55,NaN,45.11,5.72,44.00,44.00,NaN,1.61,5.72,1.30,1.59,NaN,1.45,5.72,1.29,1.47,NaN,0.70,5.05,0.30,0.70,NaN,1.02,0.00,1.00,1.00,1.00
60003,42.88,1.32,36.05,1.32,21.07,1.32,0.85,1.32,1.40,1.32,1.37,1.42,1.42,66.44,1.32,57.53,57.53,108.92,43.63,1.32,43.55,43.55,43.83,44.39,1.32,44.00,44.00,45.00,1.52,1.32,1.34,1.59,1.59,1.44,1.32,1.34,1.47,1.47,0.80,1.32,0.70,0.70,1.30,1.29,0.00,1.00,1.00,2.00
60005,43.78,4.42,37.21,4.42,19.01,4.42,1.23,4.42,1.39,4.42,1.22,1.42,1.43,64.90,4.42,49.67,57.53,108.92,43.58,4.42,42.80,43.55,44.14,44.78,4.42,42.00,44.00,52.13,1.60,4.42,1.21,1.59,2.30,1.44,4.42,1.29,1.47,1.80,0.73,4.42,0.30,0.70,1.30,0.99,0.00,1.00,1.00,1.00
60006,43.07,4.57,36.62,4.57,20.31,4.57,0.92,4.57,1.41,4.57,1.38,1.42,1.42,61.74,4.57,57.53,57.53,108.92,43.63,4.57,43.55,43.55,43.87,44.37,4.57,44.00,44.00,46.00,1.55,4.57,1.39,1.59,2.30,1.44,4.57,1.34,1.47,1.47,0.72,4.57,0.70,0.70,1.30,1.05,0.00,1.00,1.00,2.00
60010,43.74,4.80,37.48,4.80,18.77,4.80,1.47,4.80,1.35,4.80,1.13,1.42,1.45,66.62,4.80,57.53,57.53,235.65,43.59,4.80,42.80,43.55,44.19,45.70,4.80,43.00,44.00,81.00,1.60,4.80,1.21,1.59,2.52,1.48,4.80,1.29,1.47,3.13,0.73,4.49,0.30,0.70,1.30,1.17,0.00,1.00,1.00,1.00
60012,43.36,0.00,41.16,0.00,15.48,0.00,2.13,0.00,1.24,0.00,0.84,1.31,1.42,67.54,0.00,57.53,70.11,78.27,43.77,0.00,43.49,43.55,44.15,49.06,0.00,44.00,46.00,60.00,1.63,0.00,1.24,1.59,2.30,1.56,0.00,1.29,1.47,2.49,0.64,0.00,0.30,0.70,0.70,0.98,0.00,1.00,1.00,1.00
6007,53.97,7.71,22.89,7.71,23.14,7.71,12.33,7.71,1.06,7.71,0.28,1.17,NaN,115.70,7.71,33.89,97.81,NaN,41.98,7.71,37.94,43.60,NaN,54.75,7.71,32.00,55.00,NaN,1.35,7.71,0.52,1.43,NaN,1.47,7.71,0.53,2.10,NaN,0.90,7.34,0.30,1.30,NaN,1.18,0.00,0.00,1.00,2.00
6008,54.72,5.59,22.36,5.59,22.92,5.59,13.62,5.59,1.00,5.59,0.28,1.14,NaN,122.22,5.59,33.89,97.81,NaN,41.88,5.59,38.04,43.60,NaN,56.28,5.59,33.00,55.00,NaN,1.37,5.59,0.52,1.38,NaN,1.61,5.59,0.53,2.10,NaN,0.93,5.59,0.50,1.30,NaN,1.03,0.00,1.00,1.00,1.00
61001,42.73,0.91,35.87,0.91,21.40,0.91,1.00,0.91,1.40,0.91,1.37,1.42,1.42,70.09,0.91,57.53,57.53,108.92,43.64,0.91,43.55,43.55,43.83,44.63,0.91,44.00,44.00,45.00,1.51,0.91,1.34,1.59,1.59,1.44,0.91,1.34,1.47,1.47,0.85,0.91,0.70,0.70,1.30,1.75,0.00,1.00,1.00,2.00
61002,42.73,1.18,36.27,1.18,21.00,1.18,0.97,1.18,1.39,1.18,1.22,1.42,1.42,69.19,1.18,57.53,57.53,108.92,43.65,1.18,43.55,43.55,44.08,44.83,1.18,44.00,44.00,50.00,1.51,1.18,1.21,1.59,2.24,1.44,1.18,1.34,1.47,1.47,0.83,1.18,0.70,0.70,1.30,1.09,0.00,1.00,1.00,1.00
62001,43.00,1.81,37.38,1.81,19.61,1.81,1.69,1.81,1.34,1.81,0.84,1.42,1.42,69.68,1.81,57.53,57.53,108.92,43.67,1.81,43.49,43.55,44.15,46.31,1.81,44.00,44.00,60.00,1.55,1.81,1.21,1.59,2.30,1.49,1.81,1.29,1.47,2.49,0.77,1.70,0.30,0.70,1.30,1.57,0.00,1.00,1.00,2.00
63001,43.25,5.87,38.17,5.87,18.58,5.87,3.41,5.87,1.25,5.87,0.28,1.39,NaN,76.90,5.87,49.67,60.82,NaN,43.67,5.87,42.80,43.60,NaN,48.97,5.87,42.00,45.00,NaN,1.57,5.87,1.15,1.59,NaN,1.59,5.87,1.29,1.47,NaN,0.72,5.87,0.30,0.70,NaN,1.15,0.00,1.00,1.00,1.00
63004,42.18,0.00,39.21,0.00,18.60,0.00,10.15,0.00,0.90,0.00,0.28,0.84,1.42,109.48,0.00,57.53,78.27,235.65,43.82,0.00,43.55,44.00,44.15,59.89,0.00,44.00,60.00,81.00,1.47,0.00,1.15,1.39,2.12,2.06,0.00,1.47,2.49,3.13,0.70,0.00,0.30,0.70,1.30,0.98,0.00,1.00,1.00,1.00
64001,46.16,4.88,36.85,4.88,16.99,4.88,3.88,4.88,1.23,4.88,0.28,1.42,1.67,69.00,4.88,41.36,57.53,235.65,43.31,4.88,38.07,43.55,45.70,49.21,4.88,33.33,44.00,85.00,1.66,4.88,1.24,1.59,6.29,1.67,4.88,1.29,1.61,4.38,0.58,5.10,0.30,0.70,NaN,0.97,0.00,0.00,1.00,1.00
64002,61.51,13.34,23.06,13.34,15.43,13.34,3.19,13.34,1.46,13.34,1.42,1.43,NaN,49.97,13.34,33.89,49.67,NaN,41.20,13.34,38.04,42.80,NaN,40.64,13.34,33.00,42.00,NaN,2.37,13.34,1.59,1.84,NaN,1.77,13.34,1.47,1.61,NaN,0.46,14.35,0.30,0.50,NaN,0.83,0.00,0.00,1.00,1.00
64006,43.60,2.53,40.09,2.53,16.31,2.53,1.91,2.53,1.27,2.53,0.84,1.39,1.43,65.36,2.53,57.53,65.12,78.27,43.70,2.53,43.49,43.55,44.15,47.94,2.53,44.00,45.00,60.00,1.64,2.53,1.24,1.59,2.30,1.56,2.53,1.29,1.47,2.49,0.62,2.53,0.30,0.70,0.70,1.00,0.00,1.00,1.00,1.00
65001,49.82,5.85,35.09,5.85,15.09,5.85,5.73,5.85,1.12,5.85,0.23,1.13,NaN,68.30,5.85,33.89,70.11,NaN,42.87,5.85,38.04,44.00,NaN,51.84,5.85,33.00,53.00,NaN,1.80,5.85,1.24,1.84,NaN,1.94,5.85,1.61,2.10,NaN,0.45,5.85,0.30,0.30,NaN,0.86,0.00,0.00,1.00,1.00
65004,45.38,8.41,32.07,8.41,22.56,8.41,4.57,8.41,1.25,8.41,0.23,1.42,NaN,69.08,8.41,33.89,60.68,NaN,43.22,8.41,38.04,43.55,NaN,48.86,8.41,33.00,45.00,NaN,1.40,8.41,0.50,1.59,NaN,1.50,8.41,0.68,1.61,NaN,0.67,8.41,0.30,0.70,NaN,0.98,0.00,0.00,1.00,1.00
65005,39.63,0.00,35.98,0.00,24.39,0.00,1.57,0.00,1.24,0.00,0.84,1.22,1.42,96.36,0.00,57.53,108.31,108.92,43.97,0.00,43.55,44.08,44.08,49.30,0.00,44.00,50.00,60.00,1.31,0.00,1.21,1.21,2.12,1.45,0.00,1.34,1.39,2.49,1.11,0.00,0.30,1.30,1.30,1.83,0.00,0.00,1.00,19.00
65006,51.06,3.91,28.64,3.91,20.29,3.91,2.71,3.91,1.38,3.91,1.06,1.43,1.65,60.42,3.91,33.89,49.67,122.41,42.50,3.91,38.04,43.12,45.70,43.93,3.91,33.00,43.00,85.00,1.63,3.91,0.52,1.84,6.22,1.52,3.91,0.85,1.61,4.14,0.60,3.91,0.30,0.50,1.30,1.56,0.00,0.00,1.00,2.00
65007,44.70,1.68,36.91,1.68,18.39,1.68,4.26,1.68,1.15,1.68,0.84,1.13,1.65,66.33,1.68,33.89,65.57,122.41,43.47,1.68,38.04,43.87,45.70,51.68,1.68,33.00,53.00,85.00,1.43,1.68,0.50,1.59,6.21,1.59,1.68,0.68,1.69,4.14,0.53,1.68,0.30,0.70,0.70,0.90,0.00,0.00,1.00,1.00
65008,54.66,0.00,27.65,0.00,17.69,0.00,2.04,0.00,1.47,0.00,1.41,1.43,1.65,46.01,0.00,33.89,49.67,49.67,42.08,0.00,38.04,42.80,43.63,40.57,0.00,33.00,42.00,43.00,2.04,0.00,1.57,1.84,6.21,1.66,0.00,1.51,1.61,2.10,0.36,0.00,0.30,0.30,0.50,0.69,0.00,0.00,1.00,1.00
66001,41.57,0.71,36.33,0.71,22.10,0.71,0.88,0.71,1.39,0.71,1.35,1.42,1.42,72.66,0.71,57.53,57.53,112.23,43.78,0.71,43.49,43.55,44.86,45.03,0.71,44.00,44.00,47.00,1.42,0.71,1.02,1.59,1.89,1.39,0.71,1.10,1.47,1.61,0.86,0.71,0.70,0.70,1.30,4.01,0.00,1.00,1.00,27.00
66004,41.08,0.00,35.23,0.00,23.69,0.00,0.76,0.00,1.39,0.00,1.36,1.39,1.42,73.83,0.00,43.42,60.68,110.92,43.79,0.00,43.55,43.74,44.10,44.90,0.00,44.00,45.00,46.00,1.39,0.00,1.21,1.41,1.59,1.43,0.00,1.26,1.47,1.93,0.85,0.00,0.30,0.70,1.30,4.12,0.00,1.00,1.00,26.00
66006,42.64,1.57,37.49,1.57,19.86,1.57,2.89,1.57,1.27,1.57,0.84,1.39,1.42,75.79,1.57,57.53,60.68,235.65,43.71,1.57,43.49,43.60,44.15,48.30,1.57,44.00,45.00,81.00,1.52,1.57,1.24,1.59,2.30,1.55,1.57,1.29,1.47,3.13,0.78,1.04,0.30,0.70,1.30,1.19,0.00,1.00,1.00,1.00
66011,44.06,2.94,37.01,2.94,18.93,2.94,5.96,2.94,1.14,2.94,0.28,1.31,1.65,88.72,2.94,49.67,70.11,235.65,43.54,2.94,42.80,43.60,45.57,52.33,2.94,42.00,50.00,81.00,1.50,2.94,1.15,1.59,6.21,1.63,2.94,1.29,1.61,3.13,0.72,2.94,0.30,0.70,1.30,0.97,0.00,1.00,1.00,1.00
67001,43.94,5.10,36.59,5.10,19.47,5.10,6.01,5.10,1.16,5.10,0.28,1.38,NaN,92.77,5.10,49.67,65.12,NaN,43.54,5.10,42.80,43.60,NaN,51.56,5.10,42.00,46.00,NaN,1.50,5.10,1.15,1.59,NaN,1.60,5.10,1.29,1.47,NaN,0.80,4.72,0.30,0.70,1.30,0.98,0.00,1.00,1.00,1.00
67005,42.79,0.00,36.43,0.00,20.77,0.00,4.28,0.00,1.25,0.00,0.28,1.42,1.43,81.49,0.00,57.53,57.53,235.65,43.65,0.00,42.80,43.55,44.62,49.16,0.00,42.00,44.00,81.00,1.49,0.00,1.02,1.59,2.12,1.56,0.00,1.10,1.47,3.13,0.78,0.00,0.30,0.70,1.30,1.03,0.00,1.00,1.00,1.00
67006,43.31,1.31,38.81,1.31,17.89,1.31,2.99,1.31,1.25,1.31,0.84,1.39,1.43,71.19,1.31,49.67,65.12,108.31,43.69,1.31,42.80,43.55,44.15,48.86,1.31,42.00,45.00,60.00,1.58,1.31,1.21,1.59,2.30,1.58,1.31,1.29,1.47,2.49,0.66,1.31,0.30,0.70,1.30,1.05,0.00,1.00,1.00,1.00
67008,43.50,0.06,34.83,0.06,21.67,0.06,1.59,0.06,1.35,0.06,0.84,1.39,1.47,74.47,0.06,57.53,60.68,112.23,43.52,0.06,40.22,43.74,44.15,45.90,0.06,41.00,45.00,60.00,1.49,0.06,1.15,1.41,2.97,1.47,0.06,1.26,1.47,2.49,0.86,0.06,0.30,0.70,1.30,2.12,0.00,1.00,1.00,17.00
67010,44.79,0.00,33.29,0.00,21.92,0.00,12.52,0.00,0.98,0.00,0.28,1.17,1.46,125.91,0.00,NaN,108.31,235.65,43.33,0.00,NaN,43.60,44.08,57.74,0.00,NaN,50.00,81.00,1.41,0.00,1.15,1.32,2.67,1.88,0.00,NaN,1.61,3.13,0.90,0.00,0.30,1.30,1.30,0.89,0.00,0.00,1.00,1.00
67015,43.38,2.82,37.26,2.82,19.36,2.82,3.85,2.82,1.24,2.82,0.28,1.42,1.43,80.01,2.82,49.67,60.86,235.65,43.62,2.82,42.80,43.55,44.86,49.20,2.82,42.00,45.00,81.00,1.53,2.82,1.15,1.59,2.30,1.56,2.82,1.26,1.47,3.13,0.75,2.72,0.30,0.70,1.30,1.29,0.00,1.00,1.00,2.00
67018,43.81,2.63,36.21,2.63,19.98,2.63,8.62,2.63,1.05,2.63,0.28,1.17,1.67,107.43,2.63,49.67,78.27,235.65,43.54,2.63,42.80,43.64,45.17,54.99,2.63,42.00,50.00,81.00,1.42,2.63,1.15,1.39,6.29,1.60,2.63,1.39,1.51,3.13,0.86,2.63,0.30,0.70,1.30,0.98,0.00,0.00,1.00,1.00
67025,48.48,0.00,29.52,0.00,22.00,0.00,1.44,0.00,1.39,0.00,1.18,1.42,1.52,87.28,0.00,57.53,79.09,112.23,42.80,0.00,39.05,43.55,44.86,44.67,0.00,38.00,44.00,49.72,1.54,0.00,1.02,1.59,4.19,1.39,0.00,1.10,1.47,1.77,1.10,0.00,0.70,1.30,1.30,14.13,0.00,1.00,1.00,50.00
67033,43.93,1.59,34.81,1.59,21.26,1.59,2.53,1.59,1.31,1.59,0.84,1.39,1.51,85.57,1.59,57.53,73.25,235.65,43.47,1.59,40.10,43.64,44.86,47.32,1.59,40.00,45.00,81.00,1.45,1.59,1.02,1.59,3.42,1.43,1.59,1.10,1.47,3.13,0.93,1.53,0.30,0.70,1.30,8.98,0.00,1.00,1.00,50.00
68001,46.70,0.00,28.41,0.00,24.88,0.00,0.48,0.00,1.41,0.00,1.24,1.35,1.70,98.93,0.00,63.88,110.92,112.23,42.95,0.00,37.68,44.86,45.83,44.14,0.00,32.00,47.00,52.00,1.28,0.00,0.56,1.02,6.93,1.19,0.00,0.74,1.10,1.67,1.29,0.00,1.30,1.30,1.30,31.13,0.00,1.00,34.00,50.00
68003,48.22,0.00,28.84,0.00,22.93,0.00,2.18,0.00,1.37,0.00,1.17,1.35,1.71,102.53,0.00,57.53,108.92,112.23,42.80,0.00,37.68,44.08,44.86,45.44,0.00,32.00,47.00,52.00,1.39,0.00,1.02,1.21,6.93,1.29,0.00,1.10,1.26,2.44,1.25,0.00,0.70,1.30,1.30,24.58,0.00,1.00,25.00,50.00
68004,45.36,0.00,29.60,0.00,25.03,0.00,0.46,0.00,1.41,0.00,1.24,1.35,1.70,100.57,0.00,63.88,110.92,112.23,43.13,0.00,37.68,44.86,45.83,44.40,0.00,32.00,47.00,52.00,1.26,0.00,0.56,1.02,6.93,1.20,0.00,0.74,1.10,1.67,1.30,0.00,1.30,1.30,1.30,33.66,0.00,1.00,36.00,50.00
68005,47.96,0.00,27.35,0.00,24.69,0.00,0.47,0.00,1.42,0.00,1.24,1.36,1.70,98.52,0.00,63.88,110.92,112.23,42.78,0.00,37.68,44.10,45.83,43.94,0.00,32.00,46.00,52.00,1.31,0.00,0.56,1.21,6.93,1.21,0.00,0.74,1.13,1.67,1.30,0.00,1.30,1.30,1.30,28.25,0.00,1.00,29.00,50.00
68020,48.26,0.00,28.71,0.00,23.02,0.00,0.47,0.00,1.43,0.00,1.24,1.35,1.70,97.19,0.00,63.88,112.23,112.23,42.80,0.00,37.68,44.86,45.10,43.41,0.00,32.00,47.00,48.22,1.34,0.00,0.56,1.02,6.93,1.22,0.00,0.74,1.10,1.67,1.29,0.00,1.30,1.30,1.30,27.56,0.00,1.00,31.00,50.00
69002,42.40,0.00,34.18,0.00,23.42,0.00,2.50,0.00,1.30,0.00,1.14,1.38,1.48,106.38,0.00,57.53,108.92,112.23,43.61,0.00,40.14,43.82,44.08,47.50,0.00,40.32,45.00,55.00,1.40,0.00,1.15,1.38,2.97,1.41,0.00,1.34,1.34,2.44,1.20,0.00,0.50,1.30,1.30,4.15,0.00,1.00,1.00,24.00
69007,53.05,0.00,26.31,0.00,20.64,0.00,4.52,0.00,1.33,0.00,0.28,1.38,1.73,95.24,0.00,36.11,108.31,235.65,42.20,0.00,38.07,43.60,45.57,46.36,0.00,32.00,45.00,81.00,1.56,0.00,0.56,1.38,6.47,1.45,0.00,1.10,1.45,3.13,0.95,0.00,0.30,1.30,1.30,9.60,0.00,1.00,1.00,50.00
69012,64.66,0.00,19.04,0.00,16.30,0.00,0.61,0.00,1.49,0.00,1.22,1.51,1.71,73.72,0.00,34.39,79.09,112.23,40.71,0.00,37.68,40.10,44.86,40.26,0.00,32.00,40.00,50.00,2.45,0.00,1.02,3.42,6.93,1.56,0.00,1.10,1.64,1.96,1.07,0.00,0.50,1.30,1.30,11.16,0.00,1.00,1.00,45.00
69015,59.12,0.00,22.44,0.00,18.44,0.00,10.43,0.00,1.18,0.00,0.28,1.38,1.73,109.99,0.00,36.11,60.41,235.65,41.42,0.00,38.07,43.60,44.08,50.68,0.00,32.00,45.00,81.00,1.80,0.00,1.15,1.38,6.47,1.81,0.00,1.34,1.70,3.13,0.83,0.00,0.30,0.70,1.30,1.02,0.00,1.00,1.00,1.00
69017,58.42,0.00,24.50,0.00,17.07,0.00,2.95,0.00,1.41,0.00,0.28,1.38,1.73,77.63,0.00,34.39,57.53,235.65,41.57,0.00,37.94,43.60,44.09,43.23,0.00,32.00,45.00,81.00,1.90,0.00,1.15,2.24,6.73,1.53,0.00,1.34,1.51,3.13,0.81,0.00,0.30,0.50,1.30,1.02,0.00,1.00,1.00,1.00
69023,45.81,0.00,32.20,0.00,21.99,0.00,2.23,0.00,1.33,0.00,1.17,1.38,1.55,99.30,0.00,41.36,108.92,112.23,43.18,0.00,39.68,43.82,44.08,46.41,0.00,38.00,45.00,50.00,1.50,0.00,1.15,1.38,3.91,1.43,0.00,1.34,1.39,2.05,1.15,0.00,0.50,1.30,1.30,5.70,0.00,1.00,1.00,28.00
69027,54.20,0.00,25.88,0.00,19.92,0.00,5.48,0.00,1.29,0.00,0.28,1.38,1.73,95.56,0.00,36.11,108.31,235.65,42.07,0.00,38.07,43.60,44.86,47.26,0.00,32.00,45.00,81.00,1.61,0.00,1.02,1.38,6.47,1.53,0.00,1.10,1.51,3.13,0.89,0.00,0.30,1.30,1.30,4.08,0.00,1.00,1.00,27.00
69030,50.26,0.00,27.65,0.00,22.08,0.00,0.65,0.00,1.45,0.00,1.30,1.36,1.74,99.33,0.00,68.44,110.92,112.23,42.55,0.00,37.89,44.10,44.86,42.77,0.00,32.00,46.00,47.00,1.40,0.00,1.02,1.21,6.80,1.17,0.00,1.10,1.25,1.52,1.30,0.00,1.30,1.30,1.30,27.73,0.00,1.00,27.00,50.00
69032,60.28,0.00,21.40,0.00,18.32,0.00,4.99,0.00,1.37,0.00,0.28,1.45,1.74,108.49,0.00,68.44,92.67,235.65,41.26,0.00,37.89,40.63,44.86,44.97,0.00,32.00,42.00,81.00,1.87,0.00,1.02,2.57,6.80,1.34,0.00,1.10,1.25,3.13,1.30,0.00,1.30,1.30,1.30,41.48,0.00,17.00,50.00,50.00
69043,65.10,0.00,18.69,0.00,16.21,0.00,0.45,0.00,1.51,0.00,1.38,1.51,1.70,85.48,0.00,63.88,79.09,108.92,40.66,0.00,37.68,40.10,43.82,39.95,0.00,32.00,40.00,45.00,2.59,0.00,1.38,3.42,6.93,1.54,0.00,1.34,1.64,1.67,1.29,0.00,1.30,1.30,1.30,13.63,0.00,1.00,2.00,45.00
70002,43.35,0.00,31.21,0.00,25.44,0.00,2.66,0.00,1.33,0.00,0.28,1.35,1.71,106.68,0.00,36.11,110.92,235.65,43.40,0.00,38.22,44.10,45.65,47.07,0.00,33.00,47.00,81.00,1.23,0.00,0.56,1.21,6.27,1.24,0.00,0.74,1.26,3.13,1.20,0.00,0.50,1.30,1.30,11.64,0.00,1.00,1.00,45.00
7001,58.39,0.76,20.06,0.76,21.55,0.76,16.24,0.76,0.96,0.76,0.28,1.14,1.65,132.08,0.76,33.89,97.81,235.65,41.41,0.76,38.04,43.60,45.57,57.38,0.76,33.00,55.00,81.00,1.57,0.76,0.52,1.15,6.21,2.01,0.76,0.53,2.10,3.13,0.92,0.76,0.50,1.30,1.30,1.08,0.00,1.00,1.00,1.00
7002,58.65,0.40,20.90,0.40,20.45,0.40,14.65,0.40,1.01,0.40,0.28,1.14,1.65,124.23,0.40,33.89,87.67,235.65,41.42,0.40,38.04,43.60,45.57,55.88,0.40,33.00,52.00,81.00,1.62,0.40,0.52,1.43,6.21,1.94,0.40,0.53,2.10,3.13,0.90,0.40,0.50,1.30,1.30,1.71,0.00,1.00,1.00,2.00
7003,55.88,0.00,31.40,0.00,12.72,0.00,6.64,0.00,1.16,0.00,0.28,1.17,1.65,84.51,0.00,33.89,60.86,235.65,42.09,0.00,38.04,42.75,43.82,50.47,0.00,33.00,50.00,81.00,2.07,0.00,1.15,2.31,6.21,1.83,0.00,1.34,2.10,3.13,0.75,0.00,0.50,0.50,1.30,2.34,0.11,1.00,1.00,4.00
7005,58.88,0.00,19.76,0.00,21.36,0.00,15.69,0.00,0.99,0.00,0.28,1.14,1.65,129.78,0.00,33.89,97.81,235.65,41.35,0.00,38.02,43.60,45.57,56.69,0.00,33.00,55.00,81.00,1.57,0.00,0.52,1.15,6.21,1.89,0.00,0.53,2.10,3.13,0.92,0.00,0.50,1.30,1.30,3.01,0.00,1.00,1.00,20.00
7006,63.32,0.00,19.47,0.00,17.21,0.00,14.66,0.00,1.03,0.00,0.28,1.10,1.65,119.81,0.00,33.89,55.12,235.65,40.87,0.00,38.04,42.75,43.60,54.87,0.00,33.00,52.00,81.00,2.00,0.00,1.15,2.31,6.21,2.36,0.00,2.10,2.28,3.13,0.84,0.00,0.50,0.50,1.30,1.02,0.00,1.00,1.00,1.00
71001,41.29,0.00,35.07,0.00,23.64,0.00,2.86,0.00,1.28,0.00,0.28,1.38,1.42,105.07,0.00,57.53,108.92,235.65,43.76,0.00,43.55,43.82,44.86,48.13,0.00,44.00,45.00,81.00,1.35,0.00,1.02,1.38,2.24,1.40,0.00,1.10,1.34,3.13,1.16,0.00,0.50,1.30,1.30,2.83,0.00,1.00,1.00,18.00
71004,41.98,0.00,34.30,0.00,23.72,0.00,2.79,0.00,1.29,0.00,0.28,1.38,1.42,104.15,0.00,57.53,108.92,235.65,43.66,0.00,43.55,43.82,44.08,47.78,0.00,44.00,45.00,81.00,1.38,0.00,1.15,1.38,2.24,1.42,0.00,1.34,1.34,3.13,1.15,0.00,0.50,1.30,1.30,1.56,0.00,1.00,1.00,2.00
71006,40.92,0.00,35.34,0.00,23.75,0.00,3.41,0.00,1.26,0.00,0.28,1.38,1.42,107.22,0.00,57.53,108.92,235.65,43.81,0.00,43.55,43.82,44.86,48.90,0.00,43.00,45.00,81.00,1.35,0.00,1.02,1.38,2.24,1.42,0.00,1.10,1.39,3.13,1.16,0.00,0.50,1.30,1.30,3.59,0.00,1.00,1.00,21.00
71008,41.95,0.00,35.16,0.00,22.89,0.00,2.90,0.00,1.27,0.00,0.28,1.38,1.42,104.22,0.00,57.53,108.92,235.65,43.70,0.00,43.55,43.82,44.86,48.33,0.00,44.00,45.00,81.00,1.37,0.00,1.02,1.38,2.24,1.40,0.00,1.10,1.39,3.13,1.14,0.00,0.50,1.30,1.30,1.93,0.00,1.00,1.00,3.00
71014,41.50,0.00,32.35,0.00,26.16,0.00,2.77,0.00,1.29,0.00,0.28,1.35,1.55,107.27,0.00,36.11,108.92,235.65,43.64,0.00,39.68,43.82,45.95,48.10,0.00,38.00,47.00,81.00,1.20,0.00,0.50,1.21,3.92,1.26,0.00,0.57,1.34,3.13,1.21,0.00,0.50,1.30,1.30,2.64,0.00,1.00,1.00,19.00
72002,40.30,0.00,34.80,0.00,24.90,0.00,3.44,0.00,1.25,0.00,0.28,1.35,1.47,110.32,0.00,57.53,108.92,235.65,43.86,0.00,40.22,44.08,44.86,49.34,0.00,41.00,47.00,81.00,1.25,0.00,1.02,1.21,2.97,1.34,0.00,1.10,1.39,3.13,1.18,0.00,0.50,1.30,1.30,16.43,0.00,1.00,1.00,50.00
72004,40.75,0.52,35.43,0.52,23.81,0.52,4.14,0.52,1.20,0.52,0.28,1.22,1.42,109.17,0.52,49.67,108.31,235.65,43.83,0.52,43.55,43.82,44.08,50.66,0.52,44.00,50.00,81.00,1.34,0.52,1.15,1.21,2.24,1.47,0.52,1.34,1.39,3.13,1.15,0.42,0.50,1.30,1.30,2.10,0.00,1.00,1.00,5.00
72005,40.37,1.82,36.20,1.82,23.43,1.82,3.08,1.82,1.22,1.82,0.28,1.22,1.41,105.08,1.82,44.86,108.31,235.65,43.90,1.82,43.60,43.82,44.08,49.75,1.82,44.00,50.00,81.00,1.35,1.82,1.15,1.21,2.24,1.44,1.82,1.34,1.39,3.13,1.15,1.37,0.50,1.30,1.30,1.12,0.00,0.00,1.00,2.00
72007,40.95,0.00,34.51,0.00,24.54,0.00,1.93,0.00,1.29,0.00,1.17,1.35,1.42,104.81,0.00,46.22,108.31,112.23,43.78,0.00,39.72,44.08,44.86,47.73,0.00,36.30,47.00,50.00,1.32,0.00,1.02,1.21,2.24,1.38,0.00,1.10,1.39,2.44,1.20,0.00,0.50,1.30,1.30,2.40,0.00,1.00,1.00,16.00
72009,41.34,0.00,36.67,0.00,22.00,0.00,2.08,0.00,1.29,0.00,1.17,1.38,1.42,93.83,0.00,43.33,108.31,108.92,43.82,0.00,43.55,43.82,44.08,47.44,0.00,43.00,45.00,50.00,1.42,0.00,1.21,1.38,2.24,1.42,0.00,1.34,1.39,1.58,1.04,0.00,0.50,1.30,1.30,2.39,0.00,1.00,1.00,16.00
72014,40.25,0.00,36.09,0.00,23.65,0.00,1.32,0.00,1.29,0.00,1.17,1.22,1.42,100.55,0.00,57.53,108.31,108.92,43.91,0.00,43.55,43.82,44.08,47.66,0.00,44.00,50.00,50.00,1.35,0.00,1.21,1.38,2.24,1.38,0.00,1.34,1.39,1.51,1.17,0.00,0.50,1.30,1.30,2.60,0.00,1.00,1.00,20.00
72015,40.56,2.84,35.98,2.84,23.47,2.84,3.11,2.84,1.24,2.84,0.28,1.22,1.41,104.30,2.84,43.33,108.31,235.65,43.87,2.84,43.60,43.82,44.08,49.30,2.84,43.00,50.00,81.00,1.36,2.84,1.15,1.38,2.24,1.44,2.84,1.34,1.39,3.13,1.13,2.13,0.50,1.30,1.30,1.16,0.00,0.00,1.00,2.00
73005,42.31,0.47,35.89,0.47,21.80,0.47,2.18,0.47,1.30,0.47,1.17,1.38,1.43,84.82,0.47,57.53,61.86,108.92,43.68,0.47,42.90,43.74,44.08,47.48,0.47,44.00,45.00,50.00,1.44,0.47,1.21,1.41,2.24,1.45,0.47,1.34,1.47,1.61,0.96,0.47,0.50,0.70,1.30,1.58,0.00,1.00,1.00,2.00
73009,44.40,0.00,35.98,0.00,19.61,0.00,2.67,0.00,1.26,0.00,1.17,1.22,1.65,85.97,0.00,33.89,108.31,108.92,43.47,0.00,38.04,43.74,44.08,48.23,0.00,33.00,50.00,50.00,1.52,0.00,1.21,1.38,6.21,1.49,0.00,1.34,1.47,2.10,0.92,0.00,0.30,1.30,1.30,0.95,0.00,0.00,1.00,1.00
73010,44.48,16.69,31.13,16.69,24.40,16.69,5.87,16.69,1.20,16.69,0.23,1.38,NaN,83.48,16.69,33.89,108.31,NaN,43.28,16.69,38.04,44.08,NaN,50.61,16.69,33.00,50.00,NaN,1.35,16.69,1.21,1.41,NaN,1.50,16.69,1.34,1.51,NaN,0.87,16.69,0.30,1.30,NaN,1.48,0.00,0.00,1.00,3.00
73011,41.20,0.00,36.09,0.00,22.71,0.00,2.01,0.00,1.30,0.00,1.17,1.38,1.42,92.57,0.00,57.53,108.31,108.92,43.81,0.00,43.55,43.82,44.08,47.57,0.00,44.00,45.00,50.00,1.40,0.00,1.21,1.38,2.24,1.43,0.00,1.34,1.39,1.51,1.06,0.00,0.50,1.30,1.30,1.22,0.00,1.00,1.00,2.00
73014,49.48,24.25,27.67,24.25,22.85,24.25,9.44,24.25,1.16,24.25,0.23,1.43,NaN,70.33,24.25,33.89,65.57,NaN,42.63,24.25,38.04,43.12,NaN,51.74,24.25,33.00,50.00,NaN,1.48,24.25,0.50,1.84,NaN,1.66,24.25,0.68,2.10,NaN,0.58,24.25,0.30,0.70,NaN,1.00,0.00,0.00,1.00,2.00
73015,41.48,0.00,35.61,0.00,22.91,0.00,0.66,0.00,1.39,0.00,1.38,1.38,1.42,94.29,0.00,57.53,108.92,111.43,43.76,0.00,43.55,43.82,43.94,44.75,0.00,44.00,45.00,45.00,1.43,0.00,1.38,1.38,1.59,1.38,0.00,1.34,1.34,1.47,1.13,0.00,0.70,1.30,1.30,1.73,0.00,1.00,1.00,2.00
74001,47.45,13.29,31.74,13.29,20.81,13.29,4.54,13.29,1.33,13.29,0.23,1.42,NaN,58.71,13.29,33.89,57.53,NaN,42.99,13.29,38.04,43.55,NaN,46.34,13.29,33.00,44.00,NaN,1.59,13.29,1.39,1.84,NaN,1.55,13.29,1.29,1.61,NaN,0.54,13.29,0.30,0.70,NaN,0.92,0.00,0.00,1.00,1.00
74005,44.94,8.50,32.50,8.50,22.56,8.50,1.58,8.50,1.37,8.50,1.17,1.38,NaN,85.35,8.50,33.89,108.92,NaN,43.28,8.50,38.04,43.82,NaN,44.85,8.50,33.00,45.00,NaN,1.44,8.50,1.02,1.38,NaN,1.40,8.50,1.10,1.39,NaN,0.98,7.73,0.30,1.30,NaN,2.13,0.00,0.00,1.00,17.00
74006,46.20,0.55,33.22,0.55,20.58,0.55,3.53,0.55,1.28,0.55,0.26,1.38,1.65,90.72,0.55,33.89,108.31,122.41,43.18,0.55,38.04,43.82,44.08,47.75,0.55,33.00,45.00,72.95,1.54,0.55,1.21,1.38,6.21,1.51,0.55,1.34,1.39,2.78,0.98,0.55,0.30,1.30,1.30,2.07,0.00,1.00,1.00,18.00
74007,49.37,7.07,28.77,7.07,21.87,7.07,7.32,7.07,1.23,7.07,0.23,1.43,NaN,64.49,7.07,33.89,57.53,NaN,42.68,7.07,38.04,43.12,NaN,49.31,7.07,33.00,44.00,NaN,1.49,7.07,0.50,1.84,NaN,1.55,7.07,0.68,1.61,NaN,0.56,7.07,0.30,0.70,NaN,0.92,0.00,0.00,1.00,1.00
75003,49.10,13.08,29.45,13.08,21.45,13.08,4.38,13.08,1.29,13.08,0.23,1.43,NaN,73.77,13.08,33.89,70.11,NaN,42.73,13.08,38.04,43.63,NaN,47.23,13.08,33.00,45.00,NaN,1.49,13.08,0.50,1.84,NaN,1.51,13.08,0.68,1.61,NaN,0.72,12.81,0.30,0.70,NaN,1.95,0.00,0.00,1.00,2.00
75004,51.72,9.67,27.04,9.67,21.24,9.67,5.92,9.67,1.27,9.67,0.23,1.43,NaN,73.24,9.67,33.89,65.57,NaN,42.37,9.67,38.04,43.12,NaN,47.78,9.67,33.00,45.00,NaN,1.60,9.67,1.21,1.84,NaN,1.61,9.67,1.34,1.61,NaN,0.71,9.67,0.30,0.70,NaN,0.93,0.00,0.00,1.00,2.00
75017,40.38,0.00,36.26,0.00,23.35,0.00,0.73,0.00,1.38,0.00,1.22,1.38,1.42,94.18,0.00,57.53,108.92,112.23,43.90,0.00,43.55,43.82,44.86,45.28,0.00,44.00,45.00,50.00,1.36,0.00,1.02,1.38,1.59,1.33,0.00,1.10,1.34,1.47,1.13,0.00,0.70,1.30,1.30,3.56,0.00,1.00,1.00,22.00
76003,46.46,9.07,31.80,9.07,21.73,9.07,3.38,9.07,1.28,9.07,0.84,1.36,NaN,83.25,9.07,33.89,108.31,NaN,43.10,9.07,38.04,44.08,NaN,47.65,9.07,33.00,47.00,NaN,1.41,9.07,1.02,1.40,NaN,1.41,9.07,1.10,1.51,NaN,0.89,9.07,0.30,1.30,NaN,2.02,0.00,0.00,1.00,16.00
76005,44.24,0.46,32.45,0.46,23.31,0.46,4.54,0.46,1.24,0.46,0.28,1.36,1.67,107.64,0.46,41.36,108.92,235.65,43.36,0.46,38.07,43.82,44.86,49.36,0.46,33.00,46.00,81.00,1.39,0.46,1.02,1.21,6.29,1.46,0.46,1.10,1.39,3.13,1.13,0.46,0.50,1.30,1.30,3.34,0.00,1.00,1.00,22.00
76007,48.14,1.75,29.65,1.75,22.20,1.75,4.03,1.75,1.29,1.75,0.28,1.36,1.70,101.26,1.75,38.10,108.92,235.65,42.84,1.75,37.68,43.82,44.86,47.71,1.75,32.00,46.00,81.00,1.46,1.75,1.02,1.38,6.93,1.44,1.75,1.10,1.39,3.13,1.10,1.75,0.50,1.30,1.30,5.39,0.00,1.00,1.00,29.00
76008,45.83,0.00,29.70,0.00,24.47,0.00,11.57,0.00,1.03,0.00,0.28,1.35,1.70,137.70,0.00,41.36,108.92,235.65,43.09,0.00,37.92,43.60,44.86,56.32,0.00,32.00,47.00,81.00,1.34,0.00,1.02,1.21,6.76,1.63,0.00,1.10,1.51,3.13,1.17,0.00,0.50,1.30,1.30,4.76,0.00,1.00,1.00,25.00
76011,40.77,0.00,29.23,0.00,30.00,0.00,33.06,0.00,0.28,0.00,0.28,0.28,0.28,235.65,0.00,235.65,235.65,235.65,43.60,0.00,43.60,43.60,43.60,81.00,0.00,81.00,81.00,81.00,1.15,0.00,1.15,1.15,1.15,3.13,0.00,3.13,3.13,3.13,1.30,0.00,1.30,1.30,1.30,5.25,0.00,1.00,1.00,19.00
76014,41.54,0.00,35.32,0.00,23.14,0.00,8.66,0.00,1.04,0.00,0.28,1.22,1.41,121.13,0.00,43.33,108.31,235.65,43.74,0.00,43.60,43.73,44.08,55.52,0.00,43.00,50.00,81.00,1.35,0.00,1.15,1.21,2.24,1.64,0.00,1.34,1.51,3.13,1.07,0.00,0.50,1.30,1.30,1.51,0.00,1.00,1.00,1.00
77002,62.12,0.00,20.74,0.00,17.13,0.00,3.97,0.00,1.40,0.00,0.28,1.53,1.74,88.37,0.00,33.89,88.01,235.65,41.05,0.00,37.89,40.10,44.36,43.21,0.00,32.00,39.00,81.00,2.03,0.00,1.15,3.54,6.80,1.53,0.00,1.27,1.52,3.13,1.05,0.00,0.50,1.30,1.30,1.12,0.00,1.00,1.00,1.00
77003,45.11,0.63,27.50,0.63,27.39,0.63,12.74,0.63,0.99,0.63,0.28,1.14,1.65,139.49,0.63,33.89,98.66,235.65,43.08,0.63,38.04,43.60,45.57,57.85,0.63,33.00,55.00,81.00,1.17,0.63,0.52,1.15,6.21,1.40,0.63,0.53,1.52,3.13,1.18,0.63,0.50,1.30,1.30,1.02,0.09,1.00,1.00,1.00
77004,47.03,0.00,30.88,0.00,22.08,0.00,0.60,0.00,1.42,0.00,1.36,1.37,1.51,95.20,0.00,79.09,95.48,110.37,43.00,0.00,40.10,43.83,44.36,43.92,0.00,40.00,45.00,47.00,1.54,0.00,1.17,1.34,3.42,1.38,0.00,1.27,1.34,1.64,1.29,0.00,1.30,1.30,1.30,4.14,0.00,1.00,1.00,24.00
78003,54.54,0.43,25.24,0.43,20.22,0.43,3.97,0.43,1.35,0.43,0.28,1.42,1.73,96.70,0.43,33.89,95.39,235.65,42.01,0.43,37.94,43.47,44.36,45.43,0.43,32.00,44.00,81.00,1.70,0.43,1.15,1.62,6.73,1.47,0.43,1.27,1.43,3.13,1.16,0.43,0.50,1.30,1.30,4.66,0.00,1.00,1.00,30.00
78004,47.31,1.31,27.80,1.31,24.89,1.31,8.00,1.31,1.17,1.31,0.28,1.37,1.65,117.88,1.31,33.89,95.48,235.65,42.86,1.31,38.04,43.60,45.57,51.70,1.31,33.00,45.00,81.00,1.29,1.31,0.52,1.34,6.21,1.37,1.31,0.53,1.43,3.13,1.18,1.31,0.50,1.30,1.30,3.11,0.00,1.00,1.00,23.00
78006,65.36,0.00,19.74,0.00,14.91,0.00,2.26,0.00,1.49,0.00,1.14,1.53,1.74,74.97,0.00,33.89,88.01,108.92,40.67,0.00,37.89,40.10,43.83,40.20,0.00,32.00,39.00,55.00,2.30,0.00,1.15,3.54,6.80,1.51,0.00,1.27,1.45,2.10,0.98,0.00,0.50,1.30,1.30,1.29,0.00,0.00,1.00,1.00
79002,50.30,1.55,25.46,1.55,24.24,1.55,9.38,1.55,1.14,1.55,0.28,1.38,1.65,119.72,1.55,33.89,95.48,235.65,42.46,1.55,38.04,43.60,45.57,52.48,1.55,33.00,45.00,81.00,1.33,1.55,0.52,1.38,6.21,1.40,1.55,0.53,1.52,3.13,1.15,1.42,0.50,1.30,1.30,1.50,0.40,1.00,1.00,2.00
79003,43.51,0.65,25.93,0.65,30.56,0.65,15.45,0.65,0.88,0.65,0.28,1.14,1.65,149.03,0.65,33.89,97.81,235.65,43.19,0.65,38.04,43.60,45.57,61.30,0.65,33.00,55.00,81.00,1.03,0.65,0.52,1.15,6.21,1.29,0.65,0.53,2.10,3.13,1.19,0.65,0.50,1.30,1.30,1.92,1.31,1.00,1.00,16.00
79004,46.86,4.81,26.26,4.81,26.88,4.81,9.90,4.81,1.10,4.81,0.28,1.38,1.74,125.16,4.81,33.89,97.81,235.65,42.85,4.81,37.89,43.60,45.75,54.13,4.81,32.00,45.00,81.00,1.16,4.81,0.52,1.38,6.80,1.23,4.81,0.53,1.43,3.13,1.20,4.11,0.50,1.30,1.30,0.98,0.00,1.00,1.00,1.00
79005,54.94,1.33,23.64,1.33,21.42,1.33,4.82,1.33,1.33,1.33,0.28,1.42,1.74,96.32,1.33,33.89,95.39,235.65,41.91,1.33,37.89,43.47,45.57,46.21,1.33,32.00,44.00,81.00,1.51,1.33,0.52,1.62,6.80,1.32,1.33,0.53,1.43,3.13,1.10,1.33,0.50,1.30,1.30,1.28,0.00,1.00,1.00,2.00
79006,51.53,0.75,24.03,0.75,24.45,0.75,10.89,0.75,1.09,0.75,0.28,1.38,1.65,123.56,0.75,33.89,95.48,235.65,42.28,0.75,38.04,43.60,45.57,53.86,0.75,33.00,45.00,81.00,1.33,0.75,0.52,1.38,6.21,1.43,0.75,0.53,2.10,3.13,1.12,0.75,0.50,1.30,1.30,1.32,0.68,1.00,1.00,2.00
80001,51.30,0.00,23.88,0.00,24.82,0.00,5.48,0.00,1.27,0.00,0.28,1.38,1.65,98.79,0.00,33.89,97.81,235.65,42.30,0.00,38.04,43.60,45.57,48.08,0.00,33.00,45.00,81.00,1.26,0.00,0.52,1.38,6.21,1.22,0.00,0.53,1.43,3.13,1.07,0.00,0.50,1.30,1.30,2.84,0.00,1.00,1.00,20.00
80002,49.51,4.58,22.28,4.58,28.21,4.58,13.53,4.58,0.98,4.58,0.28,1.14,1.65,134.67,4.58,33.89,97.81,235.65,42.43,4.58,38.04,43.60,45.57,57.83,4.58,33.00,55.00,81.00,1.14,4.58,0.52,1.15,6.21,1.30,4.58,0.53,2.10,3.43,1.11,4.34,0.50,1.30,1.30,1.38,0.00,1.00,1.00,2.00
80003,49.56,22.04,24.95,22.04,25.49,22.04,26.91,22.04,0.55,22.04,0.28,0.28,NaN,196.43,22.04,33.89,235.65,NaN,42.52,22.04,38.04,43.60,NaN,71.67,22.04,33.00,81.00,NaN,1.37,22.04,1.15,1.15,NaN,2.86,22.04,2.10,3.13,NaN,1.14,22.04,0.50,1.30,NaN,0.92,0.00,0.00,1.00,1.00
80004,57.83,0.00,20.92,0.00,21.25,0.00,21.13,0.00,0.80,0.00,NaN,0.28,1.65,159.56,0.00,NaN,235.65,235.65,41.50,0.00,NaN,43.60,43.60,62.90,0.00,NaN,81.00,81.00,1.66,0.00,NaN,1.15,6.21,2.64,0.00,NaN,3.13,3.13,1.00,0.00,NaN,1.30,1.30,1.01,0.00,1.00,1.00,1.00
80005,44.57,30.53,27.33,30.53,28.10,30.53,29.80,30.53,0.42,30.53,0.28,0.28,NaN,209.79,30.53,NaN,235.65,NaN,43.13,30.53,NaN,43.60,NaN,76.13,30.53,NaN,81.00,NaN,1.21,30.53,NaN,1.15,NaN,2.95,30.53,NaN,3.13,NaN,1.24,30.53,NaN,1.30,NaN,0.84,0.00,0.00,1.00,1.00
80006,50.60,20.65,24.80,20.65,24.60,20.65,24.03,20.65,0.65,20.65,0.28,0.28,NaN,178.05,20.65,33.89,235.65,NaN,42.41,20.65,38.04,43.60,NaN,68.04,20.65,33.00,81.00,NaN,1.41,20.65,1.15,1.15,NaN,2.72,20.65,1.91,3.13,NaN,1.06,20.65,NaN,1.30,NaN,0.93,0.00,0.00,1.00,1.00
8004,63.24,3.23,18.67,3.23,18.09,3.23,12.54,3.23,1.13,3.23,0.28,1.59,1.73,110.98,3.23,33.89,43.67,235.65,40.85,3.23,37.94,40.10,45.57,51.84,3.23,32.00,39.00,81.00,1.89,3.23,1.15,4.20,6.73,1.87,3.23,1.45,2.10,3.13,0.84,3.42,0.30,0.50,1.30,0.96,0.00,0.00,1.00,1.00
8005,59.74,1.98,20.17,1.98,20.09,1.98,10.94,1.98,1.16,1.98,0.28,1.43,1.73,102.65,1.98,33.89,49.67,235.65,41.27,1.98,38.01,42.80,45.57,51.00,1.98,33.00,42.00,81.00,1.68,1.98,0.52,1.84,6.73,1.75,1.98,0.53,2.10,3.13,0.81,1.90,0.30,0.50,1.30,1.63,0.00,0.00,1.00,2.00
8006,62.03,1.91,20.23,1.91,17.74,1.91,9.64,1.91,1.20,1.91,0.28,1.51,1.73,96.44,1.91,33.89,49.67,235.65,41.04,1.91,37.94,42.75,45.57,49.38,1.91,32.00,42.00,81.00,1.86,1.91,0.52,3.48,6.73,1.75,1.91,0.53,2.10,3.13,0.80,1.91,0.30,0.50,1.30,1.56,0.08,0.00,1.00,2.00
8009,62.07,2.92,21.65,2.92,16.28,2.92,7.20,2.92,1.27,2.92,0.28,1.43,1.66,83.96,2.92,33.89,49.67,235.65,41.08,2.92,38.02,42.75,45.57,47.21,2.92,33.00,42.00,81.00,1.97,2.92,0.52,2.31,6.23,1.77,2.92,0.53,2.10,3.13,0.74,2.92,0.30,0.50,1.30,1.62,0.00,1.00,1.00,2.00
8011,58.55,0.00,19.83,0.00,21.62,0.00,12.82,0.00,1.08,0.00,0.28,1.38,1.73,116.22,0.00,33.89,73.81,235.65,41.39,0.00,37.94,43.60,45.57,53.73,0.00,32.00,44.00,81.00,1.51,0.00,0.52,1.43,6.73,1.62,0.00,0.53,2.10,3.13,0.89,0.00,0.30,1.30,1.30,0.97,0.00,0.00,1.00,1.00
8013,59.19,0.81,21.04,0.81,19.76,0.81,10.73,0.81,1.17,0.81,0.28,1.43,1.65,98.30,0.81,33.89,43.42,235.65,41.36,0.81,38.04,42.80,45.57,50.60,0.81,33.00,42.00,81.00,1.72,0.81,0.52,1.84,6.21,1.87,0.81,0.53,2.10,3.13,0.72,0.81,0.30,0.50,1.30,1.06,0.00,0.00,1.00,1.00
81002,42.51,3.74,25.23,3.74,32.26,3.74,18.34,3.74,0.78,3.74,0.28,0.28,1.65,157.71,3.74,33.89,235.65,235.65,43.27,3.74,38.04,43.60,45.57,64.81,3.74,33.00,81.00,81.00,0.97,3.74,0.52,1.15,6.21,1.30,3.74,0.53,3.13,3.13,1.13,3.74,0.50,1.30,1.30,3.14,0.24,1.00,1.00,23.00
81003,48.68,0.00,22.91,0.00,28.41,0.00,16.48,0.00,0.87,0.00,0.28,1.14,1.65,152.65,0.00,33.89,97.81,235.65,42.54,0.00,38.04,43.60,45.57,61.39,0.00,33.00,55.00,81.00,1.16,0.00,0.52,1.15,6.21,1.42,0.00,0.53,2.10,3.13,1.18,0.00,0.50,1.30,1.30,2.58,0.00,1.00,1.00,18.00
81004,44.10,0.00,27.34,0.00,28.56,0.00,21.55,0.00,0.69,0.00,0.28,0.28,1.65,178.74,0.00,33.89,235.65,235.65,43.18,0.00,38.04,43.60,45.57,67.56,0.00,33.00,81.00,81.00,1.15,0.00,0.52,1.15,6.21,1.79,0.00,0.53,3.13,3.13,1.21,0.00,0.50,1.30,1.30,16.41,0.00,1.00,18.00,46.00
81006,44.16,2.97,25.28,2.97,30.56,2.97,18.74,2.97,0.78,2.97,0.28,0.28,1.65,156.58,2.97,33.89,235.65,235.65,43.10,2.97,38.04,43.60,45.57,64.55,2.97,33.00,81.00,81.00,1.04,2.97,0.52,1.15,6.21,1.45,2.97,0.53,3.13,3.13,1.10,2.97,0.30,1.30,1.30,1.18,0.00,1.00,1.00,1.00
81007,42.23,4.56,24.03,4.56,33.74,4.56,14.70,4.56,0.89,4.56,0.28,1.14,1.65,142.02,4.56,33.89,97.81,235.65,43.26,4.56,38.04,43.60,45.74,61.26,4.56,33.00,55.00,81.00,0.90,4.56,0.52,1.15,6.21,1.09,4.56,0.53,2.10,3.33,1.13,4.02,0.50,1.30,1.30,0.98,0.00,1.00,1.00,1.00
82001,51.83,0.98,23.29,0.98,24.88,0.98,9.16,0.98,1.14,0.98,0.28,1.37,1.65,117.32,0.98,33.89,95.48,235.65,42.22,0.98,38.04,43.60,45.57,52.41,0.98,33.00,45.00,81.00,1.34,0.98,0.52,1.34,6.21,1.39,0.98,0.53,1.64,3.13,1.15,0.98,0.50,1.30,1.30,1.86,0.00,1.00,1.00,2.00
82003,46.07,1.16,27.07,1.16,26.85,1.16,10.36,1.16,1.08,1.16,0.28,1.37,1.65,127.15,1.16,33.89,97.81,235.65,42.96,1.16,38.04,43.60,45.57,54.76,1.16,33.00,45.00,81.00,1.17,1.16,0.52,1.34,6.21,1.31,1.16,0.53,1.43,3.13,1.18,1.16,0.50,1.30,1.30,2.09,0.00,1.00,1.00,17.00
83003,46.48,1.12,23.42,1.12,30.09,1.12,17.68,1.12,0.82,1.12,0.28,0.28,1.65,152.49,1.12,33.89,235.65,235.65,42.79,1.12,38.04,43.60,45.57,62.93,1.12,33.00,81.00,81.00,1.04,1.12,0.52,1.15,6.21,1.35,1.12,0.53,3.13,3.13,1.11,0.58,0.50,1.30,1.30,2.06,0.80,1.00,1.00,17.00
83004,42.19,0.06,26.82,0.06,30.99,0.06,13.97,0.06,0.92,0.06,0.28,1.14,1.65,145.50,0.06,33.89,108.92,235.65,43.36,0.06,38.04,43.60,45.57,60.08,0.06,33.00,55.00,81.00,1.01,0.06,0.52,1.15,6.21,1.24,0.06,0.53,2.10,3.13,1.20,0.02,0.50,1.30,1.30,4.08,1.05,1.00,1.00,27.00
83006,43.27,0.35,27.85,0.35,28.87,0.35,12.03,0.35,1.00,0.35,0.28,1.14,1.65,138.65,0.35,33.89,108.92,235.65,43.29,0.35,38.04,43.82,45.57,57.42,0.35,33.00,55.00,81.00,1.10,0.35,0.52,1.15,6.21,1.32,0.35,0.53,1.34,3.13,1.20,0.17,0.50,1.30,1.30,4.56,0.60,1.00,1.00,27.00
83007,45.35,0.00,31.19,0.00,23.46,0.00,3.02,0.00,1.32,0.00,0.28,1.37,1.51,108.46,0.00,79.09,95.48,235.65,43.19,0.00,40.10,43.82,44.36,47.01,0.00,40.00,45.00,81.00,1.48,0.00,1.15,1.34,3.42,1.44,0.00,1.27,1.34,3.13,1.30,0.00,1.30,1.30,1.30,14.47,0.00,1.00,17.00,40.00
83009,45.51,0.00,30.81,0.00,23.67,0.00,4.05,0.00,1.28,0.00,0.28,1.38,1.51,111.16,0.00,79.09,95.48,235.65,43.16,0.00,40.10,43.82,43.83,47.91,0.00,40.00,45.00,81.00,1.46,0.00,1.15,1.38,3.42,1.46,0.00,1.34,1.34,3.13,1.28,0.00,1.30,1.30,1.30,5.08,4.08,1.00,1.00,38.00
83010,45.47,0.00,25.49,0.00,29.04,0.00,15.82,0.00,0.88,0.00,0.28,1.14,1.65,150.26,0.00,33.89,108.92,235.65,42.97,0.00,38.04,43.60,45.57,61.08,0.00,33.00,55.00,81.00,1.10,0.00,0.52,1.15,6.21,1.40,0.00,0.53,2.10,3.13,1.16,0.00,0.50,1.30,1.30,2.66,2.64,1.00,1.00,27.00
83013,42.31,0.00,29.53,0.00,28.16,0.00,9.12,0.00,1.09,0.00,0.28,1.37,1.65,130.06,0.00,33.89,108.92,235.65,43.45,0.00,38.04,43.82,45.57,54.40,0.00,33.00,45.00,81.00,1.14,0.00,0.52,1.34,6.21,1.30,0.00,0.53,1.34,3.13,1.23,0.00,0.50,1.30,1.30,5.36,2.47,1.00,1.00,35.00
84001,43.48,0.00,34.05,0.00,22.46,0.00,4.17,0.00,1.24,0.00,0.28,1.38,1.39,105.39,0.00,43.42,102.07,235.65,43.49,0.00,42.75,43.74,43.83,49.08,0.00,43.00,45.00,81.00,1.40,0.00,1.15,1.38,2.31,1.42,0.00,1.34,1.36,3.13,1.13,0.00,0.50,1.30,1.30,8.33,12.13,1.00,1.00,NaN
84004,59.93,0.40,21.61,0.40,18.45,0.40,6.51,0.40,1.31,0.40,0.28,1.42,1.73,98.63,0.40,33.89,95.39,235.65,41.31,0.40,37.94,43.47,45.57,46.45,0.40,32.00,44.00,81.00,1.84,0.40,0.52,1.62,6.73,1.56,0.40,0.53,1.52,3.13,1.04,0.40,0.50,1.30,1.30,2.82,0.39,1.00,1.00,20.00
84005,49.54,0.29,25.99,0.29,24.47,0.29,9.10,0.29,1.14,0.29,0.28,1.38,1.73,120.67,0.29,33.89,97.81,235.65,42.56,0.29,37.94,43.60,45.57,52.33,0.29,32.00,45.00,81.00,1.33,0.29,0.52,1.38,6.73,1.39,0.29,0.53,1.43,3.13,1.15,0.29,0.50,1.30,1.30,3.61,4.60,1.00,1.00,49.00
84008,38.27,0.00,31.91,0.00,29.82,0.00,6.43,0.00,1.15,0.00,0.28,1.37,1.38,121.64,0.00,95.48,97.81,235.65,43.96,0.00,43.60,43.83,45.57,52.57,0.00,45.00,45.00,81.00,1.07,0.00,0.52,1.34,1.38,1.18,0.00,0.53,1.34,3.13,1.29,0.00,1.30,1.30,1.30,10.77,14.88,1.00,2.00,NaN
84009,39.44,0.00,27.78,0.00,32.78,0.00,17.60,0.00,0.78,0.00,0.28,0.28,1.65,163.88,0.00,33.89,235.65,235.65,43.69,0.00,38.04,43.60,45.57,64.88,0.00,33.00,81.00,81.00,0.96,0.00,0.52,1.15,6.21,1.29,0.00,0.53,3.13,3.13,1.25,0.00,0.50,1.30,1.30,2.39,2.43,1.00,1.00,20.00
84012,41.95,0.00,32.40,0.00,25.65,0.00,5.61,0.00,1.22,0.00,0.28,1.38,1.42,117.62,0.00,95.39,95.48,235.65,43.59,0.00,43.47,43.82,45.57,50.39,0.00,44.00,45.00,81.00,1.26,0.00,0.52,1.38,1.62,1.33,0.00,0.53,1.34,3.13,1.27,0.00,1.30,1.30,1.30,3.43,31.76,1.00,1.00,NaN
84013,48.20,0.37,26.60,0.37,25.20,0.37,8.85,0.37,1.14,0.37,0.28,1.37,1.73,121.09,0.37,33.89,97.81,235.65,42.72,0.37,37.94,43.60,45.57,52.45,0.37,32.00,45.00,81.00,1.28,0.37,0.52,1.34,6.73,1.35,0.37,0.53,1.43,3.13,1.17,0.37,0.50,1.30,1.30,4.12,7.16,1.00,1.00,NaN
84014,41.82,0.00,27.60,0.00,30.58,0.00,14.50,0.00,0.90,0.00,0.28,1.14,1.65,148.03,0.00,33.89,108.92,235.65,43.43,0.00,38.04,43.60,45.57,60.60,0.00,33.00,55.00,81.00,1.03,0.00,0.52,1.15,6.21,1.31,0.00,0.53,2.10,3.13,1.20,0.00,0.50,1.30,1.30,4.40,2.17,1.00,1.00,28.00
84016,36.85,0.00,32.01,0.00,31.14,0.00,7.52,0.00,1.11,0.00,0.28,1.37,1.38,129.84,0.00,95.48,108.92,235.65,44.11,0.00,43.60,43.82,45.57,54.32,0.00,45.00,45.00,81.00,1.01,0.00,0.52,1.34,1.38,1.14,0.00,0.53,1.34,3.13,1.30,0.00,1.30,1.30,1.30,5.37,9.62,1.00,1.00,NaN
84017,48.25,0.00,28.33,0.00,23.41,0.00,4.45,0.00,1.28,0.00,0.28,1.38,1.51,110.64,0.00,79.09,95.48,235.65,42.78,0.00,40.10,43.60,45.09,48.17,0.00,40.00,45.00,81.00,1.48,0.00,0.52,1.38,3.42,1.41,0.00,0.53,1.43,3.13,1.29,0.00,1.30,1.30,1.30,1.96,1.76,1.00,1.00,17.00
84018,57.50,0.53,23.03,0.53,19.46,0.53,6.60,0.53,1.29,0.53,0.28,1.42,1.73,102.14,0.53,33.89,95.39,235.65,41.61,0.53,37.94,43.47,45.57,47.21,0.53,32.00,44.00,81.00,1.72,0.53,0.52,1.62,6.73,1.52,0.53,0.53,1.45,3.13,1.07,0.53,0.50,1.30,1.30,2.85,0.41,1.00,1.00,20.00
84019,35.72,1.55,31.53,1.55,32.74,1.55,6.56,1.55,1.13,1.55,0.28,1.37,1.38,124.57,1.55,95.48,108.92,235.65,44.22,1.55,43.60,43.83,45.57,53.74,1.55,45.00,45.00,81.00,0.94,1.55,0.52,1.34,1.38,1.04,1.55,0.53,1.34,3.13,1.30,1.55,1.30,1.30,1.30,9.60,29.06,1.00,18.00,NaN
84020,48.80,0.00,32.44,0.00,18.77,0.00,9.16,0.00,1.09,0.00,0.28,1.19,1.65,108.55,0.00,33.89,84.05,235.65,42.88,0.00,38.04,43.64,43.83,53.33,0.00,33.00,45.00,81.00,1.61,0.00,1.15,1.39,6.21,1.78,0.00,1.34,1.93,3.13,0.90,0.00,0.30,1.30,1.30,0.98,0.00,1.00,1.00,1.00
84022,53.33,0.00,24.59,0.00,22.08,0.00,11.50,0.00,1.09,0.00,0.28,1.38,1.65,127.77,0.00,33.89,97.81,235.65,42.11,0.00,38.04,43.60,45.57,53.79,0.00,33.00,45.00,81.00,1.51,0.00,0.52,1.38,6.21,1.65,0.00,0.53,2.10,3.13,1.13,0.00,0.50,1.30,1.30,1.26,0.00,1.00,1.00,2.00
84026,55.82,0.00,28.35,0.00,15.83,0.00,10.17,0.00,1.08,0.00,0.28,1.17,1.65,100.83,0.00,33.89,55.12,235.65,41.99,0.00,38.04,43.19,43.82,53.25,0.00,33.00,50.00,81.00,1.82,0.00,0.88,2.31,6.21,1.89,0.00,0.92,2.10,3.13,0.80,0.00,0.50,0.50,1.30,1.13,9.71,1.00,1.00,NaN
84030,42.04,0.00,30.35,0.00,27.60,0.00,9.78,0.00,1.07,0.00,0.28,1.37,1.65,133.42,0.00,33.89,108.92,235.65,43.51,0.00,38.04,43.82,45.57,55.10,0.00,33.00,45.00,81.00,1.17,0.00,0.52,1.34,6.21,1.36,0.00,0.53,1.34,3.13,1.25,0.00,0.50,1.30,1.30,4.04,10.47,1.00,1.00,NaN
85001,46.52,10.50,29.18,10.50,24.30,10.50,11.51,10.50,1.02,10.50,0.28,1.38,NaN,127.44,10.50,33.89,102.07,NaN,42.99,10.50,38.04,43.64,NaN,56.34,10.50,33.00,52.00,NaN,1.29,10.50,0.52,1.39,NaN,1.49,10.50,0.53,2.10,NaN,1.07,10.12,0.30,1.30,NaN,3.18,0.40,0.00,1.00,21.00
85002,48.36,0.26,32.15,0.26,19.49,0.26,6.11,0.26,1.19,0.26,0.28,1.38,1.65,103.64,0.26,33.89,102.07,235.65,42.91,0.26,38.04,43.64,43.87,50.40,0.26,33.00,45.00,81.00,1.55,0.26,1.15,1.39,6.21,1.52,0.26,1.34,1.51,3.13,1.04,0.26,0.50,1.30,1.30,1.97,0.00,1.00,1.00,2.00
85003,45.80,0.39,25.79,0.39,28.41,0.39,17.75,0.39,0.83,0.39,0.28,0.28,1.65,150.14,0.39,33.89,235.65,235.65,42.94,0.39,38.02,43.60,45.57,62.72,0.39,33.00,81.00,81.00,1.14,0.39,0.52,1.15,6.21,1.54,0.39,0.53,3.13,3.13,1.01,0.39,0.30,1.30,1.30,0.91,0.00,0.00,1.00,1.00
85004,39.59,0.00,27.68,0.00,32.72,0.00,23.78,0.00,0.58,0.00,0.28,0.28,1.65,188.14,0.00,33.89,235.65,235.65,43.67,0.00,38.04,43.60,45.57,71.45,0.00,33.00,81.00,81.00,0.98,0.00,0.52,1.15,6.21,1.58,0.00,0.53,3.13,3.13,1.20,0.00,0.30,1.30,1.30,0.93,0.00,0.00,1.00,2.00
88001,39.40,2.85,26.51,2.85,34.09,2.85,14.49,2.85,0.88,2.85,0.28,1.14,1.65,148.37,2.85,33.89,108.92,235.65,43.64,2.85,38.04,43.60,45.57,61.72,2.85,33.00,55.00,81.00,0.90,2.85,0.52,1.15,6.21,1.10,2.85,0.53,2.10,3.13,1.21,2.85,0.50,1.30,1.30,1.07,0.00,1.00,1.00,1.00
89002,39.94,3.91,27.95,3.91,32.11,3.91,16.31,3.91,0.84,3.91,0.28,1.14,1.65,146.28,3.91,49.67,97.81,235.65,43.64,3.91,42.80,43.60,45.57,62.72,3.91,42.00,55.00,81.00,0.99,3.91,0.52,1.15,6.18,1.27,3.91,0.53,2.10,3.13,1.01,3.91,0.30,1.30,1.30,0.96,0.00,0.00,1.00,2.00
89003,42.96,3.01,26.20,3.01,30.84,3.01,18.06,3.01,0.80,3.01,0.28,0.28,1.65,154.63,3.01,33.89,235.65,235.65,43.26,3.01,38.04,43.60,45.57,64.03,3.01,33.00,81.00,81.00,1.03,3.01,0.52,1.15,6.21,1.38,3.01,0.53,3.13,3.13,1.06,3.01,0.30,1.30,1.30,0.98,0.00,0.00,1.00,2.00
89005,47.80,4.00,26.25,4.00,25.95,4.00,18.33,4.00,0.84,4.00,0.28,0.28,1.65,147.23,4.00,37.70,235.65,235.65,42.75,4.00,38.02,43.60,45.88,62.31,4.00,34.00,81.00,81.00,1.28,4.00,0.52,1.15,6.21,1.86,4.00,0.53,3.13,3.63,0.93,4.00,0.30,1.30,1.30,0.83,0.00,0.00,1.00,2.00
89007,55.22,3.91,18.70,3.91,26.08,3.91,10.62,3.91,1.12,3.91,0.28,1.14,1.65,105.92,3.91,33.89,97.81,235.65,41.69,3.91,38.04,43.60,45.57,52.62,3.91,33.00,55.00,81.00,1.18,3.91,0.52,1.15,6.21,1.24,3.91,0.53,2.10,3.35,0.94,3.91,0.50,1.30,1.30,1.03,0.00,1.00,1.00,1.00
90003,43.18,6.95,27.35,6.95,29.46,6.95,16.16,6.95,0.87,6.95,0.28,1.14,NaN,142.10,6.95,37.70,97.81,NaN,43.28,6.95,39.80,43.60,NaN,61.53,6.95,37.00,55.00,NaN,1.09,6.95,0.52,1.15,NaN,1.42,6.95,0.53,2.10,NaN,0.96,5.50,0.30,1.30,NaN,0.65,0.78,0.00,1.00,1.00
9002,51.70,0.00,32.51,0.00,15.79,0.00,4.06,0.00,1.26,0.00,0.28,1.36,1.73,85.24,0.00,33.89,60.86,235.65,42.57,0.00,37.94,43.60,44.36,48.08,0.00,32.00,47.00,81.00,1.81,0.00,1.15,2.24,6.73,1.60,0.00,1.27,1.51,3.13,0.87,0.00,0.50,0.50,1.30,1.58,0.28,1.00,1.00,2.00
9003,48.20,0.00,31.42,0.00,20.38,0.00,5.44,0.00,1.19,0.00,0.28,1.36,1.65,96.95,0.00,33.89,97.81,235.65,42.90,0.00,38.04,43.60,45.57,50.55,0.00,33.00,47.00,81.00,1.46,0.00,0.52,1.38,6.21,1.46,0.00,0.53,1.51,3.13,0.95,0.00,0.50,1.30,1.30,1.51,0.83,1.00,1.00,2.00
9004,59.01,0.00,30.07,0.00,10.92,0.00,2.19,0.00,1.36,0.00,1.10,1.38,1.73,64.19,0.00,33.89,55.12,108.92,41.72,0.00,37.94,42.75,43.82,44.03,0.00,32.00,45.00,52.00,2.38,0.00,1.38,2.31,6.73,1.64,0.00,1.34,1.51,2.28,0.73,0.00,0.50,0.50,1.30,1.23,0.00,1.00,1.00,1.00
9005,55.96,0.00,28.80,0.00,15.24,0.00,12.05,0.00,1.03,0.00,0.28,1.17,1.73,111.63,0.00,33.89,60.86,235.65,41.99,0.00,37.94,43.60,43.82,55.03,0.00,32.00,50.00,81.00,1.87,0.00,1.15,2.24,6.73,1.95,0.00,1.34,2.10,3.13,0.81,0.00,0.50,0.50,1.30,1.15,0.00,1.00,1.00,1.00
92001,41.74,14.27,25.51,14.27,32.76,14.27,15.35,14.27,0.87,14.27,0.28,1.14,NaN,141.41,14.27,33.89,235.65,NaN,43.36,14.27,38.04,43.60,NaN,61.64,14.27,33.00,81.00,NaN,0.94,14.27,0.52,1.15,NaN,1.18,14.27,0.53,3.13,NaN,1.06,12.95,0.30,1.30,NaN,1.10,0.00,0.00,1.00,2.00
93001,44.34,4.86,26.59,4.86,29.07,4.86,14.10,4.86,0.95,4.86,0.28,1.14,1.66,129.32,4.86,37.70,97.81,235.65,43.13,4.86,38.02,43.60,46.11,58.91,4.86,34.00,55.00,81.00,1.10,4.86,0.52,1.15,6.24,1.37,4.86,0.53,2.10,3.69,0.92,4.59,0.30,1.30,1.30,0.93,0.00,0.00,1.00,1.00
94001,48.04,15.81,24.98,15.81,26.97,15.81,12.02,15.81,1.04,15.81,0.28,1.43,NaN,115.61,15.81,33.89,97.81,NaN,42.68,15.81,38.04,43.60,NaN,55.54,15.81,33.00,55.00,NaN,1.19,15.81,0.52,1.84,NaN,1.39,15.81,0.53,2.10,NaN,0.86,14.42,0.30,1.30,NaN,1.42,0.00,0.00,1.00,1.00
95001,47.85,12.73,24.32,12.73,27.84,12.73,12.58,12.73,1.02,12.73,0.28,1.38,NaN,120.56,12.73,33.89,97.81,NaN,42.68,12.73,38.04,43.60,NaN,56.39,12.73,33.00,55.00,NaN,1.14,12.73,0.52,1.43,NaN,1.33,12.73,0.53,2.10,NaN,0.91,11.88,0.30,1.30,NaN,1.03,0.00,0.00,1.00,1.00
96001,40.98,0.56,26.99,0.56,32.02,0.56,25.53,0.56,0.53,0.56,0.28,0.28,1.65,197.53,0.56,33.89,235.65,235.65,43.50,0.56,38.04,43.60,45.57,73.05,0.56,33.00,81.00,81.00,1.01,0.56,0.52,1.15,6.21,1.70,0.56,0.53,3.13,3.13,1.24,0.56,0.50,1.30,1.30,5.56,0.00,1.00,1.00,25.00
96002,42.42,5.02,24.09,5.02,33.49,5.02,12.62,5.02,0.96,5.02,0.28,1.14,NaN,128.60,5.02,33.89,97.81,NaN,43.24,5.02,38.04,43.60,NaN,58.74,5.02,33.00,55.00,NaN,0.90,5.02,0.52,1.15,NaN,1.04,5.02,0.53,2.10,NaN,1.06,4.46,0.30,1.30,1.30,1.77,0.00,1.00,1.00,2.00
96004,48.09,3.05,23.40,3.05,28.51,3.05,17.41,3.05,0.85,3.05,0.28,1.14,1.65,147.37,3.05,33.89,235.65,235.65,42.62,3.05,38.04,43.60,45.57,61.97,3.05,33.00,81.00,81.00,1.12,3.05,0.52,1.15,6.21,1.48,3.05,0.53,3.13,3.13,1.05,3.05,0.30,1.30,1.30,0.89,0.00,0.00,1.00,1.00
97002,38.95,0.86,29.46,0.86,31.59,0.86,24.48,0.86,0.55,0.86,0.28,0.28,1.36,198.94,0.86,97.81,235.65,235.65,43.80,0.86,43.60,43.60,45.57,72.40,0.86,47.00,81.00,81.00,1.03,0.86,0.52,1.15,1.17,1.79,0.86,0.53,3.13,3.13,1.29,0.86,1.30,1.30,1.30,13.28,0.00,1.00,2.00,46.00
